uf,municipio,codigo_tse,eleitores_2026,bolsonaro_1t,bolsonaro_2t,lula_1t,lula_2t,ciro_tebet_1t,ganho_bolsonaro,ganho_lula,ganho_liquido_direita,bolsonaro_2t_pct
SP,SÃO PAULO,71072,9135666,2618593,3191484,3276512,3677921,856721,572891,401409,171482,46.459
RJ,RIO DE JANEIRO,60011,4950545,1695777,1929209,1568485,1734159,294281,233432,165674,67758,52.662
MG,BELO HORIZONTE,41238,1961426,699105,834548,638002,703755,137201,135443,65753,69690,54.251
DF,BRASÍLIA,97012,2253236,910397,1041331,649534,729295,179685,130934,79761,51173,58.811
PR,CURITIBA,75353,1411068,612309,720322,348166,391675,123342,108013,43509,64504,64.777
CE,FORTALEZA,13897,1790488,530162,633009,802009,880559,161075,102847,78550,24297,41.822
BA,SALVADOR,38490,1951766,367452,451131,1022728,1089899,115207,83679,67171,16508,29.275
AM,MANAUS,2550,1472357,622846,692580,430562,437691,92476,69734,7129,62605,61.276
GO,GOIÂNIA,93734,1016176,445715,513018,262845,289172,74323,67303,26327,40976,63.952
SP,GUARULHOS,64777,948440,331178,391234,311756,337689,74334,60056,25933,34123,53.673
RS,PORTO ALEGRE,88013,1061504,323857,380499,412553,437798,77986,56642,25245,31397,46.499
PA,BELÉM,4278,1047380,370564,427051,392207,431858,84617,56487,39651,16836,49.72
SP,CAMPINAS,62910,870690,320684,368251,259973,286779,61944,47567,26806,20761,56.219
PE,RECIFE,25313,1228646,390904,433317,538562,558690,58409,42413,20128,22285,43.681
SP,SÃO BERNARDO DO CAMPO,70750,626754,185834,224929,240348,262223,54429,39095,21875,17220,46.172
SP,SANTO ANDRÉ,70572,573176,188805,225767,185501,207330,52480,36962,21829,15133,52.129
SP,OSASCO,67890,583521,181873,218756,201683,222285,49659,36883,20602,16281,49.6
MS,CAMPO GRANDE,90514,640453,278642,313906,176576,187109,48051,35264,10533,24731,62.654
SP,SÃO JOSÉ DOS CAMPOS,70998,539167,233683,267615,143732,159996,42644,33932,16264,17668,62.584
AL,MACEIÓ,27855,644063,240053,273549,195714,204887,41389,33496,9173,24323,57.176
MG,CONTAGEM,43710,463259,171682,202910,151516,162786,30463,31228,11270,19958,55.486
RJ,DUQUE DE CAXIAS,58335,635094,267993,299197,202089,213922,28720,31204,11833,19371,58.309
MG,UBERLÂNDIA,54038,538225,184744,215660,178074,190299,29651,30916,12225,18691,53.124
RN,NATAL,17612,570537,188942,219306,225529,246881,31824,30364,21352,9012,47.042
RJ,SÃO GONÇALO,58971,653501,246578,276870,208703,222694,31930,30292,13991,16301,55.422
PR,LONDRINA,76678,393996,196164,225349,74610,83923,29203,29185,9313,19872,72.864
SC,JOINVILLE,81795,441746,239105,268079,74282,81886,21509,28974,7604,21370,76.602
SP,SOROCABA,71455,529990,213183,242074,141106,154335,35445,28891,13229,15662,61.067
MA,SÃO LUÍS,9210,756289,210140,238285,345123,363131,49303,28145,18008,10137,39.621
RJ,NOVA IGUAÇU,58696,615394,263912,291907,164947,171677,27026,27995,6730,21265,62.967
SP,RIBEIRÃO PRETO,69698,471134,180226,206363,125555,139784,31433,26137,14229,11908,59.617
RS,CAXIAS DO SUL,85995,342378,155130,180592,85696,91262,24139,25462,5566,19896,66.43
PB,JOÃO PESSOA,20516,585308,203971,228326,217243,229251,33413,24355,12008,12347,49.899
SC,FLORIANÓPOLIS,81051,420439,146358,169495,135981,148344,29838,23137,12363,10774,53.327
PI,TERESINA,12190,592211,138320,160558,301309,317918,37996,22238,16609,5629,33.556
MT,CUIABÁ,90670,456034,192100,213787,127067,133852,23995,21687,6785,14902,61.497
SP,MOGI DAS CRUZES,67130,333820,117687,139298,95769,105855,28838,21611,10086,11525,56.821
SP,JUNDIAÍ,66192,337028,138594,160078,80401,91357,28535,21484,10956,10528,63.666
PR,PONTA GROSSA,77771,258088,109833,130481,63835,69975,20586,20648,6140,14508,65.092
GO,APARECIDA DE GOIÂNIA,92274,341039,128323,148793,100800,108022,20675,20470,7222,13248,57.938
PR,MARINGÁ,76910,301838,136721,157051,67534,74885,21391,20330,7351,12979,67.713
SC,BLUMENAU,80470,268260,139214,159256,47482,52292,16123,20042,4810,15232,75.281
SP,SÃO JOSÉ DO RIO PRETO,70971,343640,156389,176282,75320,83408,21584,19893,8088,11805,67.882
SP,SANTOS,70718,348128,126156,145874,99198,113693,32066,19718,14495,5223,56.199
MG,JUIZ DE FORA,47333,394932,121945,141651,167048,180954,23794,19706,13906,5800,43.908
RJ,NITERÓI,58653,411412,135810,155186,147370,162882,29111,19376,15512,3864,48.79
RJ,SÃO JOÃO DE MERITI,59013,340565,149764,168876,107385,112389,15750,19112,5004,14108,60.042
SP,MAUÁ,66893,310372,92196,111172,116755,126418,24238,18976,9663,9313,46.792
GO,ANÁPOLIS,92215,287893,134635,153507,59548,63960,16613,18872,4412,14460,70.589
SP,DIADEMA,63770,330977,84519,102841,144525,154387,23511,18322,9862,8460,39.98
SP,CARAPICUÍBA,63134,290539,85103,103403,110774,118877,22166,18300,8103,10197,46.519
MG,BETIM,41335,301232,105877,123818,106684,112360,17304,17941,5676,12265,52.426
SE,ARACAJU,31054,421507,124846,142489,176981,190875,31398,17643,13894,3749,42.743
PA,ANANINDEUA,4154,358350,121572,138978,126428,137406,27710,17406,10978,6428,50.284
RJ,BELFORD ROXO,58041,346353,137708,155071,97771,102528,13085,17363,4757,12606,60.199
BA,FEIRA DE SANTANA,35157,434575,107271,124354,211813,221406,20729,17083,9593,7490,35.965
MG,MONTES CLAROS,48658,283466,99858,116755,103694,111080,16315,16897,7386,9511,51.245
SP,BARUERI,62138,297548,93212,109971,94634,102713,22862,16759,8079,8680,51.706
SP,PIRACICABA,68756,310335,138959,155716,66884,73612,18317,16757,6728,10029,67.901
RO,PORTO VELHO,35,368740,152878,169299,92037,92636,20162,16421,599,15822,64.634
PR,SÃO JOSÉ DOS PINHAIS,78859,227220,95327,111043,52815,56655,14061,15716,3840,11876,66.216
SP,BAURU,62197,277515,110151,125569,72701,80145,18747,15418,7444,7974,61.041
RS,CANOAS,85898,252879,92790,108143,85130,88851,16953,15353,3721,11632,54.897
PR,CASCAVEL,74934,239326,110246,125392,58872,62049,12794,15146,3177,11969,66.897
SP,FRANCA,64254,241715,104625,119713,62126,67686,15820,15088,5560,9528,63.881
ES,VILA VELHA,57037,347208,147059,161933,97141,103870,20504,14874,6729,8145,60.922
PE,JABOATÃO DOS GUARARAPES,24570,498190,147345,161952,199245,204012,17796,14607,4767,9840,44.254
SP,TAUBATÉ,71838,239477,102993,117578,53433,59916,16890,14585,6483,8102,66.243
MG,UBERABA,54011,236439,84023,98568,78984,83899,13025,14545,4915,9630,54.02
ES,SERRA,56995,361299,125603,140048,119399,123629,18279,14445,4230,10215,53.113
SP,ITAQUAQUECETUBA,65633,258016,72868,87164,93775,99364,16192,14296,5589,8707,46.73
MG,RIBEIRÃO DAS NEVES,50911,218508,70704,84526,81560,86681,10974,13822,5121,8701,49.371
RS,PELOTAS,87912,243873,70445,83962,100306,107854,20270,13517,7548,5969,43.772
RJ,PETRÓPOLIS,58777,239484,97310,110803,59874,67181,16314,13493,7307,6186,62.254
SP,SUZANO,71510,235461,77397,90882,73864,79961,17446,13485,6097,7388,53.196
MG,SETE LAGOAS,53430,167287,65641,78922,51445,56124,11792,13281,4679,8602,58.441
PB,CAMPINA GRANDE,19810,304226,102633,115859,118874,124668,18023,13226,5794,7432,48.169
SP,TABOÃO DA SERRA,71579,211998,57614,70456,90000,99036,18371,12842,9036,3806,41.569
ES,VITÓRIA,57053,266238,102641,115293,89301,95478,18022,12652,6177,6475,54.701
RJ,CAMPOS DOS GOYTACAZES,58190,370249,159381,171999,93871,100427,18637,12618,6556,6062,63.136
SP,LIMEIRA,66397,219193,116868,129373,42807,46753,11910,12505,3946,8559,73.455
RS,GRAVATAÍ,86835,192110,75004,87219,55463,57730,12546,12215,2267,9948,60.172
SC,SÃO JOSÉ,83275,194702,81511,93707,50433,54634,12106,12196,4201,7995,63.17
SP,SÃO VICENTE,71218,255921,90072,102155,81780,86702,16701,12083,4922,7161,54.091
SP,EMBU DAS ARTES,64017,206368,53933,66009,83277,88298,14759,12076,5021,7055,42.778
ES,CARIACICA,56251,274227,104677,116698,88152,90253,13608,12021,2101,9920,56.389
SP,PRAIA GRANDE,69213,264222,93188,105028,69296,75180,16221,11840,5884,5956,58.282
SP,INDAIATUBA,65110,191807,80147,91937,45933,51345,14377,11790,5412,6378,64.165
SP,GUARUJÁ,64750,238508,87911,99610,72573,76431,15493,11699,3858,7841,56.583
AC,RIO BRANCO,1392,270429,130393,142090,53560,53873,17400,11697,313,11384,72.509
CE,CAUCAIA,13730,249363,63209,74827,114030,121053,15753,11618,7023,4595,38.2
SP,COTIA,63614,193991,57580,69121,65283,71547,16383,11541,6264,5277,49.138
AP,MACAPÁ,6050,321670,113733,125261,101129,102810,28952,11528,1681,9847,54.922
SP,JACAREÍ,65897,171299,71611,83006,44402,49573,13842,11395,5171,6224,62.609
PR,COLOMBO,75132,161867,64155,75459,45132,47913,10213,11304,2781,8523,61.164
RS,SANTA MARIA,88412,206356,72215,83340,72821,76044,13040,11125,3223,7902,52.289
RS,NOVO HAMBURGO,87718,174041,84976,95799,42801,44134,9716,10823,1333,9490,68.461
MG,SANTA LUZIA,51551,164463,57627,68438,59518,63793,10039,10811,4275,6536,51.756
MG,DIVINÓPOLIS,44458,171366,65668,76341,56562,60868,9670,10673,4306,6367,55.638
SP,SÃO CAETANO DO SUL,70777,147740,57617,68152,38172,45297,16098,10535,7125,3410,60.073
MG,GOVERNADOR VALADARES,45535,193356,84540,94975,53339,56237,7223,10435,2898,7537,62.809
SP,AMERICANA,61310,180965,82517,92771,40614,45165,12237,10254,4551,5703,67.257
BA,VITÓRIA DA CONQUISTA,39659,264101,73828,84019,111892,117516,13903,10191,5624,4567,41.69
SP,SUMARÉ,71498,199749,75666,85776,60453,63899,10421,10110,3446,6664,57.308
SP,SÃO CARLOS,70793,195907,63581,73647,60894,68042,14482,10066,7148,2918,51.978
RJ,VOLTA REDONDA,59250,221991,81346,91375,76843,81419,12364,10029,4576,5453,52.881
SP,MARÍLIA,66818,172571,83212,93172,37724,41031,9964,9960,3307,6653,69.426
PA,SANTARÉM,5355,253167,92736,102608,78380,82030,15010,9872,3650,6222,55.573
SC,CRICIÚMA,80896,153673,75743,85502,31462,33200,7941,9759,1738,8021,72.031
SC,ITAJAÍ,81612,182136,87882,97531,33917,36138,8382,9649,2221,7428,72.965
MG,IPATINGA,46256,176500,79427,89030,45297,47691,7390,9603,2394,7209,65.118
PE,OLINDA,24910,301760,91876,101401,140857,144847,12578,9525,3990,5535,41.178
SC,PALHOÇA,82333,153845,63393,72870,35455,38048,8433,9477,2593,6884,65.697
SP,ARARAQUARA,61638,169892,55772,65076,59994,66381,12253,9304,6387,2917,49.504
SP,RIO CLARO,69795,151028,69596,78720,33920,37670,9989,9124,3750,5374,67.635
SP,ITAPEVI,65510,168564,44409,53526,65327,68686,11332,9117,3359,5758,43.798
PR,FOZ DO IGUAÇU,75639,206966,95147,104235,50745,53259,8837,9088,2514,6574,66.183
SC,CHAPECÓ,80810,163655,72582,81666,46992,48271,6758,9084,1279,7805,62.85
RS,SÃO LEOPOLDO,88773,162669,61965,71028,54968,55941,8846,9063,973,8090,55.941
SC,LAGES,81833,125050,56928,65883,30942,32531,7334,8955,1589,7366,66.945
SP,PRESIDENTE PRUDENTE,69299,165357,80615,89544,38227,42130,9526,8929,3903,5026,68.004
SP,SANTA BÁRBARA D OESTE,70173,0,64676,73567,34471,37322,9307,8891,2851,6040,66.343
GO,RIO VERDE,95710,152767,60502,69385,41013,42715,6157,8883,1702,7181,61.896
RN,MOSSORÓ,17590,187535,46378,55207,88081,95281,9154,8829,7200,1629,36.685
RS,PASSO FUNDO,87858,149378,58099,66922,49826,51070,8517,8823,1244,7579,56.717
MT,VÁRZEA GRANDE,91677,194796,75663,84427,57411,59268,7955,8764,1857,6907,58.754
RR,BOA VISTA,3018,241187,136176,144799,36022,37412,14366,8623,1390,7233,79.468
MG,PATOS DE MINAS,49590,116413,47758,56293,28983,30612,6315,8535,1629,6906,64.775
MA,IMPERATRIZ,8036,194926,70830,79356,62170,65476,9699,8526,3306,5220,54.792
SP,HORTOLÂNDIA,61727,164245,60988,69513,54556,57692,8902,8525,3136,5389,54.646
PR,GUARAPUAVA,75833,133678,48657,57176,47123,48299,6636,8519,1176,7343,54.208
MS,DOURADOS,90735,166157,72596,81016,46493,47910,9555,8420,1417,7003,62.839
RS,VIAMÃO,89630,161684,49022,57395,64225,65948,9633,8373,1723,6650,46.533
SC,JARAGUÁ DO SUL,81752,130874,71810,80164,22389,23843,5908,8354,1454,6900,77.076
SP,BRAGANÇA PAULISTA,62510,130993,58530,66832,29419,33003,9753,8302,3584,4718,66.942
CE,MARACANAÚ,15857,179318,48379,56677,82217,87588,11142,8298,5371,2927,39.287
RJ,NOVA FRIBURGO,58670,155264,60118,68371,41896,46661,9453,8253,4765,3488,59.437
MT,RONDONÓPOLIS,91510,177315,74582,82752,43158,44812,6042,8170,1654,6516,64.871
SP,ARAÇATUBA,61557,144856,71740,79700,32370,35393,8670,7960,3023,4937,69.248
MG,IBIRITÉ,45950,122314,41359,49261,46074,48879,6776,7902,2805,5097,50.195
GO,LUZIÂNIA,94455,136507,51797,59686,36599,39256,6540,7889,2657,5232,60.324
RJ,MAGÉ,58491,193000,81901,89784,57530,59832,7990,7883,2302,5581,60.01
PE,CARUARU,23817,254240,75159,83013,109406,113187,9435,7854,3781,4073,42.31
RS,ALVORADA,85111,136053,44110,51956,50281,51231,8274,7846,950,6896,50.351
BA,CAMAÇARI,34134,210377,41549,49304,96759,101063,9081,7755,4304,3451,32.789
TO,PALMAS,73440,218529,88034,95715,61252,62961,10405,7681,1709,5972,60.321
PR,ARAUCÁRIA,74357,111928,37999,45633,35403,37349,7095,7634,1946,5688,54.991
SP,ATIBAIA,61816,118786,48671,56255,28168,32014,9442,7584,3846,3738,63.731
CE,SOBRAL,15598,152787,29665,37230,66697,82974,23030,7565,16277,-8712,30.972
SP,SANTANA DE PARNAÍBA,70475,111522,34978,42530,31423,35047,10624,7552,3624,3928,54.823
SP,PINDAMONHANGABA,68616,119023,50638,57969,29521,32659,8520,7331,3138,4193,63.964
PE,PAULISTA,25135,237143,70659,77951,105562,108875,9512,7292,3313,3979,41.724
SP,FERRAZ DE VASCONCELOS,64157,128954,37178,44398,52030,55271,9498,7220,3241,3979,44.545
RJ,TERESÓPOLIS,59153,133427,59100,66230,27703,31265,7286,7130,3562,3568,67.932
MG,POUSO ALEGRE,50490,112018,43132,50221,31617,34169,6858,7089,2552,4537,59.511
MG,VARGINHA,54135,104307,41672,48730,28811,31831,6937,7058,3020,4038,60.488
SP,ITU,65790,128489,53081,60031,30597,33624,8532,6950,3027,3923,64.098
PE,PETROLINA,25216,248232,52261,59182,120083,123571,9360,6921,3488,3433,32.384
RN,PARNAMIRIM,17795,147021,53530,60389,48084,52136,7432,6859,4052,2807,53.667
MG,POÇOS DE CALDAS,50350,122487,45269,52121,34095,37183,7194,6852,3088,3764,58.364
SP,FRANCISCO MORATO,64270,126758,31939,38789,55240,57575,7004,6850,2335,4515,40.253
SP,ITAPECERICA DA SERRA,65455,124100,32388,39226,49701,53188,8712,6838,3487,3351,42.446
RJ,ITABORAÍ,58378,177915,70172,76938,53532,55866,7451,6766,2334,4432,57.933
MT,SINOP,89850,126309,58474,65216,18557,19540,3118,6742,983,5759,76.946
PR,CAMPO LARGO,74810,94928,40538,47247,23731,25316,5736,6709,1585,5124,65.112
SP,ITAPETININGA,65471,114292,51589,58297,25764,28371,7385,6708,2607,4101,67.265
PA,MARABÁ,4839,179484,68387,74985,62464,63908,7799,6598,1444,5154,53.988
PR,PINHAIS,75043,99375,40134,46689,25849,27925,6933,6555,2076,4479,62.574
SP,BOTUCATU,62499,110576,41008,47560,30302,33816,9000,6552,3514,3038,58.445
RS,SANTA CRUZ DO SUL,88390,105104,43348,49867,32029,33040,6519,6519,1011,5508,60.148
RS,RIO GRANDE,88153,150039,33485,39996,68808,72258,9900,6511,3450,3061,35.63
PR,APUCARANA,74250,94373,45398,51894,20168,21614,5372,6496,1446,5050,70.596
PR,PARANAGUÁ,77453,108302,48442,54905,26605,28097,6677,6463,1492,4971,66.149
PA,PARAUAPEBAS,5835,200993,77396,83810,54645,56389,7259,6414,1744,4670,59.779
RJ,BARRA MANSA,58076,133836,49812,56219,44825,47486,7188,6407,2661,3746,54.211
RJ,MACAÉ,58475,185802,62716,69114,54503,58014,8433,6398,3511,2887,54.366
SP,ARARAS,61654,96755,45688,52074,21530,24138,6823,6386,2608,3778,68.328
MG,SABARÁ,51330,94469,30855,37228,35019,38119,6102,6373,3100,3273,49.409
RS,CACHOEIRINHA,85618,102528,39912,46256,31104,32734,6765,6344,1630,4714,58.559
ES,CACHOEIRO DE ITAPEMIRIM,56235,134138,69008,75317,31960,33202,6236,6309,1242,5067,69.404
BA,LAURO DE FREITAS,36854,162995,34005,40270,74506,79443,7626,6265,4937,1328,33.639
SC,BRUSQUE,80551,101340,55740,61992,15961,16877,3886,6252,916,5336,78.601
AL,ARAPIRACA,27057,158710,48456,54674,59431,61009,7835,6218,1578,4640,47.262
RJ,CABO FRIO,58130,178511,75184,81373,37586,40668,7584,6189,3082,3107,66.677
PA,CASTANHAL,4472,143786,52329,58469,49819,53437,9424,6140,3618,2522,52.248
SP,VALINHOS,72257,94825,40503,46594,22190,25699,7498,6091,3509,2582,64.452
PR,TOLEDO,79278,107712,52366,58445,24725,26548,5171,6079,1823,4256,68.764
SP,MOGI GUAÇU,67156,113851,56927,62945,23998,26506,6505,6018,2508,3510,70.368
GO,ÁGUAS LINDAS DE GOIÁS,93343,125062,38972,44946,38149,40369,5634,5974,2220,3754,52.682
CE,JUAZEIRO DO NORTE,14478,199570,29937,35858,109039,115524,10465,5921,6485,-564,23.687
BA,ITABUNA,35971,141218,46949,52768,56676,59332,8418,5819,2656,3163,47.072
SC,BALNEÁRIO CAMBORIÚ,80390,109400,55235,61035,19270,20811,4842,5800,1541,4259,74.573
MG,ARAXÁ,40797,82041,28179,33959,25864,27117,4648,5780,1253,4527,55.601
SP,SALTO,70050,95435,39008,44746,25788,28325,6537,5738,2537,3201,61.236
PR,FAZENDA RIO GRANDE,74322,94128,32547,38273,24054,25351,4805,5726,1297,4429,60.155
MG,ITABIRA,46337,88596,27203,32928,35025,38302,6635,5725,3277,2448,46.228
RS,BENTO GONÇALVES,85413,92233,50265,55971,17140,17873,4372,5706,733,4973,75.796
SP,RIBEIRÃO PIRES,69671,85875,28959,34652,29374,32866,7864,5693,3492,2201,51.323
RJ,MESQUITA,58467,136458,58124,63809,38687,39663,6166,5685,976,4709,61.668
GO,TRINDADE,96253,95994,33572,39215,27687,29519,5277,5643,1832,3811,57.053
SC,TUBARÃO,83674,82316,42138,47779,14914,15985,4291,5641,1071,4570,74.931
SP,ITATIBA,65692,85255,37409,43044,19338,21593,6531,5635,2255,3380,66.593
SP,JAÚ,66079,98925,51027,56644,19992,22163,5716,5617,2171,3446,71.877
SP,FRANCO DA ROCHA,64297,107782,29718,35285,40231,42174,5988,5567,1943,3624,45.553
MG,PARÁ DE MINAS,49417,67710,27692,33252,16698,18210,4170,5560,1512,4048,64.615
SP,TATUÍ,71811,88879,38110,43669,19602,21423,5378,5559,1821,3738,67.088
RS,SAPUCAIA DO SUL,89010,102426,32944,38501,39368,40310,5730,5557,942,4615,48.852
SP,GUARATINGUETÁ,64696,91052,41721,47275,22274,25075,7102,5554,2801,2753,65.342
SP,POÁ,68977,89977,30920,36451,31644,34621,7575,5531,2977,2554,51.287
MG,CONSELHEIRO LAFAIETE,43656,94413,27796,33282,40769,44178,6568,5486,3409,2077,42.967
MG,VESPASIANO,54259,87725,30471,35946,31416,33067,4516,5475,1651,3824,52.086
PR,ARAPONGAS,74276,84552,45033,50404,14401,15853,3905,5371,1452,3919,76.073
MG,ITAÚNA,46752,70901,31636,36985,17554,18682,4032,5349,1128,4221,66.44
MG,ARAGUARI,40690,90399,36783,42103,24703,26117,4383,5320,1414,3906,61.717
ES,LINHARES,56634,122398,47927,53237,32158,33128,5234,5310,970,4340,61.642
MG,ITAJUBÁ,46477,68568,31321,36611,17695,19299,4158,5290,1604,3686,65.482
RJ,RESENDE,58831,98308,39464,44732,25588,27584,5728,5268,1996,3272,61.856
PR,CAMBÉ,74713,76215,35256,40519,16512,18016,4627,5263,1504,3759,69.222
MG,BARBACENA,41114,99788,28281,33503,40846,43750,5072,5222,2904,2318,43.368
RJ,ANGRA DOS REIS,58017,136809,60443,65638,31926,32899,4688,5195,973,4222,66.613
SP,SERTÃOZINHO,71358,93444,35479,40647,29007,30990,5484,5168,1983,3185,56.74
RJ,MARICÁ,58530,185549,52811,57955,50619,54061,6157,5144,3442,1702,51.738
PR,ALMIRANTE TAMANDARÉ,74071,77774,28400,33534,23050,24504,4775,5134,1454,3680,57.779
RJ,NILÓPOLIS,58637,128805,55143,60276,38004,39207,6236,5133,1203,3930,60.589
SP,BIRIGUI,62294,84653,44050,49166,16638,17980,3844,5116,1342,3774,73.223
SC,SÃO BENTO DO SUL,83119,63935,34075,39161,10517,11312,3546,5086,795,4291,77.588
SP,BARRETOS,62090,85354,35299,40384,22049,23921,4928,5085,1872,3213,62.801
SP,VOTORANTIM,72435,92559,37026,42096,25473,27170,5310,5070,1697,3373,60.774
MG,NOVA LIMA,48950,77243,24108,29146,27956,30489,5656,5038,2533,2505,48.874
SP,CATANDUVA,63231,86345,41207,46210,18919,20301,4663,5003,1382,3621,69.477
MG,PATROCÍNIO,49611,65744,27014,31972,19008,20332,3274,4958,1324,3634,61.127
GO,ITUMBIARA,94250,75059,28583,33470,21519,23248,3762,4887,1729,3158,59.011
SP,JANDIRA,66010,76093,25078,29948,28770,30942,6033,4870,2172,2698,49.184
SP,VÁRZEA PAULISTA,72338,84770,32646,37506,25023,26370,5156,4860,1347,3513,58.717
ES,COLATINA,56294,87212,39373,44230,24057,25376,4897,4857,1319,3538,63.543
MG,LAVRAS,47635,75844,24450,29296,25243,27564,4645,4846,2321,2525,51.523
RS,ERECHIM,86371,79347,38094,42893,20727,21164,4086,4799,437,4362,66.961
PR,UMUARAMA,79359,83194,40972,45768,16880,18102,3770,4796,1222,3574,71.658
MG,SÃO JOÃO DEL REI,52493,70398,24050,28797,23944,26233,4548,4747,2289,2458,52.33
GO,VALPARAÍSO DE GOIÁS,93300,99348,35135,39822,28979,31177,5191,4687,2198,2489,56.088
SP,PAULÍNIA,68314,90086,33587,38254,23899,26362,5902,4667,2463,2204,59.202
TO,ARAGUAÍNA,92410,124026,47803,52404,36261,37591,5573,4601,1330,3271,58.23
PR,PIRAQUARA,77690,73970,25897,30480,22023,22971,4050,4583,948,3635,57.024
PR,SARANDI,84611,72063,25022,29538,21425,22685,3887,4516,1260,3256,56.561
SP,IBIÚNA,64955,62046,25646,30098,13710,15182,4608,4452,1472,2980,66.471
MG,TEÓFILO OTONI,53716,106606,33233,37683,35724,37952,3668,4450,2228,2222,49.822
RJ,QUEIMADOS,58122,104657,41093,45518,30421,31766,4580,4425,1345,3080,58.897
BA,ILHÉUS,35734,129773,34109,38528,57891,60653,7011,4419,2762,1657,38.846
SP,CAÇAPAVA,62715,72700,32466,36878,16688,18741,5367,4412,2053,2359,66.305
RJ,ARARUAMA,58033,110878,46791,51201,23067,24357,4944,4410,1290,3120,67.764
GO,CATALÃO,93017,75553,24380,28789,27130,28698,3589,4409,1568,2841,50.079
BA,JUAZEIRO,36692,164783,37379,41773,82560,84872,5684,4394,2312,2082,32.984
MG,PASSOS,49573,81257,27878,32256,26594,28437,3908,4378,1843,2535,53.146
PR,CASTRO,74950,56055,23547,27913,14885,15415,3448,4366,530,3836,64.423
MG,FORMIGA,45217,54601,21644,26008,14754,15808,3535,4364,1054,3310,62.196
SP,ARUJÁ,61778,71429,26313,30665,21271,22847,5179,4352,1576,2776,57.305
GO,FORMOSA,93610,77904,29070,33414,23315,24698,3834,4344,1383,2961,57.499
SP,CARAGUATATUBA,63118,105591,40760,45092,28924,30819,5931,4332,1895,2437,59.401
SE,NOSSA SENHORA DO SOCORRO,31950,123714,33447,37770,49785,52191,6998,4323,2406,1917,41.985
PR,CAMPO MOURÃO,74837,70464,29544,33849,19738,21035,4056,4305,1297,3008,61.674
GO,SENADOR CANEDO,92703,95328,31208,35464,27475,29087,4654,4256,1612,2644,54.94
SP,CAIEIRAS,62812,72330,23497,27747,24029,26161,5384,4250,2132,2118,51.471
SP,CAJAMAR,62855,70106,21861,26060,23376,25152,5244,4199,1776,2423,50.887
RS,URUGUAIANA,89516,84823,34682,38880,21638,22803,4645,4198,1165,3033,63.032
MT,TANGARÁ DA SERRA,91855,70289,34774,38964,13286,14147,2693,4190,861,3329,73.363
SP,LEME,66354,72965,32298,36488,17762,19516,3932,4190,1754,2436,65.152
RS,BAGÉ,85316,88087,26272,30449,34767,35303,4789,4177,536,3641,46.309
GO,JATAÍ,94331,73748,29938,34099,19072,20173,3006,4161,1101,3060,62.83
RS,FARROUPILHA,86550,57165,30199,34359,11200,11728,3401,4160,528,3632,74.552
SP,CUBATÃO,63711,90437,29477,33610,34848,36581,5923,4133,1733,2400,47.884
RS,GUAÍBA,86851,74578,24498,28599,27380,28475,4655,4101,1095,3006,50.109
SP,OURINHOS,67954,76651,32696,36790,20772,22040,4267,4094,1268,2826,62.536
SP,VINHEDO,72370,65754,28569,32648,13899,16015,4937,4079,2116,1963,67.09
SC,CONCÓRDIA,80837,60536,29941,34006,13760,14216,2734,4065,456,3609,70.52
BA,ALAGOINHAS,33138,114319,22020,26077,56247,59147,5431,4057,2900,1157,30.598
MG,UNAÍ,54070,64317,24929,28970,17962,19267,2868,4041,1305,2736,60.058
MS,TRÊS LAGOAS,91650,88672,33397,37415,24636,25948,4822,4018,1312,2706,59.049
PR,PATO BRANCO,77518,64592,27249,31260,18968,19717,3559,4011,749,3262,61.322
SP,VOTUPORANGA,72451,69073,32545,36549,15581,17012,3772,4004,1431,2573,68.238
RO,JI-PARANÁ,51,98500,47429,51415,16470,16711,3401,3986,241,3745,75.47
MG,TRÊS CORAÇÕES,53856,56694,21646,25622,15554,17182,3826,3976,1628,2348,59.859
SP,MOGI MIRIM,67172,67759,32982,36952,13896,15611,4292,3970,1715,2255,70.3
PR,PARANAVAÍ,77496,64075,30000,33961,15299,16163,3357,3961,864,3097,67.754
SP,SÃO JOÃO DA BOA VISTA,70831,67282,30283,34240,16315,18222,4352,3957,1907,2050,65.266
SP,LORENA,66451,61282,27742,31671,15040,16788,4436,3929,1748,2181,65.356
SP,MATÃO,66877,63835,26555,30481,18195,19461,3732,3926,1266,2660,61.033
BA,BARREIRAS,33634,108158,30197,34122,47952,50058,3804,3925,2106,1819,40.535
MG,CORONEL FABRICIANO,43877,80072,31812,35727,24069,25144,3015,3915,1075,2840,58.693
BA,JEQUIÉ,36617,118983,27874,31782,55276,57735,4955,3908,2459,1449,35.504
RJ,ITAGUAÍ,58394,100479,41991,45882,24174,25434,4318,3891,1260,2631,64.336
RJ,RIO DAS OSTRAS,58203,107161,41639,45528,23471,25467,4361,3889,1996,1893,64.128
RS,CACHOEIRA DO SUL,85596,64654,24681,28555,18395,18957,4017,3874,562,3312,60.101
SP,SÃO ROQUE,71137,60397,21617,25488,17626,19790,5150,3871,2164,1707,56.292
MG,UBÁ,53970,71688,23297,27156,27196,28614,3208,3859,1418,2441,48.693
MG,JOÃO MONLEVADE,47236,61384,19501,23348,21601,22945,3500,3847,1344,2503,50.435
SP,ITAPEVA,65498,68623,29115,32952,18108,19273,3738,3837,1165,2672,63.096
PI,PARNAÍBA,11533,118066,26362,30185,55488,57757,5767,3823,2269,1554,34.324
MG,ITUIUTABA,46833,77675,21868,25687,31282,32408,3060,3819,1126,2693,44.216
PR,CIANORTE,75051,58559,29090,32866,11573,12498,2853,3776,925,2851,72.45
PE,CABO DE SANTO AGOSTINHO,23574,171662,36821,40592,85327,86617,5292,3771,1290,2481,31.91
PE,CAMARAGIBE,26298,127008,39415,43186,54184,55964,4826,3771,1780,1991,43.556
SP,ASSIS,61794,69962,30077,33844,18650,20387,4015,3767,1737,2030,62.407
SC,NAVEGANTES,82210,66516,28116,31871,12865,13590,2630,3755,725,3030,70.106
SP,ITANHAÉM,65439,85246,27950,31700,24162,25948,4807,3750,1786,1964,54.989
RS,ESTEIO,86517,65942,22403,26136,24275,25148,4217,3733,873,2860,50.963
MG,NOVA SERRANA,49034,67436,31098,34819,12729,13328,2228,3721,599,3122,72.318
PR,FRANCISCO BELTRÃO,75655,66963,25704,29417,24595,25034,3106,3713,439,3274,54.025
MG,ALFENAS,40312,61135,23542,27225,18009,19004,2822,3683,995,2688,58.892
MA,SÃO JOSÉ DE RIBAMAR,8893,131211,28838,32509,56572,57935,5771,3671,1363,2308,35.944
SP,MAIRIPORÃ,66710,65854,25893,29538,17784,19164,4260,3645,1380,2265,60.65
ES,GUARAPARI,56472,101612,42727,46347,23500,24381,4641,3620,881,2739,65.529
SP,CRUZEIRO,63690,56302,22497,26115,16148,17778,4378,3618,1630,1988,59.497
SP,AVARÉ,61891,64508,27165,30775,16186,17644,3904,3610,1458,2152,63.56
MG,CARATINGA,42676,60550,22135,25737,20758,21977,2470,3602,1219,2383,53.94
MG,MANHUAÇU,47872,62176,22500,26099,19359,20470,2388,3599,1111,2488,56.044
SC,INDAIAL,81477,50979,26471,30063,7505,8038,2197,3592,533,3059,78.903
GO,PLANALTINA,95958,66628,20670,24240,21130,22757,3280,3570,1627,1943,51.578
SC,BIGUAÇU,80454,57765,23929,27499,13322,14197,3094,3570,875,2695,65.951
SC,CAÇADOR,80578,53365,20720,24290,16019,16465,2613,3570,446,3124,59.6
SP,EMBU-GUAÇU,64033,53805,15845,19410,18458,20079,4141,3565,1621,1944,49.153
RS,SAPIRANGA,88994,61332,28177,31721,18216,18034,2577,3544,-182,3726,63.754
SC,RIO DO SUL,82910,51185,27746,31258,8987,9602,2172,3512,615,2897,76.5
SP,ITAPIRA,65536,53426,24638,28124,12168,13633,3447,3486,1465,2021,67.352
MG,CURVELO,44172,61454,17903,21381,22169,23339,2958,3478,1170,2308,47.811
SP,PIRASSUNUNGA,68870,55359,26513,29979,11455,13061,3792,3466,1606,1860,69.654
MG,MURIAÉ,48771,79022,28731,32191,27340,28680,3039,3460,1340,2120,52.884
MT,SORRISO,98930,76210,35904,39360,13457,13584,1450,3456,127,3329,74.343
SP,CAMPO LIMPO PAULISTA,62936,59511,22936,26382,17546,18977,4067,3446,1431,2015,58.163
PB,SANTA RITA,21750,103426,28520,31965,43433,44195,4390,3445,762,2683,41.971
BA,TEIXEIRA DE FREITAS,39934,104699,35936,39360,38327,39937,3671,3424,1610,1814,49.636
RS,IJUÍ,87050,63934,26764,30188,21022,21301,3152,3424,279,3145,58.63
MG,SÃO SEBASTIÃO DO PARAÍSO,52930,51233,17215,20627,14851,16216,3421,3412,1365,2047,55.986
PR,IRATI,76074,45757,19046,22388,13475,14365,3125,3342,890,2452,60.915
MG,PEDRO LEOPOLDO,49859,49147,17728,21063,15871,17093,3224,3335,1222,2113,55.202
PA,MARITUBA,4642,91027,27552,30886,34111,36067,5677,3334,1956,1378,46.131
RS,VENÂNCIO AIRES,89559,53374,23960,27288,15558,15514,2793,3328,-44,3372,63.754
SC,GASPAR,81175,51631,26248,29558,9515,9881,2149,3310,366,2944,74.946
RO,CACOAL,94,70168,34681,37980,11986,12437,2683,3299,451,2848,75.332
RS,SANTO ÂNGELO,88536,59098,21770,25061,20466,20776,3157,3291,310,2981,54.674
SC,CAMBORIÚ,80616,62404,28923,32194,11497,12185,2222,3271,688,2583,72.543
PR,TELÊMACO BORBA,79154,52023,21166,24430,15669,16271,3037,3264,602,2662,60.023
RS,VACARIA,89532,47481,21489,24745,11185,11338,2333,3256,153,3103,68.578
RS,CARAZINHO,85910,45784,19026,22264,14472,14582,2718,3238,110,3128,60.424
MG,BOM DESPACHO,41475,39182,16382,19599,9411,9809,2186,3217,398,2819,66.645
GO,CALDAS NOVAS,92894,68303,27595,30802,16159,17152,2941,3207,993,2214,64.232
SP,UBATUBA,72095,78188,30761,33967,18491,19763,3606,3206,1272,1934,63.218
RS,CAMPO BOM,85774,52046,25137,28341,12978,13361,2894,3204,383,2821,67.961
SC,CANOINHAS,80730,42761,19840,23038,9278,9995,2852,3198,717,2481,69.742
MA,TIMON,9377,124673,21167,24352,66012,69460,5180,3185,3448,-263,25.958
ES,SÃO MATEUS,56979,92420,27473,30656,32554,33018,3756,3183,464,2719,48.145
SP,AMPARO,61379,53837,24948,28122,11910,13354,3415,3174,1444,1730,67.803
MG,PARACATU,49395,68446,25202,28345,20380,21379,2749,3143,999,2144,57.005
MG,ESMERALDAS,44814,57093,15575,18715,20127,21117,2621,3140,990,2150,46.985
MG,LAGOA SANTA,47511,55019,20728,23835,13752,14906,3082,3107,1154,1953,61.524
PR,ROLÂNDIA,78255,49585,24463,27558,10116,10797,2301,3095,681,2414,71.85
BA,SIMÕES FILHO,39136,90172,15715,18806,46408,48657,3802,3091,2249,842,27.876
MA,BALSAS,7277,71384,21123,24202,25262,26012,2283,3079,750,2329,48.198
PA,ALTAMIRA,4111,87018,36642,39713,23403,23852,3073,3071,449,2622,62.476
SP,FERNANDÓPOLIS,64114,50341,21512,24566,13603,14631,2660,3054,1028,2026,62.673
GO,GOIANÉSIA,93718,59506,22123,25164,17030,18339,2548,3041,1309,1732,57.844
SP,BEBEDOURO,62219,56464,26879,29911,12224,13525,3028,3032,1301,1731,68.862
RS,SANT ANA DO LIVRAMENTO,88455,0,18225,21249,28430,28753,3484,3024,323,2701,42.496
MG,TRÊS PONTAS,53872,45396,13923,16946,17261,18312,2714,3023,1051,1972,48.063
SC,MAFRA,81990,42487,22472,25493,7915,8603,2274,3021,688,2333,74.768
SP,JABOTICABAL,65870,51062,22218,25232,12713,14085,3528,3014,1372,1642,64.176
SP,MOCOCA,67113,49225,20952,23963,11594,13005,3078,3011,1411,1600,64.821
SC,ARARANGUÁ,80276,55170,25630,28631,11852,12522,2525,3001,670,2331,69.572
BA,LUÍS EDUARDO MAGALHÃES,30007,81318,28942,31918,22196,22542,2114,2976,346,2630,58.608
PA,BARCARENA,4251,102873,23416,26380,46430,48262,5542,2964,1832,1132,35.342
RJ,SAQUAREMA,59099,92291,32668,35630,17521,19094,3169,2962,1573,1389,65.109
RO,ARIQUEMES,78,72770,36941,39901,10539,10513,2304,2960,-26,2986,79.147
PE,VITÓRIA DE SANTO ANTÃO,26271,103932,30453,33410,45849,47793,3472,2957,1944,1013,41.144
RN,SÃO GONÇALO DO AMARANTE,18376,77694,21368,24301,33841,35473,3114,2933,1632,1301,40.655
MS,PONTA PORÃ,91316,70104,28616,31547,18761,18781,3191,2931,20,2911,62.683
RJ,JAPERI,58149,76716,29752,32666,22887,23369,2942,2914,482,2432,58.296
RS,CANGUÇU,85871,43609,16365,19270,13250,13636,3099,2905,386,2519,58.561
CE,MARANGUAPE,14559,83707,19594,22496,41819,43391,4000,2902,1572,1330,34.143
BA,PORTO SEGURO,38075,115335,30988,33883,42783,44418,3682,2895,1635,1260,43.273
MG,TIMÓTEO,53732,59801,24760,27644,17562,18436,2470,2884,874,2010,59.991
PR,IBIPORÃ,75914,40048,18186,21060,8870,9635,2464,2874,765,2109,68.611
RJ,BARRA DO PIRAÍ,58050,69437,23125,25999,24596,26016,3762,2874,1420,1454,49.984
SP,LENÇÓIS PAULISTA,66370,50842,26103,28970,9201,9974,2807,2867,773,2094,74.389
RS,ALEGRETE,85073,56003,16548,19414,21062,21787,3429,2866,725,2141,47.12
SP,LINS,66435,53917,26867,29727,10737,11660,2739,2860,923,1937,71.827
PA,ABAETETUBA,4014,123935,22267,25118,70766,72313,4827,2851,1547,1304,25.78
RO,VILHENA,132,71772,34872,37718,10784,10994,2408,2846,210,2636,77.431
MG,ITABIRITO,46370,45038,12009,14833,16176,17931,3485,2824,1755,1069,45.272
PB,BAYEUX,19372,74490,25160,27977,30224,30905,3474,2817,681,2136,47.514
SC,ITAPEMA,81639,60173,27073,29868,8987,9269,1778,2795,282,2513,76.317
SP,PERUÍBE,68535,60030,21196,23989,15997,17466,3614,2793,1469,1324,57.868
MA,AÇAILÂNDIA,9610,78158,28942,31734,26316,27046,2696,2792,730,2062,53.988
RS,CAMAQUÃ,85693,49832,19983,22770,15349,15626,2708,2787,277,2510,59.303
AP,SANTANA,6157,86042,32615,35397,28840,27693,6101,2782,-1147,3929,56.106
SP,SÃO SEBASTIÃO,71153,68216,21950,24723,22764,23934,3881,2773,1170,1603,50.811
MG,VIÇOSA,54275,61912,12600,15366,29535,31871,3056,2766,2336,430,32.53
PA,REDENÇÃO,5673,62471,30037,32790,14587,14569,2121,2753,-18,2771,69.237
SP,CAMPOS DO JORDÃO,62952,38191,14814,17558,9402,10493,2863,2744,1091,1653,62.593
RS,SANTA ROSA,88471,58133,28139,30871,15136,14897,2678,2732,-239,2971,67.451
CE,EUSÉBIO,13226,59979,15728,18458,21790,22957,3173,2730,1167,1563,44.568
RJ,ITAPERUNA,58432,76210,34039,36755,18208,19567,3093,2716,1359,1357,65.259
PR,UNIÃO DA VITÓRIA,79375,40733,16584,19295,11229,11854,2289,2711,625,2086,61.944
MG,CAMPO BELO,42234,39415,14632,17341,11575,12335,1888,2709,760,1949,58.434
CE,ITAPIPOCA,14290,103250,14531,17238,57530,59133,5269,2707,1603,1104,22.571
SP,BATATAIS,62170,42336,15844,18531,13185,14217,2926,2687,1032,1655,56.587
RJ,TRÊS RIOS,59196,62587,19910,22574,23726,25440,3196,2664,1714,950,47.015
TO,GURUPI,93858,61417,24008,26670,17963,18334,2721,2662,371,2291,59.261
ES,ARACRUZ,56111,75170,28032,30692,22094,22919,2849,2660,825,1835,57.249
RJ,SÃO PEDRO DA ALDEIA,59030,75083,34986,37646,13718,14548,2948,2660,830,1830,72.127
CE,TIANGUÁ,15695,59736,13548,16204,27322,29355,3379,2656,2033,623,35.567
GO,NOVO GAMA,93327,58677,19081,21719,16787,17817,2584,2638,1030,1608,54.935
SP,JAGUARIÚNA,65951,45265,18943,21568,10736,11811,3295,2625,1075,1550,64.615
SC,IÇARA,81370,43885,22188,24810,8385,8689,1757,2622,304,2318,74.062
SC,VIDEIRA,83798,39283,19310,21928,8191,8501,1610,2618,310,2308,72.063
SP,MIRASSOL,67075,43741,20478,23095,9989,10875,2504,2617,886,1731,67.986
RS,LAJEADO,87297,64303,29372,31987,16705,16271,3273,2615,-434,3049,66.283
BA,EUNÁPOLIS,30058,83635,25685,28290,31206,32559,3281,2605,1353,1252,46.492
SP,VARGEM GRANDE PAULISTA,72737,43034,14077,16659,13049,14203,3392,2582,1154,1428,53.979
MG,SANTA RITA DO SAPUCAÍ,51918,31774,13558,16127,7278,8102,2216,2569,824,1745,66.561
SP,MAIRINQUE,66699,38509,13674,16238,12044,13058,2988,2564,1014,1550,55.427
SP,PORTO FERREIRA,69159,40029,18330,20890,8680,9797,2775,2560,1117,1443,68.074
GO,INHUMAS,93955,40905,14636,17182,13094,13964,2419,2546,870,1676,55.166
MG,OURO PRETO,49212,64459,12345,14872,32572,34587,3447,2527,2015,512,30.069
RJ,VALENÇA,59218,56967,15066,17591,22058,23661,3009,2525,1603,922,42.643
RS,MONTENEGRO,87491,47618,18928,21452,14071,14445,3078,2524,374,2150,59.76
SP,PIEDADE,68578,42040,16967,19474,10123,11265,2674,2507,1142,1365,63.353
GO,CIDADE OCIDENTAL,93025,49785,16181,18679,15150,15999,2514,2498,849,1649,53.864
MT,CÁCERES,90476,62368,21725,24217,21730,22686,2506,2492,956,1536,51.632
MT,ALTA FLORESTA,89877,43292,19745,22236,8557,9059,1332,2491,502,1989,71.053
PA,PARAGOMINAS,5096,76557,29708,32193,22360,22155,2888,2485,-205,2690,59.235
RJ,SEROPÉDICA,58424,61065,25064,27546,16026,16840,2654,2482,814,1668,62.06
SP,ITUPEVA,65811,48444,19034,21512,11532,12525,2911,2478,993,1485,63.202
MG,LAGOA DA PRATA,47430,37464,14777,17251,10022,10699,1737,2474,677,1797,61.721
CE,HORIZONTE,13188,62826,14302,16774,28683,30336,3434,2472,1653,819,35.606
SP,MONTE ALTO,67270,36101,16803,19274,7611,8387,2266,2471,776,1695,69.679
PR,LAPA,76570,36509,14813,17280,11103,11946,2211,2467,843,1624,59.125
RS,CAPÃO DA CANOA,89150,46173,18040,20498,10977,11303,2091,2458,326,2132,64.457
SC,RIO NEGRINHO,82953,31787,16324,18782,5752,6003,1595,2458,251,2207,75.78
GO,SANTO ANTÔNIO DO DESCOBERTO,96776,46750,16431,18879,13526,14232,2459,2448,706,1742,57.017
SP,ANDRADINA,61417,42582,18800,21248,11518,12281,2322,2448,763,1685,63.372
MG,FRUTAL,45411,42401,15115,17561,12801,13705,1480,2446,904,1542,56.166
SP,BOITUVA,62391,47695,20006,22432,10448,11424,2498,2426,976,1450,66.257
SP,SÃO JOSÉ DO RIO PARDO,70955,39280,16813,19222,9972,10897,2463,2409,925,1484,63.82
SC,TIMBÓ,83577,35896,20348,22756,4453,4883,1571,2408,430,1978,82.333
SP,MONTE MOR,67377,47364,16563,18971,14720,15598,2414,2408,878,1530,54.879
SP,NOVA ODESSA,67695,47456,20467,22857,12583,13728,2810,2390,1145,1245,62.476
RS,TAQUARA,89273,41617,19323,21697,10573,10648,1971,2374,75,2299,67.08
MA,PAÇO DO LUMIAR,8494,90453,19684,22057,37374,38537,4262,2373,1163,1210,36.401
SC,IMBITUBA,81434,42261,14914,17277,11545,12178,2090,2363,633,1730,58.656
SP,TUPÃ,72010,47381,23255,25604,9722,10708,2445,2349,986,1363,70.511
MT,LUCAS DO RIO VERDE,90603,54943,25571,27919,9278,9377,1192,2348,99,2249,74.858
SP,SANTA ISABEL,70378,41754,17120,19461,11398,12195,2804,2341,797,1544,61.476
RS,SÃO LOURENÇO DO SUL,88790,35169,12720,15058,11979,12150,2285,2338,171,2167,55.344
MT,PRIMAVERA DO LESTE,98892,57263,27127,29462,9203,9483,1379,2335,280,2055,75.65
SC,SÃO MIGUEL DO OESTE,83399,32110,14264,16594,8221,8598,1720,2330,377,1953,65.87
RS,OSÓRIO,87734,37275,12300,14629,13015,13612,2590,2329,597,1732,51.801
PR,CORNÉLIO PROCÓPIO,75256,35179,15591,17918,9379,10023,2015,2327,644,1683,64.128
SP,PENÁPOLIS,68470,43857,20175,22499,10996,11804,2096,2324,808,1516,65.589
MG,OLIVEIRA,49115,33579,10656,12969,11995,12804,2140,2313,809,1504,50.32
MG,ARCOS,40835,33605,11953,14258,10064,10765,2007,2305,701,1604,56.98
PR,PRUDENTÓPOLIS,77917,39094,20602,22904,7493,8309,1849,2302,816,1486,73.38
MT,BARRA DO GARÇAS,90352,47317,18492,20791,12688,13371,1684,2299,683,1616,60.86
CE,PACATUBA,14958,57716,13697,15994,26037,27327,3092,2297,1290,1007,36.92
MG,BOA ESPERANÇA,41416,32537,10598,12893,10777,11029,1447,2295,252,2043,53.896
MG,CONGONHAS,43591,43933,13048,15340,16486,18137,2934,2292,1651,641,45.823
BA,CAMPO FORMOSO,34193,58185,10017,12308,30654,30504,1861,2291,-150,2441,28.749
MA,CAXIAS,7579,113428,16986,19276,61772,65194,4144,2290,3422,-1132,22.82
PR,CAMPINA GRANDE DO SUL,74772,35517,14279,16566,9482,9930,1735,2287,448,1839,62.523
CE,AQUIRAZ,13196,69614,15296,17580,31902,33374,3366,2284,1472,812,34.502
GO,MINEIROS,94595,51835,18653,20936,14154,14649,2007,2283,495,1788,58.834
PR,SÃO MATEUS DO SUL,78875,34081,12345,14627,11977,12605,2037,2282,628,1654,53.713
MG,CAETÉ,41998,34382,9555,11825,12904,14026,2634,2270,1122,1148,45.743
PE,ABREU E LIMA,26310,79490,24746,27008,37691,38412,2763,2262,721,1541,41.284
RS,CRUZ ALTA,86193,45886,16946,19195,16234,16354,2246,2249,120,2129,53.996
ES,VIANA,57010,54416,19780,22027,17599,17910,2565,2247,311,1936,55.154
MG,EXTREMA,45012,43760,13154,15399,11200,12071,1902,2245,871,1374,56.058
PE,IGARASSU,24350,89979,21690,23927,43924,44577,2650,2237,653,1584,34.928
RS,ESTÂNCIA VELHA,86495,37269,18687,20924,8077,8427,1889,2237,350,1887,71.289
SP,CAPIVARI,63096,37632,17898,20135,8548,9323,2244,2237,775,1462,68.352
RS,CANELA,85855,35054,14708,16937,8140,8480,2039,2229,340,1889,66.637
CE,PACAJUS,14931,54521,13144,15370,25491,27190,3481,2226,1699,527,36.114
BA,GUANAMBI,35335,67713,15837,18060,33200,34354,2059,2223,1154,1069,34.456
RS,PAROBÉ,98256,39042,17795,20009,11353,11312,1819,2214,-41,2255,63.884
MG,GUAXUPÉ,45730,39402,12288,14500,13672,14800,1954,2212,1128,1084,49.488
PA,BRAGANÇA,4332,95143,22673,24883,40248,41378,5578,2210,1130,1080,37.553
SP,ITARARÉ,65650,33824,13921,16112,8638,9264,2155,2191,626,1565,63.493
PE,SÃO LOURENÇO DA MATA,25739,83729,21834,24022,38450,39778,2816,2188,1328,860,37.652
MG,JANAÚBA,47015,55529,15529,17712,21150,22182,1819,2183,1032,1151,44.398
PE,GRAVATÁ,24279,67957,16885,19063,31678,33033,2103,2178,1355,823,36.592
CE,QUIXADÁ,15270,61724,14601,16776,29780,30241,2570,2175,461,1714,35.681
MG,BRUMADINHO,41793,35434,10520,12689,11438,12280,2180,2169,842,1327,50.819
GO,GOIANIRA,93750,47618,14620,16788,12818,13554,2072,2168,736,1432,55.329
RS,SÃO BORJA,88633,46787,13618,15784,19385,19523,2139,2166,138,2028,44.705
SP,MONGAGUÁ,67237,50648,15084,17243,15100,16171,2897,2159,1071,1088,51.604
RO,ROLIM DE MOURA,299,41213,19711,21868,7538,7669,1479,2157,131,2026,74.036
RS,SANTO ANTÔNIO DA PATRULHA,88552,33726,12494,14651,10837,10963,1976,2157,126,2031,57.199
MG,MONTE CARMELO,48615,35771,11325,13471,13695,14435,1431,2146,740,1406,48.273
SC,SÃO FRANCISCO DO SUL,83194,42756,18475,20615,8388,8921,1762,2140,533,1607,69.796
GO,SANTA HELENA DE GOIÁS,95818,30191,10269,12407,10275,10718,1516,2138,443,1695,53.652
MS,CORUMBÁ,90638,67794,22949,25082,24073,24552,3846,2133,479,1654,50.534
CE,RUSSAS,15377,58689,11174,13306,31463,32874,3288,2132,1411,721,28.813
SP,PORTO FELIZ,69132,41199,19160,21288,9112,10005,2345,2128,893,1235,68.028
BA,SANTO ANTÔNIO DE JESUS,38733,78082,16632,18754,38286,40001,2661,2122,1715,407,31.919
RS,SÃO GABRIEL,88692,44062,13846,15954,16637,16921,2287,2108,284,1824,48.529
MG,MATOZINHOS,48216,30146,9629,11720,10803,11329,1830,2091,526,1565,50.848
SP,OLÍMPIA,67792,41985,18600,20690,10360,11020,1989,2090,660,1430,65.248
RS,MARAU,87378,31705,16024,18107,7679,7845,1633,2083,166,1917,69.771
SC,GUARAMIRIM,81272,33660,17467,19548,6147,6362,1223,2081,215,1866,75.446
SC,CURITIBANOS,80934,31429,12482,14559,8864,9085,1344,2077,221,1856,61.576
SP,JALES,65978,36152,17315,19385,8221,9037,1991,2070,816,1254,68.204
GO,MORRINHOS,94730,37220,13719,15783,11111,11632,1663,2064,521,1543,57.571
RS,PANAMBI,87815,32275,16366,18425,7730,7749,1500,2059,19,2040,70.394
MG,CATAGUASES,43052,52215,13514,15572,23298,24425,2364,2058,1127,931,38.933
SC,LAGUNA,81850,36497,14785,16836,10201,10609,1961,2051,408,1643,61.345
RS,TRAMANDAÍ,89354,39180,12879,14928,11047,11456,2171,2049,409,1640,56.58
PE,GARANHUNS,24198,99649,17690,19731,54269,55436,2932,2041,1167,874,26.25
MG,ANDRADAS,40517,30194,13251,15286,7204,7746,1454,2035,542,1493,66.369
CE,CRATO,13854,96278,10330,12363,63197,66182,4088,2033,2985,-952,15.74
MG,PIRAPORA,50237,42033,14622,16654,12602,13515,1836,2032,913,1119,55.202
PB,PATOS,21172,67995,15475,17506,33579,34464,3137,2031,885,1146,33.685
SP,COSMÓPOLIS,63576,44621,17726,19757,13507,14272,2129,2031,765,1266,58.059
PA,SANTA ISABEL DO PARÁ,5290,0,15362,17392,19464,20526,3123,2030,1062,968,45.867
MG,CLÁUDIO,43311,22860,9597,11623,5357,5781,1454,2026,424,1602,66.783
SP,PEDREIRA,68438,33407,16529,18555,6751,7263,1855,2026,512,1514,71.868
SC,XANXERÊ,83836,34951,15701,17718,10919,11189,1408,2017,270,1747,61.293
SP,LOUVEIRA,66478,39293,16703,18720,9798,10656,2394,2017,858,1159,63.725
PR,MANDAGUARI,76775,27697,12588,14604,7055,7498,1503,2016,443,1573,66.075
SC,TIJUCAS,83550,36959,15575,17585,6693,6940,1399,2010,247,1763,71.702
PA,TUCURUÍ,5614,73240,20907,22909,29837,29792,3113,2002,-45,2047,43.47
CE,ARACATI,13218,57513,11451,13449,30215,31631,3085,1998,1416,582,29.834
PE,SANTA CRUZ DO CAPIBARIBE,25496,66215,24637,26632,23517,24462,2506,1995,945,1050,52.124
SP,RIO GRANDE DA SERRA,69833,33756,9689,11684,13757,14599,2449,1995,842,1153,44.455
PR,MEDIANEIRA,77011,37562,18589,20583,9159,9327,1329,1994,168,1826,68.816
SP,TAQUARITINGA,71757,38678,15526,17518,10672,11472,1971,1992,800,1192,60.428
PR,MARIALVA,76872,30202,13810,15799,6796,7348,1639,1989,552,1437,68.255
PA,CAMETÁ,4413,106310,17289,19273,61121,60945,4093,1984,-176,2160,24.026
SP,IBITINGA,64939,41340,19051,21029,10565,11458,1939,1978,893,1085,64.731
SP,CERQUILHO,63312,36047,17471,19447,6860,7508,2009,1976,648,1328,72.146
SP,CAPÃO BONITO,63053,34360,13973,15942,9426,10127,2196,1969,701,1268,61.153
RS,TORRES,89338,33383,12306,14267,8732,9196,1866,1961,464,1497,60.806
SP,CABREÚVA,62693,36457,14732,16677,9527,9973,1812,1945,446,1499,62.578
SP,ARTUR NOGUEIRA,61751,38571,17037,18979,10138,10932,1942,1942,794,1148,63.452
MG,MARIANA,47996,52495,9949,11885,25076,26911,2567,1936,1835,101,30.635
MG,OURO FINO,49190,25481,10885,12819,5688,6138,1406,1934,450,1484,67.621
PR,PAIÇANDU,77313,30399,11036,12968,8949,9501,1667,1932,552,1380,57.715
AL,RIO LARGO,28533,68140,20242,22173,24603,24037,3177,1931,-566,2497,47.983
MG,SÃO LOURENÇO,52736,34937,14575,16504,8708,9528,1876,1929,820,1109,63.399
PR,RIO NEGRO,78239,24197,12132,14050,4680,5069,1411,1918,389,1529,73.487
RJ,RIO BONITO,58858,45471,20773,22691,11329,12124,2318,1918,795,1123,65.176
RS,SANTIAGO,88510,40105,14566,16482,13177,13480,1988,1916,303,1613,55.01
SP,BERTIOGA,61280,53049,17678,19594,14137,15004,2517,1916,867,1049,56.633
CE,CASCAVEL,13692,60538,12728,14643,29681,31901,3246,1915,2220,-305,31.461
RJ,CACHOEIRAS DE MACACU,58157,46789,19018,20933,12743,13330,1820,1915,587,1328,61.095
RS,CARLOS BARBOSA,85936,23722,12563,14478,4679,4931,1688,1915,252,1663,74.594
MG,IGARAPÉ,46019,35029,10839,12752,10933,11642,1696,1913,709,1204,52.275
BA,CONCEIÇÃO DO COITÉ,34673,54698,13460,15364,26448,26911,1606,1904,463,1441,36.343
SC,CAMPOS NOVOS,80691,26952,11886,13785,6824,6977,1268,1899,153,1746,66.395
RS,GRAMADO,86819,34880,17266,19160,6015,6444,1732,1894,429,1465,74.832
PB,CABEDELO,19658,54151,16630,18523,19453,20106,2641,1893,653,1240,47.951
SE,LAGARTO,31690,82402,15951,17841,41333,43336,3185,1890,2003,-113,29.163
RO,JARU,159,41309,20725,22611,6846,6813,1327,1886,-33,1919,76.845
SP,VARGEM GRANDE DO SUL,72311,30462,13351,15236,7324,7931,1859,1885,607,1278,65.766
RN,CEARÁ-MIRIM,16519,60339,10602,12481,31891,32726,2163,1879,835,1044,27.609
SP,SÃO JOAQUIM DA BARRA,70890,35889,13007,14884,11969,12959,2063,1877,990,887,53.457
SC,FRAIBURGO,81078,26307,11876,13748,7322,7517,1134,1872,195,1677,64.651
RS,DOIS IRMÃOS,86258,24809,11837,13698,6534,6706,1400,1861,172,1689,67.134
SP,SOCORRO,71439,30525,15442,17292,5230,5979,1749,1850,749,1101,74.307
SP,ESPÍRITO SANTO DO PINHAL,68659,30992,13157,15006,7944,8746,2056,1849,802,1047,63.178
MG,OURO BRANCO,49174,30200,10053,11885,11997,12941,1859,1832,944,888,47.873
RN,MACAÍBA,17418,54372,13369,15201,25896,27003,2083,1832,1107,725,36.018
SC,BRAÇO DO NORTE,80535,25588,14691,16518,3908,3918,955,1827,10,1817,80.828
PR,PALMEIRA,77356,26994,13093,14919,6461,6852,1488,1826,391,1435,68.527
SE,SÃO CRISTÓVÃO,32336,62018,14631,16454,28618,29768,3321,1823,1150,673,35.598
SC,PORTO UNIÃO,82678,25737,11432,13254,5983,6311,1441,1822,328,1494,67.743
MG,MATEUS LEME,48135,29355,8957,10764,9045,9570,1442,1807,525,1282,52.936
RS,FLORES DA CUNHA,86614,25119,15104,16910,3378,3691,1363,1806,313,1493,82.083
MG,SANTOS DUMONT,52132,37639,9349,11152,16899,18039,2019,1803,1140,663,38.204
RS,GARIBALDI,86690,26440,14654,16455,5040,5250,1450,1801,210,1591,75.812
SP,GUAÍRA,64491,28602,11247,13046,7224,7765,1442,1799,541,1258,62.688
GO,CRISTALINA,93254,39004,15525,17318,8817,9243,1288,1793,426,1367,65.201
GO,GOIATUBA,93793,27889,11231,13024,7557,7875,1258,1793,318,1475,62.319
SP,SANTA CRUZ DO RIO PARDO,70297,34107,16884,18666,6545,7147,1790,1782,602,1180,72.312
MG,SÃO GOTARDO,52418,28638,11349,13122,7617,7887,896,1773,270,1503,62.459
CE,CAMOCIM,13510,51180,8532,10303,24217,27280,4393,1771,3063,-1292,27.414
SP,SERRANA,71315,33616,12388,14158,11182,11741,1696,1770,559,1211,54.666
SP,SALTO DE PIRAPORA,70076,31396,11726,13494,8862,9455,1731,1768,593,1175,58.8
PR,SANTO ANTÔNIO DA PLATINA,78590,32199,14373,16140,8625,9169,1392,1767,544,1223,63.772
GO,JARAGUÁ,94315,33500,15697,17449,7618,8001,1550,1752,383,1369,68.562
PA,BENEVIDES,4294,49332,14975,16723,19270,19869,2688,1748,599,1149,45.701
BA,VALENÇA,39578,66845,13552,15291,31207,32599,2381,1739,1392,347,31.929
RJ,GUAPIMIRIM,58106,45020,17591,19328,12058,12349,1911,1737,291,1446,61.016
PA,ITAITUBA,4715,85496,34063,35796,21740,21526,2857,1733,-214,1947,62.447
SP,TIETÊ,71919,29108,14031,15760,6093,6735,1934,1729,642,1087,70.06
BA,PAULO AFONSO,37818,83911,11516,13241,48382,49734,2302,1725,1352,373,21.026
SP,BARRA BONITA,62057,28388,12960,14684,7054,7658,1816,1724,604,1120,65.724
MG,SARZEDO,40800,26256,9481,11201,8277,8813,1338,1720,536,1184,55.966
SP,ITÁPOLIS,65552,28948,14089,15807,6331,6854,1302,1718,523,1195,69.754
SP,ORLÂNDIA,67873,29541,12417,14135,8019,8879,1818,1718,860,858,61.419
CE,CRATEÚS,13838,60272,8408,10119,33294,34484,2742,1711,1190,521,22.687
MG,CARMO DO PARANAÍBA,42854,22266,9356,11066,5538,5959,757,1710,421,1289,64.999
MT,JUÍNA,98310,34245,15291,16995,6915,7158,855,1704,243,1461,70.364
CE,VIÇOSA DO CEARÁ,15830,48350,6512,8215,26115,27746,2472,1703,1631,72,22.844
GO,QUIRINÓPOLIS,95630,35341,12575,14276,11721,12495,1473,1701,774,927,53.326
CE,MORADA NOVA,14753,57017,9551,11243,30684,32225,3349,1692,1541,151,25.865
CE,SÃO GONÇALO DO AMARANTE,15490,51450,11387,13070,23181,24376,2478,1683,1195,488,34.904
SP,SÃO MIGUEL ARCANJO,71056,24472,9754,11433,6723,7278,1672,1679,555,1124,61.103
MG,CAMBUÍ,42110,22551,7825,9500,6242,6798,1368,1675,556,1119,58.289
PA,CANAÃ DOS CARAJÁS,4707,73513,21128,22799,13059,13415,1502,1671,356,1315,62.956
SP,TREMEMBÉ,71978,29614,12947,14617,7149,7918,2090,1670,769,901,64.864
SP,REGISTRO,69531,45192,19226,20895,11683,12577,2479,1669,894,775,62.425
BA,SENHOR DO BONFIM,39012,54012,11990,13652,25238,26210,1917,1662,972,690,34.248
PR,MARECHAL CÂNDIDO RONDON,76830,40574,22717,24373,7801,7971,1466,1656,170,1486,75.356
SP,GARÇA,64351,32428,15286,16940,7518,8113,1681,1654,595,1059,67.617
PA,CAPANEMA,4430,54895,14809,16458,24307,24743,2729,1649,436,1213,39.946
GO,ITABERAÍ,94030,33268,11317,12965,10837,11329,1199,1648,492,1156,53.367
SC,POMERODE,82597,27266,14923,16570,3798,4007,1257,1647,209,1438,80.527
RS,IGREJINHA,87033,26726,13294,14939,7124,7210,1322,1645,86,1559,67.448
PR,ASSIS CHATEAUBRIAND,79537,27289,12632,14276,7231,7474,1080,1644,243,1401,65.637
TO,PORTO NACIONAL,95591,47207,14511,16152,17602,17901,2083,1641,299,1342,47.432
MG,MACHADO,47791,30458,12612,14248,8372,8906,1246,1636,534,1102,61.536
RN,CAICÓ,16390,45295,10816,12443,23044,24164,1792,1627,1120,507,33.991
CE,TAUÁ,15679,47389,8776,10400,22509,24064,3341,1624,1555,69,30.176
PR,JACAREZINHO,76295,29757,10508,12130,10741,11239,1254,1622,498,1124,51.906
SP,DRACENA,63894,33727,16753,18374,6933,7569,1666,1621,636,985,70.824
SP,PEDERNEIRAS,68357,32617,16131,17743,7579,8060,1540,1612,481,1131,68.763
RS,ELDORADO DO SUL,86240,26839,8827,10436,9765,9910,1788,1609,145,1464,51.293
CE,QUIXERAMOBIM,15296,60303,7634,9242,35247,36681,3335,1608,1434,174,20.125
SC,SOMBRIO,83496,22254,11072,12668,5095,5245,1075,1596,150,1446,70.72
PR,DOIS VIZINHOS,75418,33281,12240,13835,12522,12606,1037,1595,84,1511,52.324
SP,APARECIDA,61492,26882,12173,13761,7346,8119,2150,1588,773,815,62.893
SP,SÃO MANUEL,71030,29352,12415,13999,7903,8590,1740,1584,687,897,61.973
SP,CRAVINHOS,63630,27150,11579,13162,5988,6495,1538,1583,507,1076,66.958
GO,BELA VISTA DE GOIÁS,92657,24237,8601,10182,6616,7174,1391,1581,558,1023,58.666
GO,IPORÁ,93998,26665,10380,11960,7317,7796,1320,1580,479,1101,60.539
MG,PIUMHI,50296,26312,10889,12460,6598,7058,850,1571,460,1111,63.839
MG,JOÃO PINHEIRO,47252,38869,13036,14606,12791,12917,1163,1570,126,1444,53.068
RS,SÃO LUIZ GONZAGA,88811,26329,8397,9966,9815,9629,1294,1569,-186,1755,50.86
SP,IBATÉ,64874,26273,8646,10204,8432,8857,1507,1558,425,1133,53.533
PE,BELO JARDIM,23337,60970,12047,13602,31267,32048,2124,1555,781,774,29.796
RS,DOM PEDRITO,86290,29316,8323,9878,11541,11319,1418,1555,-222,1777,46.601
MS,PARANAÍBA,91251,31568,11266,12820,9219,9667,1948,1554,448,1106,57.011
CE,IGUATU,14117,71596,8808,10351,44168,46013,2732,1543,1845,-302,18.365
PE,CARPINA,23795,60140,18701,20237,24968,25788,1795,1536,820,716,43.97
SP,DESCALVADO,63754,24956,10961,12497,5151,5700,1580,1536,549,987,68.676
CE,SÃO BENEDITO,15474,37621,5618,7153,19345,20977,2085,1535,1632,-97,25.428
MG,BARÃO DE COCAIS,41076,24154,6613,8147,10079,10882,1559,1534,803,731,42.814
MG,COROMANDEL,43850,24530,9176,10710,7080,7425,1220,1534,345,1189,59.057
SP,JOSÉ BONIFÁCIO,66150,27328,12381,13915,6792,7318,1298,1534,526,1008,65.535
ES,CASTELO,56278,30080,15126,16659,5580,5899,1353,1533,319,1214,73.85
SC,SÃO JOÃO BATISTA,83216,23149,12723,14256,3695,3846,838,1533,151,1382,78.754
SP,PRESIDENTE VENCESLAU,69310,26451,12542,14070,6300,6603,1387,1528,303,1225,68.06
BA,DIAS D ÁVILA,30872,0,8478,9999,28630,29699,2151,1521,1069,452,25.188
PA,MONTE ALEGRE,4952,52647,17901,19420,18112,18240,2496,1519,128,1391,51.567
MA,BACABAL,7234,72016,16084,17601,33396,34297,2100,1517,901,616,33.915
SC,JOAÇABA,81779,22429,11593,13104,4691,4959,1276,1511,268,1243,72.546
MG,PONTE NOVA,50415,44599,9943,11451,22134,22919,2079,1508,785,723,33.317
CE,BARBALHA,13374,53534,7861,9367,28304,29954,2322,1506,1650,-144,23.822
MT,NOVA MUTUM,90646,38016,17140,18643,6198,6327,792,1503,129,1374,74.662
MG,CAPELINHA,42455,31134,7616,9118,11470,12197,1061,1502,727,775,42.777
MS,NAVIRAÍ,91138,37601,16195,17697,9124,9093,1479,1502,-31,1533,66.058
MG,DIAMANTINA,44318,38778,7167,8664,17923,19045,1732,1497,1122,375,31.268
PR,MATINHOS,79634,35399,11805,13297,8736,9358,1634,1492,622,870,58.693
BA,ITAPETINGA,36293,48526,15715,17204,19052,19427,1763,1489,375,1114,46.966
PR,CARAMBEÍ,75221,17452,8167,9655,3601,3743,1110,1488,142,1346,72.063
BA,CANDEIAS,34290,64979,7471,8957,40234,41547,1978,1486,1313,173,17.735
SP,PONTAL,69051,28189,10275,11760,10101,10562,1368,1485,461,1024,52.683
MG,PITANGUI,50270,21494,9476,10955,5725,5960,1250,1479,235,1244,64.765
MG,POMPÉU,50393,24364,6612,8089,9731,10254,857,1477,523,954,44.099
RS,PORTÃO,87998,25774,10859,12331,7662,7692,1275,1472,30,1442,61.584
SC,BARRA VELHA,80411,29694,13397,14869,4704,5028,808,1472,324,1148,74.73
MT,PONTES E LACERDA,89990,34651,16094,17559,5367,5698,997,1465,331,1134,75.5
SC,URUSSANGA,83739,17348,8803,10265,2755,2964,915,1462,209,1253,77.595
RJ,PARAÍBA DO SUL,58734,34360,12627,14086,10387,11138,1927,1459,751,708,55.844
CE,LIMOEIRO DO NORTE,14532,47073,7555,9010,27138,28662,2496,1455,1524,-69,23.917
SP,JARDINÓPOLIS,66036,29816,12716,14171,6812,7501,1330,1455,689,766,65.389
MG,LEOPOLDINA,47678,40244,10855,12305,17698,18381,1730,1450,683,767,40.1
PB,GUARABIRA,20273,43734,11134,12583,20150,20848,2081,1449,698,751,37.639
SP,PARAGUAÇU PAULISTA,68110,30038,12297,13739,9062,9564,1354,1442,502,940,58.958
SC,SANTO AMARO DA IMPERATRIZ,83097,20317,9457,10896,4482,4902,1300,1439,420,1019,68.971
TO,PARAÍSO DO TOCANTINS,95192,36123,16269,17707,8294,8349,1224,1438,55,1383,67.957
MS,NOVA ANDRADINA,91235,35690,13211,14648,10254,10360,1636,1437,106,1331,58.573
RS,TEUTÔNIA,98213,25661,11289,12726,7230,7126,1696,1437,-104,1541,64.104
MG,VISCONDE DO RIO BRANCO,54410,30759,8712,10147,13028,13668,1103,1435,640,795,42.608
RS,FREDERICO WESTPHALEN,86673,25144,10799,12234,7813,7918,1215,1435,105,1330,60.709
RS,SÃO JOSÉ DO NORTE,88730,20720,5466,6896,8331,8748,1841,1430,417,1013,44.081
PI,PICOS,11592,54457,10134,11563,31183,31661,1992,1429,478,951,26.751
PA,TAILÂNDIA,4022,55676,16644,18071,20617,20804,1932,1427,187,1240,46.485
RS,TAPEJARA,89214,17513,9687,11109,3259,3239,939,1422,-20,1442,77.425
MT,CAMPO NOVO DO PARECIS,90484,31158,12526,13944,6180,6260,627,1418,80,1338,69.016
SP,AGUDOS,61131,28888,13235,14648,6905,7299,1520,1413,394,1019,66.743
MG,CARMO DO CAJURU,42838,19104,6747,8157,6416,6768,1195,1410,352,1058,54.653
SP,ADAMANTINA,61018,25558,13529,14937,4697,5122,1216,1408,425,983,74.465
PR,GUARATUBA,75876,32556,13350,14752,6412,6846,1236,1402,434,968,68.303
MA,CODÓ,7633,82594,11637,13035,40773,43374,2708,1398,2601,-1203,23.108
SP,ITUVERAVA,65838,27436,11363,12759,7924,8399,1292,1396,475,921,60.303
MG,VÁRZEA DA PALMA,54151,27238,7528,8923,9750,10291,1150,1395,541,854,46.44
PR,CAMPO MAGRO,75205,21478,7959,9351,6463,6711,1139,1392,248,1144,58.218
SP,BIRITIBA MIRIM,62316,24235,9057,10445,6496,6910,1675,1388,414,974,60.184
PR,PALMAS,77330,32312,9644,11024,12571,12752,902,1380,181,1199,46.366
CE,CRUZ,15890,23846,4906,6285,10695,11076,1092,1379,381,998,36.202
SP,ARAÇOIABA DA SERRA,61573,26428,11224,12602,5804,6517,1553,1378,713,665,65.913
SP,SANTA FÉ DO SUL,70335,25902,11880,13258,5692,6151,1373,1378,459,919,68.309
PR,PIRAÍ DO SUL,77674,18817,7789,9166,5209,5549,1118,1377,340,1037,62.29
PE,IPOJUCA,24430,89251,16142,17518,45294,45488,1922,1376,194,1182,27.804
GO,URUAÇU,96334,30502,10765,12139,9351,9794,1199,1374,443,931,55.346
SE,ITABAIANA,31577,76700,19995,21361,33995,35632,3642,1366,1637,-271,37.48
RJ,PARACAMBI,58718,33767,14164,15528,9826,10260,1478,1364,434,930,60.214
MG,ITURAMA,46876,30044,9239,10602,11617,12032,866,1363,415,948,46.841
RS,SOLEDADE,89192,21777,7667,9030,8637,8329,1038,1363,-308,1671,52.019
GO,SÃO LUÍS DE MONTES BELOS,95990,24605,12165,13526,4876,5241,1001,1361,365,996,72.073
MG,SALINAS,51390,33110,7675,9031,13686,14737,1069,1356,1051,305,37.996
SP,PILAR DO SUL,68594,22456,9715,11070,5678,6183,1254,1355,505,850,64.163
PR,IVAIPORÃ,76236,24058,9658,11012,7963,8303,1298,1354,340,1014,57.013
RJ,SÃO FRANCISCO DE ITABAPOANA,58289,39960,16831,18184,8792,8976,1407,1353,184,1169,66.951
RS,RIO PARDO,88170,28707,7837,9190,12787,12819,1531,1353,32,1321,41.756
SC,SÃO JOAQUIM,83259,19549,7599,8950,5564,5871,1201,1351,307,1044,60.387
RS,ITAQUI,87130,26236,9173,10523,8700,8901,1375,1350,201,1149,54.175
MT,JUARA,98191,25506,12362,13708,4059,4310,639,1346,251,1095,76.079
BA,JACOBINA,36510,61890,10729,12073,32313,33363,1943,1344,1050,294,26.571
MG,JUATUBA,40320,25075,7538,8879,8171,8576,1236,1341,405,936,50.868
PA,CONCEIÇÃO DO ARAGUAIA,4537,33635,12110,13451,10307,10640,1512,1341,333,1008,55.834
RJ,ITATIAIA,58440,26643,9947,11288,7952,8278,1300,1341,326,1015,57.692
SP,RIO DAS PEDRAS,69817,25321,11631,12972,6137,6410,1206,1341,273,1068,66.928
RS,CHARQUEADAS,86932,24302,7530,8870,10340,10700,1558,1340,360,980,45.324
SP,CACHOEIRA PAULISTA,62731,23979,9612,10952,7107,7636,1593,1340,529,811,58.92
MG,MONTE SIÃO,48674,18696,9824,11161,3246,3434,664,1337,188,1149,76.471
MA,SANTA INÊS,9571,63588,14011,15347,29412,30176,1905,1336,764,572,33.713
MG,CARANGOLA,42650,23144,7390,8726,9422,9738,1020,1336,316,1020,47.26
PR,PALOTINA,77399,24695,13520,14852,4899,5145,889,1332,246,1086,74.271
BA,BRUMADO,33910,53505,11262,12589,27831,28845,1619,1327,1014,313,30.383
MG,NEPOMUCENO,48917,20914,6868,8190,6925,7553,975,1322,628,694,52.023
SP,OSVALDO CRUZ,67938,22864,11123,12445,4820,5306,1172,1322,486,836,70.109
SP,PRESIDENTE EPITÁCIO,69272,29865,11570,12892,8499,9030,1444,1322,531,791,58.809
SC,ITUPORANGA,81671,19901,11328,12643,3179,3374,800,1315,195,1120,78.935
PR,PITANGA,77712,25724,8667,9980,10261,10432,1154,1313,171,1142,48.893
GO,NERÓPOLIS,94870,25885,8645,9957,7397,7822,1231,1312,425,887,56.004
MG,TAIOBEIRAS,53597,27746,9943,11252,7822,8214,804,1309,392,917,57.803
SP,PROMISSÃO,69337,26572,10620,11929,7709,8030,1044,1309,321,988,59.768
CE,ACARAÚ,13030,49292,8288,9596,24551,26113,2291,1308,1562,-254,26.873
SP,AMÉRICO BRASILIENSE,61336,27329,8295,9600,11126,11678,1517,1305,552,753,45.117
RS,TRIUNFO,89435,21975,8768,10071,6514,6826,1429,1303,312,991,59.602
SC,ARAQUARI,80250,28379,11632,12930,5308,5399,840,1298,91,1207,70.544
ES,DOMINGOS MARTINS,56375,29167,14247,15544,6346,6867,1533,1297,521,776,69.359
SP,JARINU,66052,26785,10780,12076,6486,6936,1334,1296,450,846,63.518
GO,PORANGATU,95559,31023,11535,12830,10080,10468,1213,1295,388,907,55.069
MG,BOCAIÚVA,41459,35714,6887,8182,18570,19692,1233,1295,1122,173,29.354
SP,AGUAÍ,61050,24260,9134,10429,6397,6904,1248,1295,507,788,60.168
SP,GUARAREMA,64670,26410,10917,12212,6456,6975,1529,1295,519,776,63.647
RS,VERANÓPOLIS,89591,18649,10783,12076,3002,3180,1048,1293,178,1115,79.156
SC,XAXIM,83879,23037,11124,12416,6121,6189,893,1292,68,1224,66.735
PR,IMBITUVA,75973,23485,10535,11825,6530,6854,1273,1290,324,966,63.306
SC,ORLEANS,82295,19353,10975,12264,3035,3186,824,1289,151,1138,79.379
CE,NOVA RUSSAS,14877,24967,4407,5693,12565,12706,1115,1286,141,1145,30.942
RN,SÃO JOSÉ DE MIPIBU,18414,35841,8218,9504,15481,16259,1218,1286,778,508,36.89
RS,CAÇAPAVA DO SUL,85553,25096,5810,7096,11378,11965,1913,1286,587,699,37.228
SP,GUARIBA,64734,28404,10551,11836,9540,10125,1502,1285,585,700,53.896
PR,JAGUARIAÍVA,76333,26015,11916,13193,6973,7196,928,1277,223,1054,64.706
GO,NIQUELÂNDIA,94897,28308,9361,10636,8907,9288,1416,1275,381,894,53.383
RS,PALMEIRA DAS MISSÕES,87777,24140,9062,10337,9066,8979,1077,1275,-87,1362,53.515
RS,ROSÁRIO DO SUL,88315,31350,9398,10673,12063,12084,1415,1275,21,1254,46.9
PR,IBAITI,75892,21648,8570,9844,6214,6434,926,1274,220,1054,60.474
MG,PARAISÓPOLIS,49450,16497,6252,7517,4560,5004,1108,1265,444,821,60.035
CE,CANINDÉ,13552,60362,7942,9206,34884,35985,2284,1264,1101,163,20.371
PR,RIO BRANCO DO SUL,78212,27289,9245,10509,10672,11075,1112,1264,403,861,48.689
RJ,SANTO ANTÔNIO DE PÁDUA,58939,33796,13656,14919,9097,9690,1223,1263,593,670,60.624
PR,GOIOERÊ,75698,21185,9772,11033,5706,6090,953,1261,384,877,64.434
MT,COLÍDER,89796,23635,13331,14589,3328,3529,688,1258,201,1057,80.522
MG,SÃO FRANCISCO,52213,42019,7674,8931,18390,19259,1249,1257,869,388,31.681
RJ,MANGARATIBA,58513,46640,16728,17984,9879,10142,1620,1256,263,993,63.941
PR,QUATRO BARRAS,77950,18220,8020,9272,4007,4223,1024,1252,216,1036,68.707
CE,MASSAPÊ,14613,31866,5112,6362,16849,18279,2287,1250,1430,-180,25.819
RS,SÃO MARCOS,88838,16708,9083,10333,2996,3147,1051,1250,151,1099,76.654
MA,GRAJAÚ,7935,52347,11538,12787,24335,24421,1442,1249,86,1163,34.366
SP,BARIRI,62030,23196,11512,12760,4613,5047,1327,1248,434,814,71.657
PA,XINGUARA,5711,35484,15385,16632,9613,9690,1196,1247,77,1170,63.187
RS,IVOTI,87173,17025,8863,10110,3759,4009,1138,1247,250,997,71.606
SC,IBIRAMA,81353,15493,7888,9134,2543,2728,777,1246,185,1061,77.002
CE,BEBERIBE,13439,47037,8870,10115,23925,25104,2434,1245,1179,66,28.72
MG,CAMPESTRE,42196,16483,6805,8049,4457,4914,996,1244,457,787,62.092
BA,CRUZ DAS ALMAS,34959,49461,10527,11766,25821,26835,1719,1239,1014,225,30.481
MG,SACRAMENTO,51373,20946,7628,8867,6142,6258,849,1239,116,1123,58.625
PR,MANDAGUAÇU,76759,19909,7912,9151,5335,5597,914,1239,262,977,62.049
RS,LAGOA VERMELHA,87270,19937,8337,9574,6514,6540,1032,1237,26,1211,59.414
BA,ITABERABA,35955,48904,8447,9681,26701,27532,1757,1234,831,403,26.015
ES,NOVA VENÉCIA,56774,41258,13657,14891,13420,13255,1516,1234,-165,1399,52.906
CE,ITAPAJÉ,14273,39756,9549,10782,19627,20562,1889,1233,935,298,34.399
MT,CAMPO VERDE,90506,34060,15196,16427,7158,7351,951,1231,193,1038,69.085
MS,MARACAJU,91073,29854,13484,14714,7072,6926,994,1230,-146,1376,67.994
MG,SÃO JOSÉ DA LAPA,40789,19754,7307,8535,6766,7131,1149,1228,365,863,54.481
MG,TRÊS MARIAS,41157,25005,7792,9018,8462,8635,989,1226,173,1053,51.085
SP,ILHABELA,65099,31192,10850,12076,8576,9596,1885,1226,1020,206,55.722
SP,JUQUITIBA,66257,22853,7395,8620,8038,8467,1591,1225,429,796,50.448
PR,NOVA ESPERANÇA,77216,19515,8915,10139,5297,5659,962,1224,362,862,64.179
SP,SÃO PEDRO,71099,28603,12973,14197,5160,5641,1376,1224,481,743,71.565
AL,MARECHAL DEODORO,27936,47180,15343,16560,13719,13267,2193,1217,-452,1669,55.52
GO,PIRES DO RIO,95451,22103,9187,10397,5521,5918,1025,1210,397,813,63.727
PA,URUARÁ,5754,32034,15092,16301,5730,5926,958,1209,196,1013,73.339
PR,RESERVA,78115,20380,7367,8576,6629,6898,860,1209,269,940,55.422
PR,ASTORGA,74390,19649,10530,11738,4104,4419,740,1208,315,893,72.65
BA,IRECÊ,35939,51404,9898,11104,27119,27983,1695,1206,864,342,28.408
GO,PIRACANJUBA,95397,18854,6428,7634,5899,6392,1113,1206,493,713,54.427
MG,JANUÁRIA,47031,51398,7199,8405,24868,26063,1518,1206,1195,11,24.385
MG,ELÓI MENDES,44717,20007,8197,9402,5835,6153,948,1205,318,887,60.444
RN,CURRAIS NOVOS,16616,33029,7834,9038,14775,15618,1394,1204,843,361,36.656
RS,GUAPORÉ,86878,18983,10571,11775,3706,3868,958,1204,162,1042,75.273
MG,SANTA BÁRBARA,51438,24294,5691,6894,10772,11658,1447,1203,886,317,37.16
SP,CÂNDIDO MOTA,63010,22929,11256,12459,5224,5548,1005,1203,324,879,69.19
CE,ITAITINGA,13480,38228,7531,8733,15703,16483,1519,1202,780,422,34.633
SC,HERVAL D OESTE,81310,0,7838,9037,4286,4429,949,1199,143,1056,67.11
SC,PENHA,82457,26304,11921,13120,3969,4345,1035,1199,376,823,75.122
PI,PIRIPIRI,11673,53258,8085,9279,27351,28281,1721,1194,930,264,24.704
PR,BANDEIRANTES,74454,24462,12543,13737,5338,5575,859,1194,237,957,71.132
SP,PIRACAIA,68730,21584,9784,10978,4800,5471,1638,1194,671,523,66.74
MG,ABAETÉ,40037,17479,6504,7696,6119,6302,795,1192,183,1009,54.979
MG,PORTEIRINHA,50431,31752,7272,8462,14220,14983,963,1190,763,427,36.093
AL,PALMEIRA DOS ÍNDIOS,28258,54643,12279,13468,24549,23869,2218,1189,-680,1869,36.071
SP,PIRAJU,68772,22055,8705,9893,6338,6896,1395,1188,558,630,58.925
SP,RANCHARIA,69450,22931,8855,10043,6949,7398,1292,1188,449,739,57.583
CE,JAGUARUANA,14419,29116,5735,6922,14582,15108,1465,1187,526,661,31.421
MG,SANTO ANTÔNIO DO MONTE,52078,21074,10386,11569,4073,4368,773,1183,295,888,72.592
PE,MORENO,24872,48840,11884,13064,23781,24360,1637,1180,579,601,34.908
RJ,SÃO JOÃO DA BARRA,58998,43196,16398,17577,10893,11393,1697,1179,500,679,60.673
RS,SANTA VITÓRIA DO PALMAR,88498,23419,5034,6213,10313,10372,1738,1179,59,1120,37.462
RS,VERA CRUZ,89575,19468,7830,9009,6996,6896,1002,1179,-100,1279,56.643
PA,DOM ELISEU,5975,30169,9705,10883,11863,11698,985,1178,-165,1343,48.195
PR,MANDIRITUBA,76791,19916,7614,8792,6100,6188,898,1178,88,1090,58.692
PI,FLORIANO,10774,45077,7249,8425,25485,26202,1842,1176,717,459,24.331
GO,SILVÂNIA,96091,16369,6134,7309,4767,5075,1024,1175,308,867,59.02
CE,TRAIRI,15717,49964,8105,9276,25816,26617,2527,1171,801,370,25.843
GO,IPAMERI,93971,20533,7158,8329,6682,7028,957,1171,346,825,54.236
MG,JACUTINGA,46973,19272,9293,10464,3682,4011,807,1171,329,842,72.29
RJ,BOM JARDIM,58092,22666,8314,9485,6323,7249,1299,1171,926,245,56.681
SC,SÃO LOURENÇO DO OESTE,83330,19067,8434,9604,5332,5486,917,1170,154,1016,63.645
RS,CANDELÁRIA,85812,22432,9158,10324,7320,7249,1202,1166,-71,1237,58.749
MG,ITAPECERICA,46698,17112,5360,6519,7222,7586,852,1159,364,795,46.218
PR,PINHÃO,77658,23862,5867,7026,10459,10741,978,1159,282,877,39.545
RO,PIMENTA BUENO,116,27511,13773,14932,4887,4927,914,1159,40,1119,75.19
RS,ROLANTE,88234,16328,7558,8717,4721,4709,956,1159,-12,1171,64.926
GO,ALEXÂNIA,92053,21999,9486,10643,4861,5201,1061,1157,340,817,67.174
SP,SANTA CRUZ DAS PALMEIRAS,70270,21473,8866,10023,5725,6102,1042,1157,377,780,62.158
BA,CATU,34495,41278,5531,6684,23703,24643,1639,1153,940,213,21.336
SC,CAPINZAL,80756,17200,7720,8873,4821,5061,878,1153,240,913,63.679
SE,ESTÂNCIA,31410,51043,8695,9847,25843,26903,2111,1152,1060,92,26.795
MT,GUARANTÃ DO NORTE,99058,22758,12410,13560,3024,3152,424,1150,128,1022,81.139
PR,ARAPOTI,74292,19028,8864,10014,4601,4840,787,1150,239,911,67.416
SC,GUABIRUBA,81230,17178,9857,11006,2653,2805,775,1149,152,997,79.69
RS,NOVA PRATA,87696,19016,10810,11957,3338,3572,1066,1147,234,913,76.998
SP,PITANGUEIRAS,68918,25007,9407,10554,8469,8842,1045,1147,373,774,54.413
MG,PARAOPEBA,49476,19713,7292,8438,7049,7309,965,1146,260,886,53.585
SP,CORDEIRÓPOLIS,63495,19586,8858,10004,4790,5100,1151,1146,310,836,66.234
SP,SANTA RITA DO PASSA QUATRO,70513,20029,9223,10369,4016,4553,1264,1146,537,609,69.488
RJ,ARRAIAL DO CABO,59277,35403,13917,15062,8067,8428,1393,1145,361,784,64.121
SP,NOVO HORIZONTE,67717,28652,13948,15093,6391,6705,1178,1145,314,831,69.24
RS,IBIRUBÁ,87017,16479,8129,9271,4259,4279,962,1142,20,1122,68.421
RS,IMBÉ,85685,24149,7485,8625,5944,6292,1273,1140,348,792,57.82
RS,ESTRELA,86533,24694,13301,14439,5474,5562,1382,1138,88,1050,72.191
SC,ITAIÓPOLIS,81590,16697,8838,9974,3178,3402,684,1136,224,912,74.566
SC,FORQUILHINHA,81060,22467,11327,12462,4499,4531,858,1135,32,1103,73.336
PA,ALENQUER,4073,45687,14435,15563,15772,16020,2233,1128,248,880,49.277
GO,HIDROLÂNDIA,93890,23608,6832,7959,5899,6247,1161,1127,348,779,56.026
BA,ITAMARAJU,36137,46110,15716,16841,16691,16983,1273,1125,292,833,49.79
SP,BARRINHA,62111,23653,7922,9041,9252,9606,1119,1119,354,765,48.485
PE,GOIANA,24236,67178,16386,17502,31649,31879,1655,1116,230,886,35.443
MA,CHAPADINHA,7617,60398,10060,11173,30953,31808,1621,1113,855,258,25.995
BA,SERRINHA,39098,63833,10496,11608,35341,36616,2096,1112,1275,-163,24.071
SP,SERRA NEGRA,71331,22314,10141,11251,4911,5478,1399,1110,567,543,67.254
CE,MAURITI,14630,36639,4792,5901,20297,21178,1545,1109,881,228,21.792
RO,OURO PRETO DO OESTE,175,28330,13523,14631,5740,5872,1062,1108,132,976,71.36
PR,CAMBARÁ,74691,17890,7432,8539,5128,5282,745,1107,154,953,61.783
SP,SANTA ROSA DE VITERBO,70530,18058,6677,7780,5505,5979,1173,1103,474,629,56.545
SP,GUARARAPES,64653,23649,11024,12126,5512,5978,1199,1102,466,636,66.98
MG,GUANHÃES,45594,25104,6333,7434,8763,9447,940,1101,684,417,44.038
AM,HUMAITÁ,2356,34973,9836,10935,12604,12406,1267,1099,-198,1297,46.849
SC,GAROPABA,81132,24144,9098,10197,6265,6620,1126,1099,355,744,60.635
PI,CAMPO MAIOR,10430,35912,5936,7034,20533,21073,1465,1098,540,558,25.026
SC,CAPIVARI DE BAIXO,81027,18230,8246,9344,4618,4806,843,1098,188,910,66.035
PR,JANDAIA DO SUL,76350,16573,8153,9247,3818,4014,927,1094,196,898,69.731
MG,SÃO GONÇALO DO SAPUCAÍ,52396,19170,6368,7459,6246,6458,1019,1091,212,879,53.596
PA,TOMÉ-AÇU,5592,52995,13846,14937,22565,23010,2068,1091,445,646,39.363
SP,BRODOWSKI,62570,17209,8229,9320,4090,4390,899,1091,300,791,67.98
MG,BAMBUÍ,41017,19054,5532,6622,7173,7554,900,1090,381,709,46.713
PE,SURUBIM,25895,48595,10195,11284,24534,25284,1156,1089,750,339,30.858
ES,ITAPEMIRIM,56553,36667,17409,18496,8488,8504,1242,1087,16,1071,68.504
MG,MONTE SANTO DE MINAS,48631,17089,5608,6694,5237,5659,859,1086,422,664,54.189
MG,SÃO JOAQUIM DE BICAS,41629,25104,6394,7479,8235,8703,988,1085,468,617,46.218
RJ,ARMAÇÃO DOS BÚZIOS,58408,36378,15040,16125,7812,8320,1415,1085,508,577,65.964
RS,SÃO SEBASTIÃO DO CAÍ,88935,17561,7800,8885,5029,5087,933,1085,58,1027,63.591
SC,COCAL DO SUL,80306,14821,7392,8477,2597,2782,745,1085,185,900,75.291
PR,GUAÍRA,75710,23863,11413,12496,5649,5627,702,1083,-22,1105,68.951
PE,SERRA TALHADA,25771,63867,9424,10506,35650,35953,1275,1082,303,779,22.613
ES,AFONSO CLÁUDIO,56014,26279,9828,10904,6524,6641,1194,1076,117,959,62.149
MG,CAXAMBU,43095,17709,5246,6320,6106,6499,977,1074,393,681,49.302
GO,PALMEIRAS DE GOIÁS,95117,23486,9396,10469,5861,6112,929,1073,251,822,63.139
MG,PRESIDENTE OLEGÁRIO,50679,16299,5086,6159,5422,5647,761,1073,225,848,52.168
ES,VENDA NOVA DO IMIGRANTE,57975,20224,9539,10610,3388,3682,905,1071,294,777,74.237
MG,ITAMARANDIBA,46493,26482,5899,6969,10799,11656,971,1070,857,213,37.417
RS,ENCANTADO,86339,16645,8475,9544,4057,4218,976,1069,161,908,69.35
CE,UBAJARA,15733,28011,5030,6095,12615,14214,2026,1065,1599,-534,30.011
MG,CARANDAÍ,42633,20700,6309,7374,8401,8977,962,1065,576,489,45.098
RS,TRÊS COROAS,89370,17428,8743,9808,4509,4611,918,1065,102,963,68.021
RO,ESPIGÃO DO OESTE,256,23339,12531,13595,4277,4212,780,1064,-65,1129,76.346
RN,ASSÚ,16039,45705,7671,8733,24909,26008,1675,1062,1099,-37,25.137
MG,PERDÕES,49972,17316,6303,7363,5548,5975,779,1060,427,633,55.203
SC,BALNEÁRIO PIÇARRAS,82511,23339,9472,10532,3642,3833,756,1060,191,869,73.317
CE,ITAREMA,15954,34564,7345,8404,15197,16026,1663,1059,829,230,34.4
MG,PRATA,50555,22355,6556,7615,8323,8687,746,1059,364,695,46.712
RS,JAGUARÃO,87211,20444,5355,6414,8500,8715,1361,1059,215,844,42.395
MG,LAMBARI,47554,17361,7218,8276,4533,4756,736,1058,223,835,63.505
MG,CAMPOS GERAIS,42315,20515,7413,8469,6428,6852,766,1056,424,632,55.277
MG,ALÉM PARAÍBA,40290,27061,8165,9220,11157,11582,1174,1055,425,630,44.323
MG,CAMANDUCAIA,42099,19012,6686,7741,5491,5879,675,1055,388,667,56.836
SP,CASA BRANCA,63177,19599,8738,9789,4479,4901,1047,1051,422,629,66.637
CE,ACOPIARA,13056,38719,3950,5000,23642,25144,2014,1050,1502,-452,16.587
MG,BURITIS,41858,20595,6588,7637,6318,6367,658,1049,49,1000,54.534
ES,IÚNA,56596,21300,9849,10893,4631,4692,820,1044,61,983,69.894
CE,GUARACIABA DO NORTE,14010,34750,4918,5956,17541,19222,1873,1038,1681,-643,23.656
RS,NOVA PETRÓPOLIS,87670,18160,9419,10456,3091,3311,1182,1037,220,817,75.95
BA,MATA DE SÃO JOÃO,37214,43175,5855,6890,23148,23805,1265,1035,657,378,22.447
GO,PIRENÓPOLIS,95435,20783,7490,8523,6441,6870,1014,1033,429,604,55.369
MG,ALPINÓPOLIS,40371,16064,5736,6768,5271,5563,785,1032,292,740,54.886
PA,ACARÁ,4030,48852,9994,11026,24143,24668,2520,1032,525,507,30.89
SP,ILHA SOLTEIRA,61204,20330,7173,8205,5735,6442,1402,1032,707,325,56.018
ES,BARRA DE SÃO FRANCISCO,56170,34613,11919,12950,10525,10696,1002,1031,171,860,54.766
SC,MARAVILHA,82058,20440,10254,11285,4689,4735,951,1031,46,985,70.443
BA,IPIRÁ,35815,48040,5830,6860,26950,27996,1446,1030,1046,-16,19.681
SP,SALESÓPOLIS,70017,14749,5804,6834,4018,4506,1331,1030,488,542,60.265
PR,SIQUEIRA CAMPOS,79073,16471,5323,6351,5555,5789,874,1028,234,794,52.315
PE,ARCOVERDE,23230,51898,8763,9790,28252,28536,1438,1027,284,743,25.544
PE,BEZERROS,23370,48387,9262,10289,26340,26858,1263,1027,518,509,27.698
PE,PAUDALHO,25119,45882,12692,13715,20713,21236,1169,1023,523,500,39.241
SP,BOM JESUS DOS PERDÕES,62413,18397,7529,8551,4843,5165,1057,1022,322,700,62.343
PR,COLORADO,75159,17649,6809,7829,6429,6725,861,1020,296,724,53.793
MG,SÃO JOÃO NEPOMUCENO,52574,20148,6460,7479,7538,8068,1105,1019,530,489,48.106
RJ,VASSOURAS,59234,29341,10379,11398,10263,10953,1469,1019,690,329,50.995
GO,POSSE,95613,25403,8127,9144,9165,9578,955,1017,413,604,48.841
ES,SANTA MARIA DE JETIBÁ,57932,31316,15370,16385,7111,7332,1232,1015,221,794,69.085
RJ,PARATY,58750,35556,14315,15329,8407,9086,1325,1014,679,335,62.785
SP,IGARAPAVA,65030,19753,6432,7446,6997,7426,1121,1014,429,585,50.067
ES,GUAÇUÍ,56456,22392,8443,9454,6172,6438,963,1011,266,745,59.489
RS,SARANDI,89036,17151,7964,8975,4934,4968,907,1011,34,977,64.369
CE,PARACURU,15059,33745,6575,7583,16787,17580,1507,1008,793,215,30.136
SP,PIRAPOZINHO,68853,19428,8208,9216,5716,6224,1155,1008,508,500,59.689
MG,NANUQUE,48852,29375,9124,10130,9662,10129,779,1006,467,539,50.002
MG,MONTE ALEGRE DE MINAS,48550,15420,4347,5351,5656,5841,535,1004,185,819,47.811
PR,CRUZ MACHADO,75337,13746,5320,6324,4237,4493,932,1004,256,748,58.464
PR,LARANJEIRAS DO SUL,76597,24390,7698,8702,10256,10365,931,1004,109,895,45.639
MS,COXIM,90654,26489,9149,10152,8298,8215,1094,1003,-83,1086,55.273
MG,ESPERA FELIZ,44830,18184,5661,6663,6857,7256,560,1002,399,603,47.87
PE,LIMOEIRO,24775,45675,8855,9856,24808,25468,1280,1001,660,341,27.902
SP,LARANJAL PAULISTA,66290,20806,10438,11438,4206,4473,987,1000,267,733,71.887
ES,IBATIBA,57096,19623,9091,10089,4343,4465,703,998,122,876,69.321
RJ,IGUABA GRANDE,58262,30665,12769,13766,5984,6453,1216,997,469,528,68.084
RS,SÃO FRANCISCO DE PAULA,88676,16452,5292,6289,5851,5874,894,997,23,974,51.706
SP,CUNHA,63738,18167,6496,7493,5642,6194,976,997,552,445,54.745
MT,MIRASSOL D OESTE,91774,0,9085,10080,4326,4545,611,995,219,776,68.923
SP,SANTA GERTRUDES,70351,19166,8755,9747,4664,4899,892,992,235,757,66.551
RJ,BOM JESUS DO ITABAPOANA,58114,28554,11658,12649,9416,9839,1224,991,423,568,56.248
RS,NOVA SANTA RITA,87246,20503,7164,8152,6538,6473,905,988,-65,1053,55.74
RJ,CASIMIRO DE ABREU,58254,36075,15817,16803,7670,8213,1310,986,543,443,67.169
MG,INHAPIM,46175,19726,7134,8119,6498,6764,545,985,266,719,54.552
MG,MUZAMBINHO,48810,18000,6591,7574,5789,6136,801,983,347,636,55.244
MT,BARRA DO BUGRES,90336,22400,7905,8888,8475,8645,774,983,170,813,50.693
CE,FORQUILHA,15911,19762,3653,4633,9181,10387,2248,980,1206,-226,30.846
AL,SÃO MIGUEL DOS CAMPOS,28711,43133,13946,14924,15501,15449,1974,978,-52,1030,49.136
MA,PINHEIRO,8699,62977,10146,11124,31891,32787,2344,978,896,82,25.333
SC,SCHROEDER,83437,14019,7873,8845,2606,2596,532,972,-10,982,77.31
PR,QUEDAS DO IGUAÇU,79553,23251,9992,10962,7261,7106,576,970,-155,1125,60.671
RJ,PATY DO ALFERES,59315,24334,10092,11062,6164,6589,1197,970,425,545,62.671
SC,SEARA,83453,13970,5640,6610,4783,5018,821,970,235,735,56.846
MG,SANTANA DO PARAÍSO,40681,25857,9595,10563,6817,7093,745,968,276,692,59.827
RS,TRÊS DE MAIO,89397,18466,8922,9889,4997,4957,892,967,-40,1007,66.611
PE,ESCADA,24031,48289,10034,10999,25712,25986,1399,965,274,691,29.739
BA,RIBEIRA DO POMBAL,38334,45177,6613,7577,24152,24787,1432,964,635,329,23.412
RS,TAQUARI,89290,19347,7731,8695,6903,6763,894,964,-140,1104,56.249
SP,IGUAPE,65072,22199,8490,9454,6182,6571,1056,964,389,575,58.995
GO,ITAPURANGA,94196,21522,8166,9129,7807,8134,908,963,327,636,52.882
MG,SIMONÉSIA,53511,16461,4960,5923,5749,5980,581,963,231,732,49.761
SC,PORTO BELO,82651,20052,8493,9455,3050,3273,790,962,223,739,74.285
RN,EXTREMOZ,16713,39583,8832,9793,12753,13323,1162,961,570,391,42.365
SP,DOIS CÓRREGOS,63835,18576,8201,9161,4417,4692,880,960,275,685,66.13
AC,CRUZEIRO DO SUL,1074,64208,30977,31936,10770,9733,3150,959,-1037,1996,76.642
SP,TANABI,71692,19968,9304,10261,4984,5254,955,957,270,687,66.136
SP,MONTE APRAZÍVEL,67296,17014,7499,8454,4388,4717,886,955,329,626,64.186
GO,PADRE BERNARDO,95095,20384,6951,7905,5909,6329,959,954,420,534,55.536
SC,ITAPIRANGA,81655,12209,6245,7199,2762,2880,758,954,118,836,71.426
MG,CARMO DO RIO CLARO,42870,15899,6068,7021,4816,5064,749,953,248,705,58.097
BA,XIQUE-XIQUE,39713,35476,4677,5629,19828,20301,931,952,473,479,21.708
PA,NOVO PROGRESSO,4383,24828,12824,13776,2830,2838,414,952,8,944,82.918
PA,NOVO REPARTIMENTO,4421,45739,17086,18037,14140,14079,1395,951,-61,1012,56.162
MS,IVINHEMA,90930,21222,8504,9454,5896,5950,886,950,54,896,61.374
SP,PALMITAL,68071,16162,7310,8260,4272,4425,771,950,153,797,65.116
MG,IBIÁ,45896,16863,5317,6265,6019,6284,612,948,265,683,49.924
MG,MUTUM,48798,21584,7613,8561,7472,7902,593,948,430,518,52.001
RJ,MIGUEL PEREIRA,58572,24851,9503,10451,7069,7537,1238,948,468,480,58.1
MG,LAGOA FORMOSA,47490,15907,5598,6545,4961,5299,795,947,338,609,55.26
PR,ALTÔNIA,79510,14523,6813,7760,3501,3685,658,947,184,763,67.803
SP,CONCHAL,63452,20939,11423,12369,4435,4674,757,946,239,707,72.575
MG,CONCEIÇÃO DAS ALAGOAS,43451,20177,5793,6737,8176,8369,562,944,193,751,44.598
PB,SOUSA,22250,48395,9618,10562,25912,26755,2044,944,843,101,28.303
PR,CRUZEIRO DO OESTE,75299,16525,7255,8195,4627,4823,589,940,196,744,62.951
SP,ÁLVARES MACHADO,61255,17975,7725,8665,5300,5724,922,940,424,516,60.22
MG,ITAGUARA,46434,10984,3602,4541,3502,3849,812,939,347,592,54.124
SC,JAGUARUNA,81736,16442,7955,8893,3157,3275,592,938,118,820,73.085
MG,JABOTICATUBAS,46914,16257,4555,5490,5715,6176,904,935,461,474,47.06
SP,MORRO AGUDO,67393,20202,7846,8780,6393,6670,895,934,277,657,56.828
SP,TAMBAÚ,71676,15921,5960,6894,4793,5167,1066,934,374,560,57.159
MG,CANDEIAS,42390,11513,3888,4819,4020,4301,469,931,281,650,52.84
SP,BROTAS,62596,17857,8257,9188,3616,4071,1032,931,455,476,69.296
SP,IPERÓ,65218,21612,7110,8039,6964,7427,1207,929,463,466,51.979
PB,SAPÉ,22071,38072,7905,8833,18697,18973,1449,928,276,652,31.767
SC,GOVERNADOR CELSO RAMOS,81116,16866,8349,9277,2559,2785,732,928,226,702,76.911
MG,SÃO JOÃO DO PARAÍSO,52531,18116,4642,5568,5770,6423,744,926,653,273,46.435
PR,ITAPERUÇU,74446,21637,5803,6729,9972,10312,869,926,340,586,39.487
BA,RIO REAL,38415,29326,4857,5782,14650,15399,1204,925,749,176,27.298
RS,GETÚLIO VARGAS,86770,12219,6421,7346,2864,2896,674,925,32,893,71.724
CE,ICÓ,14095,51556,6339,7263,28700,29903,2087,924,1203,-279,19.542
CE,IPUEIRAS,14192,31022,3955,4876,16852,17858,1581,921,1006,-85,21.448
ES,ANCHIETA,56073,24837,9614,10535,7314,7419,1015,921,105,816,58.678
PA,SÃO MIGUEL DO GUAMÁ,5517,42324,9153,10074,20452,21471,2698,921,1019,-98,31.935
SC,TRÊS BARRAS,83593,15088,6185,7106,4053,4300,779,921,247,674,62.301
SP,SANTO ANTÔNIO DE POSSE,70610,16304,7677,8598,4089,4245,806,921,156,765,66.947
MT,JACIARA,90956,20601,9593,10513,4687,4965,756,920,278,642,67.922
SP,IGARAÇU DO TIETÊ,65013,17569,7078,7998,5316,5503,903,920,187,733,59.24
AL,CORURIPE,27456,41952,13580,14497,13124,12675,1695,917,-449,1366,53.353
SC,PRESIDENTE GETÚLIO,82759,14299,7882,8798,2293,2392,517,916,99,817,78.624
ES,ALEGRE,56030,23640,8476,9391,8037,8083,1016,915,46,869,53.743
RS,CAPÃO DO LEÃO,89737,18491,5041,5956,7687,7943,1205,915,256,659,42.852
SP,ÁGUAS DE LINDÓIA,61093,14085,7077,7991,2929,3142,804,914,213,701,71.778
PE,ARARIPINA,23213,60214,8091,9004,33659,34412,1648,913,753,160,20.739
MT,NOVA XAVANTINA,91952,16303,7099,8011,3411,3581,424,912,170,742,69.108
MT,PEIXOTO DE AZEVEDO,98817,23838,8720,9632,6893,7102,587,912,209,703,57.559
RJ,SÃO FIDÉLIS,58955,30237,13737,14649,7828,8523,1197,912,695,217,63.219
MG,JAÍBA,40282,27140,6511,7421,11109,11430,574,910,321,589,39.367
PR,IPIRANGA,76031,11276,5220,6130,3046,3156,664,910,110,800,66.013
SP,APIAÍ,61530,18761,6466,7376,6151,6461,983,910,310,600,53.306
SP,ANGATUBA,61433,17892,6401,7310,5399,5799,938,909,400,509,55.763
CE,PARAMBU,15075,27383,4622,5529,13672,13802,1177,907,130,777,28.602
MG,TUPACIGUARA,53910,20983,6073,6980,8147,8390,648,907,243,664,45.413
MS,CHAPADÃO DO SUL,91782,23042,10087,10994,4350,4372,599,907,22,885,71.548
PR,UBIRATÃ,79332,19168,8948,9854,4993,5287,772,906,294,612,65.082
RS,TRÊS PASSOS,89419,18505,7254,8158,6939,6966,840,904,27,877,53.941
PA,MOJU,4936,56902,10858,11761,30251,30445,2212,903,194,709,27.866
CE,MARCO,14575,23479,7198,8100,8924,9504,1153,902,580,322,46.012
SC,ITAPOÁ,81663,21659,8471,9373,3848,4073,702,902,225,677,69.708
MS,COSTA RICA,98035,22390,8605,9506,6034,5936,854,901,-98,999,61.559
MG,VAZANTE,54194,17002,4950,5850,6240,6493,775,900,253,647,47.395
ES,MARATAÍZES,56120,33339,15079,15978,7355,7689,1070,899,334,565,67.512
MG,NOVA RESENDE,49018,13451,5169,6068,3912,4147,632,899,235,664,59.403
MS,AMAMBAI,90115,27249,10109,11008,8358,8200,950,899,-158,1057,57.309
MS,APARECIDA DO TABOADO,90190,19580,7221,8120,5032,5261,918,899,229,670,60.683
RN,APODI,16195,30348,4412,5311,17646,18793,1623,899,1147,-248,22.034
PB,QUEIMADAS,21512,36716,6750,7648,19148,19836,1250,898,688,210,27.827
SE,SIMÃO DIAS,32417,37119,5798,6696,20147,20790,1337,898,643,255,24.361
CE,SANTA QUITÉRIA,15458,33780,3634,4530,20291,21661,2432,896,1370,-474,17.296
SC,LAURO MÜLLER,81892,12338,5509,6405,3304,3411,754,896,107,789,65.251
MG,BORDA DA MATA,41653,13457,5131,6026,3691,4059,794,895,368,527,59.752
MA,LAGO DA PEDRA,8133,34388,9634,10528,14977,15009,664,894,32,862,41.226
MS,SIDROLÂNDIA,91570,35197,12603,13497,10845,10740,1340,894,-105,999,55.688
RS,ENCRUZILHADA DO SUL,86355,18748,4946,5840,8343,8413,995,894,70,824,40.974
SP,TAQUARITUBA,71773,18117,6397,7291,5853,6021,863,894,168,726,54.77
BA,CAETITÉ,34037,42311,5835,6728,25307,26820,1303,893,1513,-620,20.055
RS,NOVA HARTZ,84816,14679,6476,7367,4634,4602,703,891,-32,923,61.551
RS,SÃO PEDRO DO SUL,88919,12711,4671,5562,4363,4511,860,891,148,743,55.217
RS,TUPANCIRETÃ,89478,15978,5620,6510,6218,6107,648,890,-111,1001,51.597
SP,CAJURU,62898,18283,6379,7268,6237,6621,898,889,384,505,52.329
GO,CERES,93076,16963,7740,8627,4463,4706,824,887,243,644,64.704
MA,AMARANTE DO MARANHÃO,7110,28161,7604,8491,11252,11468,764,887,216,671,42.542
BA,BOM JESUS DA LAPA,33774,49108,7159,8045,27731,28716,1240,886,985,-99,21.885
MG,LUZ,47759,14700,5320,6206,4330,4477,519,886,147,739,58.092
MG,PARAGUAÇU,49433,16716,6136,7022,5558,5963,719,886,405,481,54.078
PR,CONTENDA,75213,13648,5161,6047,4153,4437,775,886,284,602,57.678
PR,PONTAL DO PARANÁ,75523,24975,8262,9148,6105,6466,1089,886,361,525,58.588
RJ,PIRAÍ,58793,23740,8049,8935,8004,8385,1173,886,381,505,51.588
PR,CORONEL VIVIDA,75272,17732,6546,7429,6480,6728,725,883,248,635,52.476
SP,ITAÍ,65374,16752,5450,6333,6206,6629,868,883,423,460,48.858
PR,QUITANDINHA,78018,14121,6766,7648,3448,3600,630,882,152,730,67.994
SC,MORRO DA FUMAÇA,82198,14212,7959,8841,2139,2221,523,882,82,800,79.922
BA,SANTO AMARO,38717,47880,4727,5608,30223,31026,1718,881,803,78,15.308
RN,SANTA CRUZ,18236,27737,5615,6495,13939,14462,978,880,523,357,30.992
AM,PARINTINS,2690,73558,7930,8809,43220,41689,2777,879,-1531,2410,17.444
MG,MARTINHO CAMPOS,48097,11181,4384,5263,3167,3278,499,879,111,768,61.62
SP,PEREIRA BARRETO,68497,19156,7230,8109,5533,6066,1049,879,533,346,57.206
RO,MACHADINHO D OESTE,396,0,10612,11490,4730,4750,756,878,20,858,70.751
RS,SANANDUVA,88358,13036,6807,7685,3341,3273,487,878,-68,946,70.131
RO,BURITIS,779,23337,11602,12479,3249,3260,569,877,11,866,79.287
SC,PALMITOS,82376,12308,6185,7062,2841,2962,621,877,121,756,70.451
CE,PARAIPABA,15997,27593,6860,7736,12787,13211,1335,876,424,452,36.931
MG,PERDIZES,49956,14205,4971,5847,4034,4163,578,876,129,747,58.412
MS,SÃO GABRIEL DO OESTE,98094,23123,10198,11074,4994,4971,834,876,-23,899,69.018
MG,CÁSSIA,43010,13932,4566,5441,4609,4945,646,875,336,539,52.388
SC,SIDERÓPOLIS,83470,11788,4954,5828,2704,2798,641,874,94,780,67.563
SP,ALUMÍNIO,61220,14063,4882,5756,4738,5127,1106,874,389,485,52.89
SP,ARAÇARIGUAMA,61263,17845,6324,7198,5145,5353,927,874,208,666,57.35
AL,UNIÃO DOS PALMARES,28851,48452,11002,11875,19983,19944,1807,873,-39,912,37.32
SC,OTACÍLIO COSTA,83976,12711,6195,7068,3565,3681,752,873,116,757,65.755
MG,POÇO FUNDO,50334,12814,4336,5208,4846,5065,569,872,219,653,50.696
SP,MIRANDÓPOLIS,67032,18041,8615,9487,4021,4340,822,872,319,553,68.612
PA,IGARAPÉ-MIRI,4650,53721,13133,14004,25116,25085,2496,871,-31,902,35.826
BA,CONCEIÇÃO DO JACUÍPE,34690,29519,4685,5555,14526,15353,1098,870,827,43,26.569
MS,CASSILÂNDIA,90573,15327,6252,7122,3598,3834,943,870,236,634,65.005
RS,SÃO JERÔNIMO,88714,15939,4723,5593,6287,6458,1054,870,171,699,46.411
MS,RIO BRILHANTE,91430,26225,10106,10973,7852,7765,915,867,-87,954,58.56
PR,CHOPINZINHO,75035,16885,6856,7723,5624,5645,574,867,21,846,57.772
BA,MACAÚBAS,36978,33196,4233,5099,18848,19744,849,866,896,-30,20.525
MS,AQUIDAUANA,90212,36437,11937,12803,12259,12066,1448,866,-193,1059,51.482
GO,ACREÚNA,96458,15993,5733,6597,5047,5210,554,864,163,701,55.874
MG,BAEPENDI,40975,15650,6702,7566,4084,4560,701,864,476,388,62.395
SC,TAIÓ,83518,14764,8681,9545,2321,2350,466,864,29,835,80.244
SP,BASTOS,62154,16989,8614,9478,3440,3785,872,864,345,519,71.462
MG,ERVÁLIA,44792,16516,3251,4114,7731,8390,614,863,659,204,32.901
CE,SENADOR POMPEU,15555,20356,3533,4395,11280,11737,1314,862,457,405,27.244
ES,BAIXO GUANDU,56154,24947,9209,10069,7611,7577,875,860,-34,894,57.061
GO,ORIZONA,95036,12102,4461,5321,3544,3879,854,860,335,525,57.837
PA,ORIXIMINÁ,5053,50983,13572,14432,19850,19101,2341,860,-749,1609,43.038
PB,CAJAZEIRAS,19755,47998,6105,6965,28685,29068,1614,860,383,477,19.33
SC,PAPANDUVA,82392,14676,6023,6883,4966,5127,611,860,161,699,57.311
AM,BOCA DO ACRE,2151,23264,7640,8499,7234,7050,638,859,-184,1043,54.659
MG,MANTENA,47910,19213,7830,8689,5663,6081,648,859,418,441,58.829
SP,ALTINÓPOLIS,61190,12731,4277,5136,4138,4397,802,859,259,600,53.876
RS,SÃO SEPÉ,88951,17121,4851,5709,7563,7613,949,858,50,808,42.854
RJ,SÃO JOSÉ DO VALE DO RIO PRETO,59331,16248,9263,10120,2425,2830,670,857,405,452,78.147
SC,BOMBINHAS,80985,19167,8467,9324,3469,3666,753,857,197,660,71.778
GO,VIANÓPOLIS,96415,11286,4762,5618,2757,2897,597,856,140,716,65.978
MG,BARROSO,41173,17510,4529,5385,7550,7938,880,856,388,468,40.419
PB,MAMANGUAPE,20796,34642,7160,8016,16631,16992,1258,856,361,495,32.054
PE,TIMBAÚBA,26050,42106,9534,10388,21021,21670,1309,854,649,205,32.404
MA,COROATÁ,7692,46991,7500,8352,22775,24357,962,852,1582,-730,25.534
MT,ÁGUA BOA,91910,21186,10472,11324,3081,3117,352,852,36,816,78.416
AL,PILAR,28371,29545,7913,8763,10993,11002,1412,850,9,841,44.336
SP,CAPELA DO ALTO,63070,14556,6695,7544,3303,3639,804,849,336,513,67.46
RS,QUARAÍ,88099,17715,5644,6491,6813,6834,787,847,21,826,48.713
ES,SANTA TERESA,56910,20773,8715,9561,4943,5152,941,846,209,637,64.983
PA,MÃE DO RIO,4103,25383,7738,8584,10003,10215,1276,846,212,634,45.662
MG,BURITIZEIRO,41874,20541,5062,5906,7642,7937,707,844,295,549,42.664
RO,GUAJARÁ-MIRIM,19,29048,12157,13001,7028,6838,1208,844,-190,1034,65.533
PA,SÃO FÉLIX DO XINGU,5452,43105,18706,19548,9778,9812,1075,842,34,808,66.58
SP,GUAPIAÇU,64513,15936,6667,7508,3979,4295,716,841,316,525,63.611
MG,CARMÓPOLIS DE MINAS,42897,13895,4801,5641,5274,5755,715,840,481,359,49.5
SP,CONCHAS,63479,12666,5867,6706,2598,2880,729,839,282,557,69.956
PR,SÃO MIGUEL DO IGUAÇU,78891,21887,10358,11195,6224,6344,593,837,120,717,63.829
RS,JÚLIO DE CASTILHOS,87254,15029,4441,5278,6602,6676,889,837,74,763,44.153
CE,GRANJA,13951,44308,3711,4545,27017,28855,1785,834,1838,-1004,13.608
PE,PALMARES,24996,40929,8287,9121,20606,21111,1075,834,505,329,30.17
PR,TIJUCAS DO SUL,79251,13073,4633,5466,4014,4136,686,833,122,711,56.926
PR,SANTA TEREZINHA DE ITAIPU,84670,18909,9490,10322,4184,4258,614,832,74,758,70.796
CE,BELA CRUZ,13455,21628,3834,4665,10385,11243,1413,831,858,-27,29.325
PR,ANTONINA,74217,15679,6765,7596,3817,4022,719,831,205,626,65.381
SP,MARTINÓPOLIS,66850,18083,7885,8716,4944,5348,828,831,404,427,61.974
PR,TIBAGI,79235,14887,4831,5660,5345,5499,758,829,154,675,50.721
MG,ARAÇUAÍ,40673,28385,5512,6339,11733,12340,672,827,607,220,33.937
RJ,TANGUÁ,58360,26495,10634,11461,8097,8310,957,827,213,614,57.969
SP,COLINA,63410,14066,4967,5794,4739,5025,852,827,286,541,53.554
AM,ITACOATIARA,2410,76398,16981,17807,33435,31621,3094,826,-1814,2640,36.026
MA,BARRA DO CORDA,7315,63985,14318,15143,29316,29904,1521,825,588,237,33.616
RS,AGUDO,85014,12549,5322,6146,4418,4418,757,824,0,824,58.179
PA,CAPITÃO POÇO,4456,42696,10818,11640,20487,20767,1977,822,280,542,35.918
SC,MASSARANDUBA,82074,13349,8078,8899,1883,2027,583,821,144,677,81.448
MG,PEDRALVA,49816,9387,3491,4307,2808,2985,555,816,177,639,59.065
PI,ALTOS,10073,36903,3984,4800,22770,23349,1206,816,579,237,17.052
BA,MARAGOGIPE,37133,35004,4210,5024,21245,21520,993,814,275,539,18.927
MG,CAMPANHA,42170,12749,5149,5963,3234,3413,564,814,179,635,63.599
MG,ENTRE RIOS DE MINAS,44776,12828,3389,4203,5116,5451,849,814,335,479,43.536
CE,REDENÇÃO,15334,24282,4299,5110,12827,13545,1186,811,718,93,27.392
SC,PINHALZINHO,82538,15677,6943,7754,4756,4943,720,811,187,624,61.07
MG,MARIA DA FÉ,47970,12222,5257,6067,3326,3560,796,810,234,576,63.021
TO,COLINAS DO TOCANTINS,93114,25425,9553,10361,7456,7490,722,808,34,774,58.042
PR,ANDIRÁ,74195,16396,6589,7396,4972,5141,649,807,169,638,58.993
PR,LOANDA,76635,15882,7214,8021,4181,4268,524,807,87,720,65.27
SC,SANTA CECÍLIA,83054,12270,4707,5514,3929,3865,356,807,-64,871,58.791
GO,BOM JESUS DE GOIÁS,92690,0,5983,6789,5843,5999,631,806,156,650,53.089
MG,BRASÍLIA DE MINAS,41718,27142,4795,5601,12775,13432,876,806,657,149,29.428
BA,POÇÕES,38032,37493,5748,6553,19938,20662,1226,805,724,81,24.079
PA,JACUNDÁ,4758,30631,9627,10431,13309,13198,1331,804,-111,915,44.145
SC,NOVA VENEZA,82279,12437,7087,7889,2238,2326,491,802,88,714,77.23
MG,ITAMONTE,46590,12369,4854,5655,3371,3662,596,801,291,510,60.696
MG,CAMPINA VERDE,42218,14542,5048,5848,5017,5301,472,800,284,516,52.453
MG,RAPOSOS,50776,12914,3220,4020,6145,6711,1041,800,566,234,37.462
RS,SERAFINA CORRÊA,89095,12702,6902,7702,2619,2713,550,800,94,706,73.951
MG,BOM SUCESSO,41599,15136,4297,5096,5664,6095,763,799,431,368,45.537
MG,BRAZÓPOLIS,41777,12562,4332,5131,3689,4161,822,799,472,327,55.22
MG,PASSA QUATRO,49514,13314,4147,4946,5024,5392,777,799,368,431,47.843
MG,LAJINHA,47538,16668,5529,6327,5568,5890,393,798,322,476,51.788
PR,WENCESLAU BRAZ,79430,14576,6300,7098,3765,3992,684,798,227,571,64.004
SC,NOVA TRENTO,82252,11360,6268,7066,1823,1938,413,798,115,683,78.476
ES,RIO BANANAL,57118,15551,5487,6282,5065,5121,613,795,56,739,55.091
RS,NÃO-ME-TOQUE,87556,13488,6727,7522,3489,3315,567,795,-174,969,69.41
RS,FELIZ,86592,11128,5354,6148,2710,2822,679,794,112,682,68.54
PA,TUCUMÃ,4081,28060,12354,13145,6862,6801,759,791,-61,852,65.903
PR,CAPANEMA,74870,15225,5671,6462,5737,5891,598,791,154,637,52.311
CE,IBIAPINA,14079,20204,2876,3666,9813,10830,1515,790,1017,-227,25.29
CE,VARJOTA,98574,16030,2591,3381,7366,8827,2361,790,1461,-671,27.695
MG,ITANHANDU,46612,12909,4431,5221,4072,4431,804,790,359,431,54.092
RS,ESPUMOSO,86479,12422,5188,5978,4308,4335,753,790,27,763,57.966
MG,RIO PARDO DE MINAS,51110,22366,5124,5913,8558,9154,773,789,596,193,39.245
ES,SOORETAMA,56189,21002,6417,7205,7203,7118,634,788,-85,873,50.304
MS,FÁTIMA DO SUL,90751,16925,6025,6813,5610,5696,928,788,86,702,54.465
AM,TABATINGA,98477,40413,7795,8582,17437,17368,1319,787,-69,856,33.071
RS,BUTIÁ,85537,14845,4168,4955,6296,6346,857,787,50,737,43.846
MS,BATAGUASSU,90379,19793,6768,7554,5748,5799,950,786,51,735,56.572
CE,IPU,14176,33213,4138,4923,19207,20404,1400,785,1197,-412,19.438
PA,SANTANA DO ARAGUAIA,5339,25300,9876,10661,6172,5979,644,785,-193,978,64.069
PR,CORBÉLIA,75230,13899,6762,7546,3633,3783,595,784,150,634,66.608
RS,XANGRI-LÁ,88145,14809,5788,6572,3131,3186,643,784,55,729,67.35
SP,NAZARÉ PAULISTA,67490,14490,5805,6589,3793,4061,924,784,268,516,61.869
MG,MÁRIO CAMPOS,41025,12183,4297,5079,4270,4604,668,782,334,448,52.453
MT,SAPEZAL,90727,20588,8572,9354,3971,4062,353,782,91,691,69.723
ES,MIMOSO DO SUL,56677,19768,6570,7351,7698,7813,914,781,115,666,48.477
PR,RIO AZUL,78174,11279,5323,6104,2880,3110,673,781,230,551,66.247
RJ,ITAOCARA,58416,19150,9266,10047,4954,5337,883,781,383,398,65.308
BA,BARRA DO CHOÇA,33570,28968,3681,4459,16219,16805,975,778,586,192,20.97
RN,NOVA CRUZ,17655,28029,5748,6526,13405,14344,936,778,939,-161,31.27
BA,NOVA VIÇOSA,37613,31022,9678,10455,11496,11687,791,777,191,586,47.218
PA,ÓBIDOS,5010,40012,7800,8577,19762,19876,1619,777,114,663,30.144
SP,ITATINGA,65714,14029,5388,6165,3987,4215,706,777,228,549,59.393
PB,POMBAL,21431,26005,5562,6338,12448,12585,987,776,137,639,33.494
SE,TOBIAS BARRETO,32476,42760,8951,9726,21584,22390,1472,775,806,-31,30.284
PA,JURUTI,4774,39198,10785,11557,16377,16528,1499,772,151,621,41.15
RS,ANTÔNIO PRADO,85154,10735,6469,7241,1644,1774,566,772,130,642,80.322
MG,MANHUMIRIM,47899,17057,5531,6301,5988,6311,686,770,323,447,49.96
PR,TERRA BOA,79170,13371,6302,7072,3276,3429,578,770,153,617,67.346
GO,GOIÁS,93777,19269,5542,6307,7855,8240,832,765,385,380,43.356
PB,ESPERANÇA,20214,26069,5268,6033,12510,13192,1138,765,682,83,31.381
CE,BREJO SANTO,13498,37067,4438,5202,22469,23507,1324,764,1038,-274,18.12
MT,COLNIZA,89788,19514,8656,9420,3004,3046,420,764,42,722,75.566
PB,SÃO BENTO,21792,29640,8358,9122,11629,11388,1121,764,-241,1005,44.476
MG,RAUL SOARES,50792,18399,4649,5412,7645,7995,706,763,350,413,40.367
SP,CERQUEIRA CÉSAR,63290,15003,5782,6545,4068,4373,912,763,305,458,59.947
PA,RONDON DO PARÁ,5738,27051,10056,10818,9409,9430,878,762,21,741,53.427
RS,ARROIO DO MEIO,85197,17351,8498,9260,4298,4371,1095,762,73,689,67.933
AM,IRANDUBA,98353,46093,11829,12590,16381,15304,1630,761,-1077,1838,45.135
BA,SAPEAÇU,38911,16228,2120,2881,9300,9229,509,761,-71,832,23.79
GO,JUSSARA,94390,14836,5800,6561,4281,4433,611,761,152,609,59.678
CE,BARREIRA,13129,19611,4945,5704,8771,9033,785,759,262,497,38.705
MG,CORINTO,43818,19805,4774,5533,7866,8214,707,759,348,411,40.249
MT,CONFRESA,90280,26098,10371,11129,4802,4808,475,758,6,752,69.831
BA,POJUCA,38059,29295,3960,4717,15608,16332,959,757,724,33,22.41
PR,BALSA NOVA,74438,12140,5077,5834,3346,3488,572,757,142,615,62.583
PR,SERTANÓPOLIS,79057,13328,6893,7650,2786,2887,500,757,101,656,72.601
RS,SANTO CRISTO,88617,12586,5430,6187,4465,4545,759,757,80,677,57.65
AL,PENEDO,28339,44847,9757,10513,18665,18554,1738,756,-111,867,36.168
CE,PENTECOSTE,15156,32436,5392,6145,19117,19551,1157,753,434,319,23.914
PA,IGARAPÉ-AÇU,4634,31222,5923,6676,16956,17589,1609,753,633,120,27.513
MG,GUARANÉSIA,45659,14909,4027,4779,6312,6779,683,752,467,285,41.348
BA,CALDEIRÃO GRANDE,34096,10377,1164,1915,5986,5815,275,751,-171,922,24.774
GO,COCALZINHO DE GOIÁS,92886,17544,6334,7083,4597,4769,738,749,172,577,59.762
MG,MATIPÓ,48178,15243,4403,5149,5890,6209,355,746,319,427,45.334
MG,DIVINO,44393,16068,4288,5032,6492,6807,409,744,315,429,42.504
PR,ORTIGUEIRA,77275,20094,5384,6128,7852,8002,623,744,150,594,43.369
PI,PEDRO II,11576,35340,4900,5641,17672,18543,1191,741,871,-130,23.325
AL,SÃO SEBASTIÃO,28754,27118,3872,4612,13823,13701,883,740,-122,862,25.184
MG,ALMENARA,40339,31242,5235,5975,14645,15440,803,740,795,-55,27.901
PR,MATELÂNDIA,76996,13787,7545,8285,2365,2407,456,740,42,698,77.488
PI,UNIÃO,12211,38755,5340,6079,22208,22583,1230,739,375,364,21.209
RS,PIRATINI,87955,14619,3443,4180,6911,7105,938,737,194,543,37.04
SC,SÃO JOSÉ DO CEDRO,83291,10969,5784,6519,2672,2708,435,735,36,699,70.651
SP,MONTE AZUL PAULISTA,67318,14281,6442,7177,3512,3683,761,735,171,564,66.087
GO,CAIAPÔNIA,92878,13218,5004,5738,3986,4138,486,734,152,582,58.1
RO,ALTA FLORESTA D OESTE,310,0,9034,9768,3976,3959,567,734,-17,751,71.159
AL,CAMPO ALEGRE,27278,27139,5279,6012,11834,11486,717,733,-348,1081,34.358
PA,VIGIA,5630,39723,7942,8675,19936,20015,1909,733,79,654,30.237
MG,SÃO TIAGO,52990,9400,2510,3242,3371,3764,887,732,393,339,46.275
GO,GUAPÓ,93815,14875,4440,5169,4821,5017,709,729,196,533,50.746
PE,LAJEDO,24759,32482,6280,7009,16037,16510,1007,729,473,256,29.801
SC,CORUPÁ,80870,11999,6924,7653,2010,2108,539,729,98,631,78.404
CE,JIJOCA DE JERICOACOARA,13005,21628,4007,4735,9297,9916,997,728,619,109,32.319
GO,ANICUNS,92258,15185,6510,7237,4460,4668,646,727,208,519,60.79
SP,POMPÉIA,69019,16168,8274,9001,3474,3661,738,727,187,540,71.087
BA,VERA CRUZ,39632,36754,4946,5672,19474,19842,1090,726,368,358,22.231
SP,MIGUELÓPOLIS,66958,15141,5281,6007,5443,5470,468,726,27,699,52.339
AM,MANACAPURU,2534,81255,22942,23667,30532,28386,2457,725,-2146,2871,45.467
CE,MISSÃO VELHA,14699,31030,3188,3913,18688,19730,1151,725,1042,-317,16.55
MG,AREADO,40851,11784,4599,5324,3400,3655,628,725,255,470,59.294
RS,RESTINGA SÊCA,88137,12313,4770,5495,4200,4309,904,725,109,616,56.049
SP,SÃO LOURENÇO DA SERRA,61905,11973,3823,4547,3969,4248,907,724,279,445,51.7
MG,SÃO DOMINGOS DO PRATA,52191,14304,3402,4125,6330,6662,643,723,332,391,38.24
SP,GUARÁ,64556,14185,4806,5529,5445,5529,617,723,84,639,50.0
CE,MORRINHOS,14796,19122,5872,6594,7110,7180,683,722,70,652,47.873
RN,PARELHAS,17779,17508,4658,5380,7839,8320,905,722,481,241,39.27
SP,REGENTE FEIJÓ,69493,15725,6866,7588,4179,4515,758,722,336,386,62.695
PR,PIÊN,77615,10854,5532,6253,2208,2314,549,721,106,615,72.989
PR,TERRA ROXA,79219,13349,6915,7636,3219,3240,387,721,21,700,70.21
SP,CESÁRIO LANGE,63339,13821,6121,6841,2715,2932,630,720,217,503,69.999
RO,SÃO MIGUEL DO GUAPORÉ,418,17155,7845,8564,3986,3998,670,719,12,707,68.174
PR,SÃO JOÃO DO TRIUNFO,78778,11620,3060,3777,5309,5531,569,717,222,495,40.578
SC,CORREIA PINTO,83950,12120,4807,5524,4044,4202,658,717,158,559,56.796
PR,SENGÉS,79014,13766,5652,6368,3903,4064,517,716,161,555,61.043
RJ,MIRACEMA,58599,21144,7018,7734,8499,8938,912,716,439,277,46.389
RS,SOBRADINHO,89176,10601,4269,4985,3718,3717,639,716,-1,717,57.286
MG,TOCANTINS,53791,12659,4168,4883,5245,5490,555,715,245,470,47.074
SP,PIRAPORA DO BOM JESUS,68837,14174,3898,4613,5321,5518,958,715,197,518,45.534
SC,IPORÃ DO OESTE,80020,7722,3487,4201,1784,1891,559,714,107,607,68.959
SP,JUNQUEIRÓPOLIS,66214,14152,6269,6983,3257,3481,630,714,224,490,66.734
SP,BADY BASSITT,61913,16988,6926,7638,3155,3410,693,712,255,457,69.135
BA,EUCLIDES DA CUNHA,35130,45729,5200,5911,27893,28981,1261,711,1088,-377,16.941
BA,GOVERNADOR MANGABEIRA,35319,19165,2083,2794,10550,10744,659,711,194,517,20.638
MG,BELO ORIENTE,41254,20736,6172,6883,7341,7521,558,711,180,531,47.785
MG,SÃO GONÇALO DO PARÁ,52353,8690,3103,3814,2894,3062,516,711,168,543,55.468
RN,AREIA BRANCA,16217,22075,4487,5198,10803,11265,916,711,462,249,31.574
MA,BURITICUPU,7340,42814,9351,10061,20917,21009,908,710,92,618,32.382
CE,BATURITÉ,13412,28610,4369,5078,16053,16634,1117,709,581,128,23.388
MG,RESENDE COSTA,50830,9680,2677,3386,3733,3961,710,709,228,481,46.087
PE,PESQUEIRA,25178,52578,5448,6157,29993,29564,1091,709,-429,1138,17.236
SC,CAMPO ALEGRE,80632,10130,5646,6355,1549,1598,384,709,49,660,79.907
PR,FAXINAL,75493,12192,6007,6715,2744,2788,547,708,44,664,70.662
SP,IRACEMÁPOLIS,65293,17628,9083,9790,4206,4454,799,707,248,459,68.731
SP,CAFELÂNDIA,62774,12265,5206,5912,3310,3545,719,706,235,471,62.515
MG,BUENO BRANDÃO,41815,8701,3794,4499,2028,2216,440,705,188,517,66.999
MT,SÃO JOSÉ DOS QUATRO MARCOS,89931,13134,6343,7048,3026,3199,400,705,173,532,68.781
PI,ESPERANTINA,10731,32681,5302,6006,16567,16876,950,704,309,395,26.248
GO,RUBIATABA,95737,15655,7184,7887,3630,3840,704,703,210,493,67.255
RS,HORIZONTINA,86916,14938,7489,8192,3813,3577,700,703,-236,939,69.607
PR,AMPÉRE,74179,14553,4609,5311,6687,6784,511,702,97,605,43.911
ES,VARGEM ALTA,57959,16001,7984,8685,3339,3499,627,701,160,541,71.282
BA,IPIAÚ,35793,32861,7099,7799,15249,15800,966,700,551,149,33.048
BA,MUCURI,37419,27923,8197,8897,11160,11370,816,700,210,490,43.899
PE,SALGUEIRO,25437,43593,5588,6288,25615,26290,1068,700,675,25,19.301
SE,BARRA DOS COQUEIROS,31119,31775,6448,7148,11104,11635,1374,700,531,169,38.056
SP,SANTO ANASTÁCIO,70556,15092,6251,6950,4412,4662,597,699,250,449,59.852
SC,SÃO LUDGERO,83356,9956,5507,6204,1518,1585,469,697,67,630,79.651
SP,NOVA GRANADA,67610,14802,5574,6270,5130,5313,585,696,183,513,54.131
MA,JOÃO LISBOA,8095,21902,5135,5830,10238,10457,762,695,219,476,35.795
PA,SALINÓPOLIS,5231,38144,8441,9136,16767,17053,1753,695,286,409,34.885
SP,LUCÉLIA,66494,13601,5736,6430,3389,3673,700,694,284,410,63.644
SP,ELIAS FAUSTO,63991,13539,6503,7196,3224,3422,536,693,198,495,67.772
PB,CONDE,19933,27312,6093,6782,10649,10975,774,689,326,363,38.193
PR,CARLÓPOLIS,74918,12166,4840,5529,3392,3515,445,689,123,566,61.134
SP,TEODORO SAMPAIO,71870,17056,5329,6018,6673,6937,717,689,264,425,46.453
RN,BARAÚNA,30031,22053,4493,5181,10983,11596,702,688,613,75,30.882
BA,SANTA MARIA DA VITÓRIA,38636,30388,5498,6184,16489,16849,769,686,360,326,26.848
PB,LAGOA SECA,20672,22103,5279,5965,9738,10254,988,686,516,170,36.778
PR,CAMPINA DA LAGOA,74756,12378,4740,5426,3682,3902,610,686,220,466,58.169
GO,ABADIA DE GOIÁS,93360,15641,4710,5394,3649,3814,553,684,165,519,58.579
PA,MEDICILÂNDIA,5770,20514,9415,10099,4768,4908,804,684,140,544,67.295
RS,BOM PRINCÍPIO,98230,10694,6073,6757,1895,1943,539,684,48,636,77.667
MG,MONTE AZUL,48577,17919,4657,5340,7832,8193,484,683,361,322,39.459
GO,PONTALINA,95494,14380,5398,6080,4860,4971,615,682,111,571,55.018
CE,AMONTADA,15873,36473,5010,5691,19707,20068,1422,681,361,320,22.093
RJ,CONCEIÇÃO DE MACABU,58270,16709,5655,6336,6540,6876,885,681,336,345,47.956
MT,POCONÉ,91294,25563,5830,6510,11240,11394,560,680,154,526,36.361
MG,AIMORÉS,40215,19156,6976,7655,6036,6314,551,679,278,401,54.8
GO,ARAGARÇAS,92339,13948,5117,5795,4336,4504,498,678,168,510,56.268
MT,DIAMANTINO,90697,16620,7126,7804,4527,4595,424,678,68,610,62.941
MG,NOVA ERA,48933,15042,3856,4532,6130,6523,799,676,393,283,40.995
PR,ASSAÍ,74373,12339,6066,6742,2597,2830,646,676,233,443,70.435
GO,ITAPACI,94137,15738,5189,5864,5527,5724,599,675,197,478,50.604
GO,MINAÇU,96474,22468,8113,8788,7249,7512,721,675,263,412,53.914
MG,CONCEIÇÃO DO MATO DENTRO,43494,19827,3255,3930,8367,8955,644,675,588,87,30.501
MG,SANTA VITÓRIA,51950,17344,4762,5437,7380,7560,586,675,180,495,41.833
BA,CAPIM GROSSO,30830,24936,5393,6067,11588,11947,836,674,359,315,33.679
MG,RIO PIRACICABA,51136,12458,2913,3587,5215,5521,698,674,306,368,39.383
BA,CASA NOVA,34436,57289,8205,8878,34612,35561,1190,673,949,-276,19.978
MA,TUTÓIA,9431,43307,5933,6606,21378,22214,1664,673,836,-163,22.922
PR,MORRETES,77097,14699,5666,6339,4040,4293,715,673,253,420,59.622
SP,CHARQUEADA,63355,13217,6336,7009,2893,3034,596,673,141,532,69.79
BA,JAGUAQUARA,36536,35995,7142,7814,17054,17953,867,672,899,-227,30.326
MS,CAARAPÓ,90557,22149,9003,9675,6137,6076,648,672,-61,733,61.425
RS,SÃO FRANCISCO DE ASSIS,88650,14299,4278,4950,6144,6334,772,672,190,482,43.867
SP,PATROCÍNIO PAULISTA,68276,10563,4215,4887,2911,3136,641,672,225,447,60.912
ES,MUNIZ FREIRE,56731,14793,5236,5907,4531,4678,663,671,147,524,55.805
MG,ESPINOSA,44857,23650,5243,5914,11336,11844,722,671,508,163,33.303
PA,RURÓPOLIS,5894,20277,7772,8443,5359,5480,747,671,121,550,60.641
PR,MANGUEIRINHA,75116,13786,4459,5130,5683,5604,421,671,-79,750,47.792
MT,CANARANA,91936,17827,8650,9318,2520,2662,268,668,142,526,77.78
MG,ALTEROSA,40398,12253,4697,5364,4062,4226,366,667,164,503,55.933
MT,VILA RICA,98990,13884,6247,6914,2975,2984,326,667,9,658,69.852
SP,MORUNGABA,67415,10618,4891,5558,2516,2696,601,667,180,487,67.337
MG,CACHOEIRA DE MINAS,41939,10123,4092,4758,2597,2909,626,666,312,354,62.058
MG,FELIXLÂNDIA,45136,12583,2890,3556,4686,5015,610,666,329,337,41.489
PR,MALLET,76716,10572,4766,5432,2940,3140,613,666,200,466,63.369
SP,CACONDE,62758,13352,5108,5774,4260,4546,605,666,286,380,55.95
BA,SANTALUZ,38610,32193,5101,5765,17348,18066,1030,664,718,-54,24.191
CE,CHOROZINHO,13161,18303,3079,3743,9953,10340,877,664,387,277,26.578
PR,CAFELÂNDIA,79855,13253,6502,7165,3346,3488,498,663,142,521,67.258
RO,PRESIDENTE MÉDICI,191,15726,7589,8252,2889,3009,610,663,120,543,73.279
SP,PARANAPANEMA,68179,13615,5383,6046,4485,4599,486,663,114,549,56.797
RJ,MENDES,58556,14905,5307,5969,5449,5723,813,662,274,388,51.052
CE,VÁRZEA ALEGRE,15814,32642,3524,4185,19451,20533,1206,661,1082,-421,16.931
SP,CAJATI,61484,22040,10277,10938,5170,5493,851,661,323,338,66.569
RS,PALMARES DO SUL,89672,10975,3658,4318,3445,3498,753,660,53,607,55.246
MT,PEDRA PRETA,91812,14475,5304,5963,4444,4653,458,659,209,450,56.17
PR,SANTO ANTÔNIO DO SUDOESTE,78573,15535,5465,6124,6056,5984,486,659,-72,731,50.578
MA,BARREIRINHAS,7331,52641,6422,7080,28861,29131,1326,658,270,388,19.552
MA,ESTREITO,9636,24216,7178,7836,9434,9742,741,658,308,350,44.578
MG,ITAÚ DE MINAS,54453,12459,4608,5266,3419,3722,714,658,303,355,58.589
BA,CANAVIEIRAS,34258,25497,5265,5922,10936,11217,885,657,281,376,34.553
GO,CAÇU,92851,10818,4453,5110,2918,3033,447,657,115,542,62.753
MA,SÃO DOMINGOS DO MARANHÃO,9113,28639,5795,6452,13955,14920,669,657,965,-308,30.189
MS,JARDIM,90999,18671,7401,8058,4757,4772,711,657,15,642,62.806
RN,GOIANINHA,16810,22286,5228,5885,10356,10925,814,657,569,88,35.009
SP,SÃO BENTO DO SAPUCAÍ,70734,9087,3768,4425,2269,2556,718,657,287,370,63.386
BA,RIACHÃO DO JACUÍPE,38270,27811,3160,3816,17622,18117,979,656,495,161,17.398
RJ,QUISSAMÃ,58009,19156,6273,6928,7299,7545,773,655,246,409,47.868
MG,IPANEMA,46230,16061,5008,5662,5372,5611,450,654,239,415,50.226
PI,BARRAS,10235,38258,5229,5883,20919,21341,1199,654,422,232,21.61
RJ,PINHEIRAL,58246,18851,5749,6402,7297,7542,860,653,245,408,45.912
RO,CANDEIAS DO JAMARI,477,20580,7449,8101,5124,4887,678,652,-237,889,62.373
SP,PIQUETE,68713,10063,4329,4981,2362,2645,782,652,283,369,65.316
MG,CORAÇÃO DE JESUS,43753,21950,3200,3850,10933,11355,684,650,422,228,25.321
PA,ELDORADO DOS CARAJÁS,4120,20342,6676,7326,7206,7185,723,650,-21,671,50.486
SP,PRADÓPOLIS,69191,13612,5383,6033,4119,4360,750,650,241,409,58.049
RN,JOÃO CÂMARA,17132,27680,4982,5631,14498,14663,928,649,165,484,27.747
BA,VALENTE,39594,20245,4440,5088,9990,10140,877,648,150,498,33.412
MG,CAMBUQUIRA,42137,10167,3227,3875,3450,3652,535,648,202,446,51.481
BA,SÃO FRANCISCO DO CONDE,38830,33892,3343,3990,20955,21574,1057,647,619,28,15.608
RJ,SUMIDOURO,59137,14200,6700,7347,3536,4079,498,647,543,104,64.301
RS,ARROIO DO TIGRE,85235,9967,4137,4783,3479,3508,551,646,29,617,57.689
BA,AMARGOSA,33197,28497,6033,6678,13958,14755,717,645,797,-152,31.158
RJ,CORDEIRO,58297,16968,6479,7124,5672,5982,817,645,310,335,54.357
BA,SANTO ESTEVÃO,38750,39790,4147,4791,24204,24801,926,644,597,47,16.19
SP,PINDORAMA,68632,10501,4971,5615,2652,2866,510,644,214,430,66.207
MG,CONCEIÇÃO DOS OUROS,43559,9050,3801,4444,2440,2665,560,643,225,418,62.512
MG,CRUZÍLIA,44156,12934,3622,4265,5206,5517,580,643,311,332,43.6
MG,FRANCISCO SÁ,45330,19609,3222,3865,9788,10303,540,643,515,128,27.28
PR,CERRO AZUL,75019,13500,3831,4473,5588,5789,532,642,201,441,43.588
AL,SANTANA DO IPANEMA,28592,33165,5387,6028,17264,17056,1345,641,-208,849,26.113
MG,PAPAGAIOS,49379,11723,4107,4748,4566,4605,444,641,39,602,50.764
PR,REALEZA,78050,14560,5993,6634,4716,4852,466,641,136,505,57.757
SP,POTIM,61565,12515,5292,5933,3787,4071,733,641,284,357,59.306
SP,MACATUBA,66613,12416,6231,6871,3000,3135,674,640,135,505,68.669
SP,VALPARAÍSO,72273,15975,6770,7410,4517,4838,572,640,321,319,60.5
BA,SEABRA,38970,35939,3397,4036,22505,23260,753,639,755,-116,14.786
CE,BOA VIAGEM,13471,42764,3478,4117,26608,26911,1762,639,303,336,13.269
MG,CONSELHEIRO PENA,43672,15729,5868,6507,4790,5046,499,639,256,383,56.323
PE,BREJO DA MADRE DE DEUS,23515,36312,7142,7781,16888,17344,872,639,456,183,30.969
MG,DORES DO INDAIÁ,44636,10139,4145,4783,3035,3290,470,638,255,383,59.247
SP,POTIRENDABA,69175,13872,6262,6900,3450,3697,544,638,247,391,65.113
BA,SÃO GONÇALO DOS CAMPOS,38857,30119,3665,4301,18343,19011,961,636,668,-32,18.45
RJ,PORTO REAL,58327,17954,7202,7838,5750,5970,741,636,220,416,56.764
RS,VALE DO SOL,88064,8088,3047,3683,3186,3091,475,636,-95,731,54.37
CE,ARACOIABA,13234,24987,4122,4757,14809,14920,1019,635,111,524,24.175
MG,MONTE BELO,48593,10851,3539,4174,3889,4111,535,635,222,413,50.38
MT,PARANATINGA,89834,16947,7166,7801,3295,3344,400,635,49,586,69.996
BA,BARRA,33537,37213,4079,4713,21605,21803,794,634,198,436,17.774
SC,BALNEÁRIO GAIVOTA,81744,13004,4509,5143,2710,2810,484,634,100,534,64.667
MG,SANTO ANTÔNIO DO AMPARO,51977,14265,3002,3635,6774,7216,500,633,442,191,33.499
PR,IVAÍ,76210,10672,4585,5218,3288,3403,518,633,115,518,60.527
RN,MONTE ALEGRE,17558,17279,4344,4977,8161,8697,645,633,536,97,36.398
RO,COLORADO DO OESTE,230,13502,6620,7253,2534,2606,461,633,72,561,73.567
SC,JACINTO MACHADO,81710,9176,4940,5573,1733,1845,450,633,112,521,75.128
BA,CORRENTINA,34851,28150,4278,4910,14605,14974,691,632,369,263,24.693
MT,ARAPUTANGA,89893,11571,5617,6249,2349,2485,385,632,136,496,71.548
SE,ITABAIANINHA,31593,32196,8088,8720,14973,15753,1081,632,780,-148,35.631
PR,CURIÚVA,75370,10826,3727,4358,3399,3660,466,631,261,370,54.353
SP,FARTURA,64092,12546,4514,5145,4143,4476,756,631,333,298,53.477
RS,JAGUARI,87238,8731,3300,3929,2887,3044,645,629,157,472,56.346
SC,RODEIO,82970,9459,5674,6303,1501,1598,359,629,97,532,79.775
PI,LUIS CORREIA,11134,27381,3736,4364,15253,15651,931,628,398,230,21.804
SP,PARAIBUNA,68136,13840,4818,5446,4692,5128,797,628,436,192,51.504
BA,INHAMBUPE,35750,27779,3554,4181,15361,16147,866,627,786,-159,20.568
ES,ALFREDO CHAVES,56057,13009,5819,6446,2774,2927,571,627,153,474,68.772
MT,MATUPÁ,90620,15161,6661,7288,2525,2538,303,627,13,614,74.171
MG,RIO PARANAÍBA,51098,11089,3311,3937,3931,4085,374,626,154,472,49.078
SC,GARUVA,81159,12198,6420,7045,2383,2533,481,625,150,475,73.554
ES,JAGUARÉ,57134,24309,6203,6826,9973,9803,636,623,-170,793,41.049
PR,REBOUÇAS,78077,12164,4627,5249,4307,4479,665,622,172,450,53.958
MG,PEDRA AZUL,49735,18430,4091,4712,6768,7018,473,621,250,371,40.171
MA,ITAPECURU MIRIM,8079,47909,6192,6812,26031,26603,1424,620,572,48,20.386
PA,SANTA MARIA DO PARÁ,5312,22346,6708,7328,8978,9470,1118,620,492,128,43.624
SP,PIRAJUÍ,68799,14817,6833,7453,3739,3977,689,620,238,382,65.206
PR,TURVO,84530,11864,3196,3815,5341,5418,577,619,77,542,41.319
SC,MONDAÍ,82155,7443,3188,3807,2436,2420,416,619,-16,635,61.137
MG,JURUAIA,47376,9250,3907,4525,2633,2816,469,618,183,435,61.64
MG,LAGOA DOURADA,47473,10443,3466,4084,3756,4092,598,618,336,282,49.951
PA,BRASIL NOVO,4227,16757,7470,8088,3875,4109,522,618,234,384,66.311
PR,BELA VISTA DO PARAÍSO,74535,12291,5479,6097,3480,3660,500,618,180,438,62.488
BA,SÃO DESIDÉRIO,38776,28641,5373,5990,13454,13807,563,617,353,264,30.257
SC,POUSO REDONDO,82694,12263,6900,7517,2155,2201,332,617,46,571,77.351
MG,CONGONHAL,43575,9737,4080,4696,2602,2844,529,616,242,374,62.281
MG,CRISTINA,44091,8306,3102,3718,2336,2440,414,616,104,512,60.377
MG,RIO POMBA,51152,13434,3983,4599,5954,6437,595,616,483,133,41.673
MG,ANDRELÂNDIA,40550,9916,2544,3159,3718,3978,468,615,260,355,44.262
GO,SÃO MIGUEL DO ARAGUAIA,96016,18446,7586,8200,5100,5189,547,614,89,525,61.244
MG,CALDAS,42056,10814,4279,4893,3088,3443,568,614,355,259,58.697
MG,SANTA MARGARIDA,51578,12926,4617,5231,4784,5208,365,614,424,190,50.11
PR,MAMBORÊ,76732,10627,5324,5938,2693,2770,418,614,77,537,68.19
BA,IRARÁ,35912,25661,3120,3731,14300,14700,885,611,400,211,20.243
GO,INDIARA,96814,12742,3930,4541,4226,4370,416,611,144,467,50.959
RS,ARROIO GRANDE,85251,14503,3619,4230,6981,7082,870,611,101,510,37.394
BA,LIVRAMENTO DE NOSSA SENHORA,36919,34814,5427,6037,20337,21341,917,610,1004,-394,22.051
MG,ESTIVA,44890,9546,3541,4150,3016,3267,572,609,251,358,55.953
PR,SANTA HELENA,79715,21110,9700,10309,6365,6483,523,609,118,491,61.392
SC,BALNEÁRIO RINCÃO,83909,13712,5521,6130,3221,3241,460,609,20,589,65.415
SP,ITABERÁ,65358,13517,5145,5754,4831,5023,563,609,192,417,53.391
CE,JARDIM,14435,22649,1836,2444,12943,14126,960,608,1183,-575,14.75
MG,BOTELHOS,41670,12790,3735,4343,4964,5214,537,608,250,358,45.443
CE,MOMBAÇA,14710,32614,3770,4377,18823,19782,1061,607,959,-352,18.117
PA,SANTO ANTÔNIO DO TAUÁ,5398,26207,6361,6968,12027,12237,1338,607,210,397,36.282
SP,RIBEIRÃO BRANCO,69612,14341,4680,5287,5475,5583,521,607,108,499,48.638
TO,GUARAÍ,96270,17634,6517,7124,5991,6050,652,607,59,548,54.076
SC,GUARACIABA,81256,8890,3870,4476,2885,3011,561,606,126,480,59.784
SP,ENGENHEIRO COELHO,61689,15006,6495,7101,3846,4067,598,606,221,385,63.583
SP,VALENTIM GENTIL,72230,10162,4349,4955,2754,2827,435,606,73,533,63.673
ES,IRUPI,56049,11403,5298,5903,2329,2350,378,605,21,584,71.526
MG,ITATIAIUÇU,46736,12393,4210,4815,3008,3225,462,605,217,388,59.888
PR,TAPEJARA,79111,11642,5133,5738,3553,3658,344,605,105,500,61.069
PE,BONITO,23450,30776,6996,7600,15298,15572,568,604,274,330,32.798
PR,BOCAIÚVA DO SUL,74594,10214,3684,4288,2990,3143,515,604,153,451,57.704
SP,CASTILHO,63215,15399,4554,5158,6147,6520,748,604,373,231,44.169
SP,URUPÊS,72214,10647,5192,5795,2309,2413,387,603,104,499,70.602
CE,CARIRIAÇU,13633,25009,2677,3279,14877,15446,1155,602,569,33,17.511
RS,BARRA DO RIBEIRO,85375,10257,3487,4089,3570,3597,656,602,27,575,53.201
MG,PIRANGA,50156,14057,2569,3170,5593,6120,609,601,527,74,34.123
PA,PACAJÁ,5916,29511,11511,12112,8162,8039,1057,601,-123,724,60.106
PR,MARMELEIRO,76953,11792,4066,4667,4669,4673,472,601,4,597,49.968
RS,SANTO AUGUSTO,88595,11344,4160,4761,4228,4222,473,601,-6,607,53.0
PB,ALHANDRA,19119,21112,5275,5875,8729,8886,618,600,157,443,39.801
MT,POXORÉU,91391,14553,4467,5066,4579,4704,530,599,125,474,51.853
RO,NOVA MAMORÉ,434,19460,9627,10226,3037,2897,422,599,-140,739,77.924
RS,GIRUÁ,86797,12754,6111,6709,3610,3695,546,598,85,513,64.485
SC,TURVO,83690,10421,6437,7034,1454,1509,399,597,55,542,82.336
PI,OEIRAS,11398,31159,4566,5162,17737,17777,830,596,40,556,22.503
PR,CLEVELÂNDIA,75094,13263,4542,5138,4942,4947,408,596,5,591,50.947
RS,CASCA,85952,7553,3961,4557,1696,1748,397,596,52,544,72.276
MG,NOVA PONTE,48992,13454,4276,4871,4414,4563,411,595,149,446,51.632
PR,JATAIZINHO,76473,9484,4050,4645,2646,2821,429,595,175,420,62.215
SC,ILHOTA,81396,12440,6333,6928,1933,2049,455,595,116,479,77.175
SC,RIO DOS CEDROS,82899,9007,5083,5678,1353,1504,443,595,151,444,79.059
SP,TUPI PAULISTA,72036,10816,4972,5567,2755,2913,560,595,158,437,65.649
BA,PRESIDENTE TANCREDO NEVES,38164,21727,4073,4667,10984,11443,736,594,459,135,28.97
RS,ARROIO DOS RATOS,85219,10266,2980,3574,4151,4153,587,594,2,592,46.253
MT,ARIPUANÃ,90271,17145,6510,7103,2264,2370,292,593,106,487,74.982
ES,SÃO GABRIEL DA PALHA,56936,26287,9876,10467,8018,7866,797,591,-152,743,57.094
MG,CAPINÓPOLIS,42510,11621,3314,3905,4891,5052,338,591,161,430,43.597
MG,RIO ACIMA,50954,8382,2502,3093,3548,3754,587,591,206,385,45.173
MG,ARINOS,40894,14483,3210,3799,5555,5868,420,589,313,276,39.299
SP,PINHALZINHO,68675,11395,4891,5480,2535,2738,639,589,203,386,66.683
CE,SANTANA DO ACARAÚ,15415,25813,3410,3997,15479,15968,1340,587,489,98,20.02
AL,MARAGOGI,27898,26073,8865,9451,6966,6924,746,586,-42,628,57.716
PA,ITUPIRANGA,4731,32785,8472,9058,14322,13904,1057,586,-418,1004,39.448
RS,TAPES,89257,11831,3851,4437,4279,4303,627,586,24,562,50.767
SP,BURITAMA,62634,13163,5741,6327,3355,3544,438,586,189,397,64.097
CE,ICAPUÍ,15938,17749,3605,4190,9430,9536,720,585,106,479,30.526
RS,CRUZEIRO DO SUL,86215,9333,4436,5021,2722,2735,597,585,13,572,64.737
SC,LONTRAS,81957,9350,4999,5584,1630,1735,374,585,105,480,76.295
GO,MONTIVIDIU,92363,9844,4426,5010,2401,2477,271,584,76,508,66.916
BA,CACULÉ,33995,18100,3307,3890,9571,9887,623,583,316,267,28.235
SP,SÃO LUÍS DO PARAITINGA,71013,10232,3354,3936,3406,3624,710,582,218,364,52.063
SP,PIRATININGA,68896,10155,4566,5147,2110,2355,641,581,245,336,68.608
ES,PIÚMA,56839,17376,7077,7657,4911,4908,593,580,-3,583,60.939
MS,ANASTÁCIO,90131,18227,6364,6944,6034,5902,749,580,-132,712,54.056
SP,ITAJOBI,65390,12338,6566,7145,2313,2497,446,579,184,395,74.103
CE,TABULEIRO DO NORTE,15636,26061,3278,3856,15075,16036,1075,578,961,-383,19.385
MG,SANTA JULIANA,51535,11823,3872,4449,3944,3956,268,577,12,565,52.933
SP,TABATINGA,71552,10728,4325,4902,3430,3609,463,577,179,398,57.596
PR,MANOEL RIBAS,76813,11046,5099,5675,2930,3025,407,576,95,481,65.23
RJ,SAPUCAIA,59072,15814,6568,7144,5142,5432,572,576,290,286,56.807
SP,SEVERÍNIA,71390,11642,4875,5451,3630,3850,553,576,220,356,58.607
SP,VIRADOURO,72397,13110,6252,6828,3366,3588,507,576,222,354,65.553
SC,CUNHA PORÃ,80918,8875,5617,6192,1212,1208,423,575,-4,579,83.676
MG,SÃO GONÇALO DO RIO ABAIXO,52370,11723,2960,3534,4863,5227,632,574,364,210,40.338
MA,SANTA LUZIA,8974,45202,6719,7292,24920,25124,926,573,204,369,22.495
MT,PARANAÍTA,98833,9407,4330,4903,2046,2106,286,573,60,513,69.953
SC,SÃO CARLOS,83151,8248,3787,4360,2502,2538,443,573,36,537,63.207
PR,ARARUNA,74314,10869,4680,5252,3423,3543,492,572,120,452,59.716
PR,TERRA RICA,79197,11809,5235,5807,3130,3287,467,572,157,415,63.855
AM,MANICORÉ,2577,33887,7486,8056,15479,15172,1050,570,-307,877,34.682
BA,TUCANO,39373,41914,5309,5879,23420,24048,1109,570,628,-58,19.644
PR,BITURUNA,74551,12818,3737,4306,5378,5366,484,569,-12,581,44.52
SE,LARANJEIRAS,31712,22117,4850,5418,10771,10985,1005,568,214,354,33.031
GO,ABADIÂNIA,92010,12617,5192,5759,2594,2774,512,567,180,387,67.491
PA,PORTO DE MOZ,5177,23774,5361,5928,10943,9949,706,567,-994,1561,37.337
SP,SÃO SIMÃO,71196,11183,4522,5089,3207,3452,786,567,245,322,59.583
SP,SANTA BRANCA,70211,11915,4765,5331,3116,3485,859,566,369,197,60.47
ES,CONCEIÇÃO DA BARRA,56316,26021,5250,5815,9740,9708,725,565,-32,597,37.461
ES,JOÃO NEIVA,56626,12809,5322,5887,3731,3933,534,565,202,363,59.949
MG,GUAPÉ,45616,10943,4537,5102,2881,3054,351,565,173,392,62.555
AL,DELMIRO GOUVEIA,27472,41487,4486,5050,22645,22688,1356,564,43,521,18.206
MG,CAPIM BRANCO,42498,8473,3083,3646,2589,2736,437,563,147,416,57.129
MG,ITAPAGIPE,46671,10403,3663,4226,3417,3599,495,563,182,381,54.006
PE,OURICURI,24970,48673,4455,5018,29600,30469,1087,563,869,-306,14.14
BA,ENTRE RIOS,35092,31227,4011,4573,17300,17696,940,562,396,166,20.535
BA,JAGUARARI,36552,23319,3380,3942,12274,12791,856,562,517,45,23.558
CE,CARNAUBAL,13676,14601,2377,2939,6933,7441,759,562,508,54,28.314
PE,TORITAMA,26077,35242,11140,11702,14495,14615,810,562,120,442,44.466
PI,JOSÉ DE FREITAS,11096,35375,3279,3840,22907,23601,1136,561,694,-133,13.994
MG,CAMPOS ALTOS,42293,10099,3759,4319,2818,2903,353,560,85,475,59.803
MG,ITAPEVA,46710,9529,3469,4029,2255,2475,357,560,220,340,61.946
SC,SÃO JOÃO DO SUL,83232,7402,3425,3985,1512,1572,486,560,60,500,71.711
CE,GUAIÚBA,13242,20910,3408,3967,11888,12275,882,559,387,172,24.424
RJ,SILVA JARDIM,59110,18703,8284,8843,5123,5452,757,559,329,230,61.861
SP,ITAPORANGA,65579,11030,4301,4860,3237,3487,522,559,250,309,58.225
PE,SÃO CAITANO,25615,30915,4683,5241,18056,18488,819,558,432,126,22.087
MA,PRESIDENTE DUTRA,8796,32911,7096,7653,15396,16054,804,557,658,-101,32.282
MS,RIBAS DO RIO PARDO,91413,16371,4865,5422,4387,4330,630,557,-57,614,55.599
AL,LAGOA DA CANOA,27812,17047,2722,3278,8047,8000,546,556,-47,603,29.065
SP,SANTA ADÉLIA,70130,10863,4617,5173,3028,3176,554,556,148,408,61.96
MA,COELHO NETO,7650,33427,3775,4330,18984,19785,910,555,801,-246,17.956
MG,PRUDENTE DE MORAIS,50717,8564,2817,3372,2993,3125,460,555,132,423,51.901
CE,MERUOCA,14656,13298,1447,2001,7237,7965,1289,554,728,-174,20.078
MG,LIMA DUARTE,47716,14529,2717,3270,7229,7765,604,553,536,17,29.633
PR,ALTO PARANÁ,74098,10432,4030,4583,3509,3731,432,553,222,331,55.124
RS,BALNEÁRIO PINHAL,88927,11072,3071,3623,3154,3198,553,552,44,508,53.115
BA,MUTUÍPE,37494,17990,2933,3484,9398,9774,622,551,376,175,26.278
MG,CARMO DE MINAS,42811,9828,3462,4013,3448,3663,462,551,215,336,52.28
MG,SERRA DO SALITRE,53350,9402,3451,4002,2948,3168,243,551,220,331,55.816
GO,SÃO SIMÃO,96059,13347,3993,4542,5454,5622,460,549,168,381,44.687
RN,CANGUARETAMA,16438,24705,3920,4469,13523,14049,778,549,526,23,24.133
AL,SÃO JOSÉ DA LAJE,28657,17853,4277,4825,7207,7030,645,548,-177,725,40.7
RO,NOVA BRASILÂNDIA D OESTE,370,0,6909,7457,2785,2854,500,548,69,479,72.321
RS,CONSTANTINA,86134,8097,3228,3776,2938,2976,335,548,38,510,55.924
AL,TEOTÔNIO VILELA,28932,31148,6515,7062,12651,12904,1060,547,253,294,35.37
BA,CÍCERO DANTAS,34550,26346,3889,4436,14472,15165,771,547,693,-146,22.631
MG,CAETANÓPOLIS,41971,8770,3266,3813,2756,2870,489,547,114,433,57.055
SP,HOLAMBRA,61743,12588,5945,6492,2857,3154,710,547,297,250,67.303
CE,JAGUARIBE,14397,29502,3605,4151,17139,17789,1164,546,650,-104,18.92
PR,PEABIRU,77577,9925,4036,4582,3247,3427,464,546,180,366,57.211
SC,LUIZ ALVES,81973,10219,6201,6747,1541,1617,394,546,76,470,80.667
ES,ITARANA,56570,9589,4024,4569,2498,2521,502,545,23,522,64.443
MG,UBAPORANGA,40860,10151,3909,4453,3255,3343,288,544,88,456,57.119
PA,BREU BRANCO,4448,32213,8732,9276,12627,12388,1141,544,-239,783,42.818
PR,IPORÃ,76058,12201,5401,5945,3204,3214,421,544,10,534,64.909
SC,BALNEÁRIO ARROIO DO SILVA,81728,13167,4756,5300,3115,3230,446,544,115,429,62.134
BA,BARRA DA ESTIVA,33553,21122,3367,3910,11769,12085,613,543,316,227,24.445
MG,PERDIGÃO,49930,8537,4350,4892,1545,1586,311,542,41,501,75.517
MT,NOVA OLÍMPIA,98736,12979,3914,4456,4680,4795,364,542,115,427,48.168
SC,ABELARDO LUZ,80012,12651,5143,5685,3942,3944,288,542,2,540,59.04
CE,PINDORETAMA,13285,21291,3693,4234,10761,11350,745,541,589,-48,27.169
PR,SÃO JOÃO DO IVAÍ,78751,9065,2973,3514,3287,3406,392,541,119,422,50.78
RS,DOM FELICIANO,86274,10394,3205,3746,4379,4272,473,541,-107,648,46.72
RS,MOSTARDAS,87513,9261,3259,3800,2826,2987,613,541,161,380,55.989
RO,ALVORADA DO OESTE,337,11084,4766,5306,2819,2933,420,540,114,426,64.401
SC,GRAVATAL,81213,9449,5152,5692,1692,1733,362,540,41,499,76.66
SP,TAPIRATIBA,71730,9235,3362,3902,3502,3667,550,540,165,375,51.552
ES,PINHEIROS,56812,18835,4641,5180,8069,8064,597,539,-5,544,39.112
MS,TERENOS,91596,13858,4542,5081,4669,4656,851,539,-13,552,52.182
PA,OURILÂNDIA DO NORTE,5959,25909,9605,10144,6496,6435,644,539,-61,600,61.186
PE,SÃO BENTO DO UNA,25593,38257,5927,6466,19472,19814,902,539,342,197,24.604
PR,ENGENHEIRO BELTRÃO,75477,10078,4485,5024,3101,3197,456,539,96,443,61.112
RJ,CANTAGALO,58211,15180,5891,6430,5231,5613,743,539,382,157,53.392
PA,MOJUÍ DOS CAMPOS,4863,24210,8614,9152,6211,6351,885,538,140,398,59.034
ES,ITAGUAÇU,56537,11761,4287,4824,3701,3701,529,537,0,537,56.587
MA,PEDREIRAS,8613,28106,7149,7686,14227,14738,813,537,511,26,34.276
PI,URUÇUÍ,12238,18974,3682,4218,9581,9697,593,536,116,420,30.313
SP,ROSANA,61166,14313,3990,4526,5302,5512,599,536,210,326,45.089
MA,SÃO MATEUS DO MARANHÃO,9237,30191,4386,4920,15212,15870,616,534,658,-124,23.665
MG,DORES DE CAMPOS,44598,8088,2695,3229,2952,3240,514,534,288,246,49.915
RN,SÃO PAULO DO POTENGI,18490,14701,4257,4791,6085,6357,527,534,272,262,42.976
SC,URUBICI,83712,8161,4141,4675,1733,1812,324,534,79,455,72.067
CE,JUCÁS,14494,20278,2416,2949,10979,11913,1051,533,934,-401,19.843
MG,CARMO DA MATA,42790,9626,2550,3083,4287,4505,521,533,218,315,40.63
MG,ÁGUAS FORMOSAS,40177,14527,4049,4582,5940,6451,433,533,511,22,41.53
RN,SANTO ANTÔNIO,18295,19155,3415,3948,10080,10692,689,533,612,-79,26.967
PR,MOREIRA SALES,77070,9168,3943,4475,2933,3024,321,532,91,441,59.675
BA,ANTAS,33316,10613,1960,2491,5699,5682,357,531,-17,548,30.478
MA,ZÉ DOCA,9717,33088,5782,6313,17096,17461,823,531,365,166,26.554
PE,BARREIROS,23272,30558,7283,7814,14124,14258,733,531,134,397,35.402
RO,CEREJEIRAS,272,13296,7323,7854,1953,1990,435,531,37,494,79.785
SC,ÁGUAS MORNAS,80110,6500,3162,3693,1298,1389,451,531,91,440,72.668
MS,NOVA ALVORADA DO SUL,55000,16259,5383,5913,4832,4784,519,530,-48,578,55.277
SP,BÁLSAMO,61956,7405,3353,3883,1761,1919,528,530,158,372,66.925
PR,CAPITÃO LEÔNIDAS MARQUES,74896,11877,4547,5076,4121,4235,438,529,114,415,54.516
PR,SÃO JOÃO,78719,9187,3711,4240,3160,3172,326,529,12,517,57.205
RJ,PORCIÚNCULA,58815,13329,4182,4711,5286,5510,600,529,224,305,46.091
RN,TOUROS,18856,28146,6809,7338,12838,13053,850,529,215,314,35.986
SC,SANGÃO,81000,8878,5036,5565,1418,1404,272,529,-14,543,79.854
SP,PRESIDENTE BERNARDES,69256,10227,4399,4928,2988,3215,421,529,227,302,60.518
BA,CARINHANHA,34410,22389,4943,5471,11160,11413,613,528,253,275,32.403
RS,CRISSIUMAL,86177,10502,4116,4644,3694,3790,509,528,96,432,55.063
SC,DESCANSO,80950,7243,3225,3753,2058,2123,411,528,65,463,63.87
MG,ILICÍNEA,46094,9950,3241,3768,3793,3968,340,527,175,352,48.707
PR,ANTONIO OLINTO,74233,0,2242,2769,2403,2525,413,527,122,405,52.304
BA,REMANSO,38210,32317,3628,4154,19164,19893,794,526,729,-203,17.275
MG,ABRE CAMPO,40053,12140,3139,3665,5004,5292,401,526,288,238,40.918
MG,TARUMIRIM,53678,10170,3075,3600,3756,3908,216,525,152,373,47.949
PE,NAZARÉ DA MATA,24899,25711,6893,7418,12228,12750,670,525,522,3,36.781
BA,ARACI,33413,40357,3682,4206,23385,24379,1121,524,994,-470,14.714
ES,LARANJA DA TERRA,57916,9502,4090,4614,2756,2798,402,524,42,482,62.25
MG,BOM REPOUSO,41572,10222,3206,3730,3431,3604,385,524,173,351,50.859
MG,ITAMBACURI,46531,18436,3338,3862,7693,8030,382,524,337,187,32.476
SC,BALNEÁRIO BARRA DO SUL,80683,11432,5285,5809,2164,2303,393,524,139,385,71.61
BA,MORRO DO CHAPÉU,37354,26224,3608,4131,14845,15165,819,523,320,203,21.409
ES,CONCEIÇÃO DO CASTELO,56332,9986,4605,5128,2000,2168,474,523,168,355,70.285
SC,CATANDUVAS,80772,8138,3770,4293,2528,2539,343,523,11,512,62.837
BA,SANTA CRUZ CABRÁLIA,38555,25615,5392,5914,9605,9778,630,522,173,349,37.688
ES,MONTANHA,56693,15438,4283,4805,5844,5755,480,522,-89,611,45.502
MS,ITAPORÃ,90891,14213,6452,6974,3854,3964,537,522,110,412,63.759
PB,PICUÍ,21296,15102,2538,3060,8346,8593,705,522,247,275,26.259
PR,JOAQUIM TÁVORA,76490,9236,3916,4438,2644,2789,357,522,145,377,61.409
RS,CERRO LARGO,86010,10227,3575,4097,4010,4099,589,522,89,433,49.988
SP,BURI,62618,14893,6441,6963,4317,4551,480,522,234,288,60.474
PI,COCAL,10537,23456,3113,3634,12642,13174,629,521,532,-11,21.621
SC,IRANI,81531,7732,3415,3936,2233,2316,353,521,83,438,62.956
MG,ITAOBIM,46655,16917,4077,4597,6506,6693,438,520,187,333,40.717
RS,BOM JESUS,85456,8602,2740,3260,3086,3048,434,520,-38,558,51.68
RS,CIDREIRA,85804,12758,3403,3923,3806,3884,652,520,78,442,50.25
RS,ARVOREZINHA,85278,8666,4195,4714,2307,2394,322,519,87,432,66.32
ES,MARILÂNDIA,57070,10886,4759,5277,2986,3064,422,518,78,440,63.266
RS,TERRA DE AREIA,85162,7790,3070,3588,2291,2390,552,518,99,419,60.02
SC,SAUDADES,83410,7604,3720,4238,2265,2313,412,518,48,470,64.692
CE,OCARA,13307,25228,4226,4742,14025,14105,1144,516,80,436,25.161
MG,NOVO CRUZEIRO,49050,25021,2891,3407,10489,11217,484,516,728,-212,23.297
MT,SÃO JOSÉ DO RIO CLARO,91995,11238,6014,6530,1937,1974,256,516,37,479,76.787
PR,PÉROLA,79693,9529,3938,4454,2672,2767,319,516,95,421,61.681
BA,SÃO SEBASTIÃO DO PASSÉ,38890,34132,3069,3584,22275,23045,1061,515,770,-255,13.459
MS,BONITO,90433,19351,7340,7855,5113,5191,696,515,78,437,60.21
PA,SÃO DOMINGOS DO CAPIM,5436,25167,3948,4463,13427,13597,1315,515,170,345,24.712
PR,SANTA TEREZA DO OESTE,74080,10292,3954,4469,2950,2969,376,515,19,496,60.083
SC,IRINEÓPOLIS,81558,8238,3679,4194,2252,2285,376,515,33,482,64.732
PB,SOLÂNEA,22217,22230,3812,4326,11154,11616,893,514,462,52,27.136
RN,NÍSIA FLORESTA,17639,23428,6200,6714,9763,10013,672,514,250,264,40.139
MG,ARAÚJOS,40770,6638,2705,3218,2003,2017,271,513,14,499,61.471
SP,PARIQUERA-AÇU,68250,14338,6852,7365,3274,3595,696,513,321,192,67.199
TO,ARAGUATINS,92436,22430,6028,6541,9258,9462,843,513,204,309,40.874
MG,IPABA,40266,13865,4501,5013,4752,4878,389,512,126,386,50.682
MT,NOVA CANAÃ DO NORTE,98752,10274,4769,5281,1855,1911,325,512,56,456,73.429
SP,LUÍS ANTÔNIO,66532,10074,3384,3896,3302,3416,484,512,114,398,53.282
BA,NAZARÉ,37516,22122,3307,3818,12977,13124,658,511,147,364,22.536
MT,CHAPADA DOS GUIMARÃES,90590,17984,5722,6233,6127,6179,581,511,52,459,50.218
PR,CANDÓI,74225,12055,3607,4118,5035,5051,369,511,16,495,44.912
RJ,RIO CLARO,58874,14718,5163,5673,5649,5989,679,510,340,170,48.645
RS,ARROIO DO SAL,85308,9517,3306,3816,2049,2191,547,510,142,368,63.526
MT,COMODORO,99015,14358,6301,6810,3082,3120,319,509,38,471,68.58
BA,ITUAÇU,36455,15642,2949,3456,8148,8482,482,507,334,173,28.95
ES,SÃO ROQUE DO CANAÃ,56162,9895,3952,4459,2972,3061,426,507,89,418,59.295
SC,ANTÔNIO CARLOS,80233,9360,5394,5901,1170,1271,429,507,101,406,82.278
MT,ALTO ARAGUAIA,90050,11552,5007,5513,3188,3245,379,506,57,449,62.948
CE,INDEPENDÊNCIA,14133,21285,3433,3938,11777,11897,859,505,120,385,24.869
GO,PIRANHAS,95419,9116,3480,3985,3146,3231,329,505,85,420,55.225
MG,CAPITÓLIO,42552,8265,3171,3676,2230,2319,295,505,89,416,61.318
MG,TURMALINA,53937,16580,2976,3481,8085,8423,494,505,338,167,29.242
CE,QUIXERÉ,15318,18916,2874,3378,10463,11090,861,504,627,-123,23.348
ES,PANCAS,56790,15892,5331,5835,5036,5026,513,504,-10,514,53.724
RN,MACAU,17434,22622,3193,3697,12746,13159,849,504,413,91,21.933
MG,JACUÍ,46957,6413,2820,3323,1221,1391,315,503,170,333,70.492
RS,CHAPADA,86037,7709,3569,4072,2413,2451,449,503,38,465,62.425
SC,CANELINHA,80713,10132,5076,5579,1795,1881,321,503,86,417,74.786
SP,DIVINOLÂNDIA,63797,9524,4445,4948,2168,2380,508,503,212,291,67.522
ES,MARECHAL FLORIANO,56103,14387,5987,6489,3598,3851,729,502,253,249,62.756
SP,JACUPIRANGA,65935,12371,5772,6274,2799,2981,526,502,182,320,67.79
MG,CÓRREGO FUNDO,41947,5395,1897,2398,1598,1745,438,501,147,354,57.881
RS,TRÊS CACHOEIRAS,85367,8197,4357,4858,1796,1884,442,501,88,413,72.056
BA,CAMAMU,34150,24642,5185,5685,11173,11332,851,500,159,341,33.408
MG,ITAMOGI,46574,9077,3225,3725,2982,3196,366,500,214,286,53.822
MG,PEÇANHA,49719,11996,2533,3033,5470,5785,356,500,315,185,34.396
ES,PEDRO CANÁRIO,57150,18957,4671,5170,7320,7296,585,499,-24,523,41.473
PE,ALIANÇA,23132,29251,5480,5979,14651,14929,586,499,278,221,28.597
PR,PORECATU,77798,9626,3397,3896,3522,3650,424,499,128,371,51.63
SP,JOANÓPOLIS,66117,9463,4425,4924,2232,2446,541,499,214,285,66.811
BA,ESPLANADA,35114,27034,3561,4059,15155,15520,684,498,365,133,20.731
SC,ALFREDO WAGNER,80136,8144,4236,4733,1737,1823,452,497,86,411,72.193
BA,MONTE SANTO,37311,41915,3250,3746,26669,27549,857,496,880,-384,11.97
ES,ICONHA,56510,11410,4996,5492,3132,3269,549,496,137,359,62.687
BA,PLANALTO,38016,20288,3671,4166,10085,10576,828,495,491,4,28.259
CE,PEDRA BRANCA,15113,34696,2586,3081,21436,21884,1057,495,448,47,12.341
ES,GOVERNADOR LINDENBERG,56308,9111,2837,3332,3254,3279,383,495,25,470,50.401
MG,MATIAS BARBOSA,48151,12010,3603,4098,4975,5365,511,495,390,105,43.306
MT,NOBRES,91170,12514,5659,6154,2833,2806,368,495,-27,522,68.683
SC,IMARUÍ,81418,10208,3577,4072,3274,3460,434,495,186,309,54.063
SC,MAJOR VIEIRA,82031,6055,2325,2820,1852,1971,459,495,119,376,58.86
BA,IBICARAÍ,35416,17920,4322,4816,8693,8862,630,494,169,325,35.21
BA,SERRA DO RAMALHO,39047,26100,3809,4303,14191,14393,574,494,202,292,23.016
SE,ITAPORANGA D AJUDA,31631,0,5636,6130,14184,14777,1296,494,593,-99,29.32
RS,SINIMBU,87947,6828,2579,3072,2761,2649,418,493,-112,605,53.697
MA,ROSÁRIO,8915,32419,4756,5248,17827,18145,1164,492,318,174,22.434
MG,LUISBURGO,40983,5861,2227,2719,1647,1816,287,492,169,323,59.956
MA,ITINGA DO MARANHÃO,7722,17576,5730,6221,7039,7017,512,491,-22,513,46.994
MG,MALACACHETA,47830,15595,2933,3424,6271,6655,413,491,384,107,33.972
MG,SÃO JOÃO DA PONTE,52477,23030,2322,2813,11526,12030,492,491,504,-13,18.952
PA,SANTA BÁRBARA DO PARÁ,4243,18390,5177,5668,7127,7489,1064,491,362,129,43.08
SC,AGROLÂNDIA,80039,8212,4969,5460,1318,1325,218,491,7,484,80.472
MG,CONCEIÇÃO DO RIO VERDE,43532,10417,2761,3251,4281,4487,374,490,206,284,42.013
PA,PORTEL,5150,41846,7865,8354,16823,16351,1582,489,-472,961,33.815
RJ,CARDOSO MOREIRA,58068,12634,4974,5463,3252,3465,378,489,213,276,61.19
SP,BORBOREMA,62472,10752,5260,5749,2421,2702,533,489,281,208,68.027
CE,URUBURETAMA,15776,18753,3243,3731,10153,10554,787,488,401,87,26.118
PE,CHÃ GRANDE,23892,18879,4207,4695,9718,10138,507,488,420,68,31.652
PE,ITAMBÉ,25976,24489,4634,5122,12837,13209,562,488,372,116,27.942
AL,BOCA DA MATA,27197,19773,4872,5359,7789,7724,709,487,-65,552,40.962
MG,SANTA CRUZ DE MINAS,41467,6475,2378,2865,2137,2275,378,487,138,349,55.739
MT,SANTO ANTÔNIO DO LEVERGER,91553,17177,5343,5830,6753,6651,624,487,-102,589,46.711
PR,CÉU AZUL,79570,8799,4921,5408,1669,1770,349,487,101,386,75.341
SC,LEBON RÉGIS,81914,8748,2543,3030,3671,3624,255,487,-47,534,45.537
SE,NOSSA SENHORA DA GLÓRIA,31895,30483,4524,5011,17024,17457,1044,487,433,54,22.303
SP,CARDOSO,63150,9627,3344,3831,3070,3147,320,487,77,410,54.901
GO,PARAÚNA,95230,9282,3502,3988,2509,2681,300,486,172,314,59.799
SP,MIRANTE DO PARANAPANEMA,67059,12737,3529,4015,5551,5727,487,486,176,310,41.213
SC,APIÚNA,80063,8389,4401,4886,1705,1701,256,485,-4,489,74.176
SP,ILHA COMPRIDA,62006,13354,4224,4709,3360,3593,573,485,233,252,56.721
SP,PACAEMBU,67997,7541,3522,4007,1935,2074,439,485,139,346,65.894
BA,CACHOEIRA,33979,26095,2713,3197,15921,16132,697,484,211,273,16.54
GO,NOVA VENEZA,94978,8559,3068,3552,2509,2669,403,484,160,324,57.097
MA,PINDARÉ-MIRIM,8672,26030,3820,4304,14194,14222,678,484,28,456,23.232
PA,IPIXUNA DO PARÁ,4189,24719,5288,5772,11077,11127,947,484,50,434,34.156
BA,ITAPICURU,36315,23506,2266,2749,13715,14442,642,483,727,-244,15.991
ES,MUQUI,56758,11087,4167,4650,3840,3917,571,483,77,406,54.278
GO,URUANA,96350,10818,4185,4668,3333,3506,450,483,173,310,57.108
MA,CAROLINA,7536,18368,4435,4918,8344,8577,526,483,233,250,36.443
MG,COQUEIRAL,43737,7806,2664,3147,2551,2700,382,483,149,334,53.822
PA,AFUÁ,4057,29810,5785,6268,12781,12643,2037,483,-138,621,33.145
RS,SEBERI,89052,9377,3747,4230,3248,3257,437,483,9,474,56.498
MG,ASTOLFO DUTRA,40916,10826,3665,4147,4266,4398,322,482,132,350,48.531
ES,JERÔNIMO MONTEIRO,56618,10088,3564,4045,3273,3227,488,481,-46,527,55.624
MG,BOM JESUS DO GALHO,41556,12078,3709,4190,4865,5194,283,481,329,152,44.65
MG,CARMO DA CACHOEIRA,42773,9459,2407,2888,3788,4143,480,481,355,126,41.075
MG,BICAS,41378,11602,3470,3950,4428,4693,580,480,265,215,45.702
MG,PIRANGUINHO,50199,7302,2552,3032,2403,2603,410,480,200,280,53.807
PI,PIRACURUCA,11657,25896,3650,4130,14425,14610,645,480,185,295,22.038
ES,FUNDÃO,56430,14771,4955,5434,5072,5120,585,479,48,431,51.488
GO,EDÉIA,93491,9560,3763,4242,3011,3111,393,479,100,379,57.691
MG,SANTA BÁRBARA DO LESTE,40649,6933,2413,2892,2611,2726,227,479,115,364,51.477
MG,PIRAÚBA,50253,9673,2722,3200,4158,4356,282,478,198,280,42.35
PB,ALAGOA NOVA,19070,16606,2243,2721,8721,9259,845,478,538,-60,22.713
PR,JARDIM ALEGRE,76430,9022,3455,3933,3297,3385,350,478,88,390,53.744
RS,PARAÍ,87831,5984,3410,3888,1133,1233,387,478,100,378,75.923
PR,CÂNDIDO DE ABREU,74853,11748,4339,4816,3842,4058,524,477,216,261,54.271
SC,MONTE CARLO,80004,6993,2297,2772,2754,2796,291,475,42,433,49.784
SC,QUILOMBO,82791,8088,3336,3811,3031,3103,352,475,72,403,55.12
SE,NOSSA SENHORA DAS DORES,31917,21445,5199,5674,9935,10302,977,475,367,108,35.516
MG,GUIMARÂNIA,45772,6669,2382,2856,2281,2396,345,474,115,359,54.379
BA,FORMOSA DO RIO PRETO,35211,20871,3774,4247,10304,10674,545,473,370,103,28.463
BA,MARACÁS,37117,21746,2878,3351,11856,12388,624,473,532,-59,21.291
BA,PÉ DE SERRA,39810,12227,2413,2886,5988,6191,550,473,203,270,31.795
PA,PONTA DE PEDRAS,5134,23373,3667,4140,12296,12129,976,473,-167,640,25.447
PA,SÃO DOMINGOS DO ARAGUAIA,4464,15430,4571,5044,6668,6761,579,473,93,380,42.728
PE,GLÓRIA DO GOITÁ,24210,23493,3880,4353,12857,13365,465,473,508,-35,24.568
SC,GRÃO-PARÁ,81191,5620,3267,3740,1045,1028,239,473,-17,490,78.44
SP,IPAUSSU,65196,10000,4415,4888,2786,3009,574,473,223,250,61.897
SP,ESTIVA GERBI,61662,9491,4278,4750,2378,2452,494,472,74,398,65.954
BA,MURITIBA,37478,23760,2452,2923,13585,14163,701,471,578,-107,17.108
BA,PRADO,38113,25893,6936,7407,9505,9568,506,471,63,408,43.635
MA,ARAIOSES,7170,32700,3247,3718,19250,19925,851,471,675,-204,15.726
MG,DESTERRO DE ENTRE RIOS,44270,6447,2336,2807,1718,1948,395,471,230,241,59.033
MT,QUERÊNCIA,90069,19045,7473,7944,2786,2623,242,471,-163,634,75.177
PA,GOIANÉSIA DO PARÁ,4006,21444,6085,6556,9008,8674,803,471,-334,805,43.047
PB,PEDRAS DE FOGO,21253,25277,5349,5820,11992,12482,946,471,490,-19,31.8
PR,NOVA LONDRINA,77259,9758,3740,4211,3190,3272,345,471,82,389,56.274
SC,BENEDITO NOVO,80438,8300,5129,5600,1009,1089,321,471,80,391,83.72
SC,TANGARÁ,83534,6635,3473,3944,1483,1506,317,471,23,448,72.367
AL,JUNQUEIRO,27790,20208,4195,4665,9073,9065,816,470,-8,478,33.977
PA,RIO MARIA,5690,13867,5618,6088,4344,4303,463,470,-41,511,58.589
PR,TEIXEIRA SOARES,79138,8093,3250,3720,2488,2569,452,470,81,389,59.151
SE,POÇO VERDE,32093,19535,2704,3174,10838,11247,906,470,409,61,22.01
SP,JUQUIÁ,66230,15252,6149,6618,3943,4161,660,469,218,251,61.397
MG,IBIRACI,45934,9473,3637,4105,2836,2985,298,468,149,319,57.898
MG,MONSENHOR PAULO,48518,6969,2281,2749,2503,2667,305,468,164,304,50.757
PE,RIACHO DAS ALMAS,25330,20977,4108,4576,11358,11721,467,468,363,105,28.079
RN,AREZ,16233,11515,2362,2829,5985,6193,389,467,208,259,31.357
SP,ITIRAPINA,65730,10412,3995,4461,2961,3090,446,466,129,337,59.078
MG,SÃO JOÃO DO MANHUAÇU,40720,9836,3460,3925,3356,3520,192,465,164,301,52.72
SP,DUARTINA,63916,9874,4023,4488,2915,3146,489,465,231,234,58.79
CE,CROATÁ,15881,15354,1467,1931,8365,8978,814,464,613,-149,17.701
MG,PIEDADE DE CARATINGA,41343,7811,2772,3236,2556,2635,184,464,79,385,55.118
RS,ROCA SALES,88196,7676,3740,4204,2122,2174,550,464,52,412,65.914
CE,COREAÚ,13811,19775,2643,3106,10985,11673,1249,463,688,-225,21.016
MG,RESPLENDOR,50857,12763,5284,5747,3104,3259,302,463,155,308,63.813
PE,BOM JARDIM,23434,30693,4817,5280,17080,17305,632,463,225,238,23.378
PR,NOVA AURORA,79650,9646,4841,5304,2776,2861,344,463,85,378,64.96
RS,TENENTE PORTELA,89311,10719,3373,3836,4483,4430,479,463,-53,516,46.407
BA,AMÉLIA RODRIGUES,33219,19660,2458,2919,11548,11878,728,461,330,131,19.727
PR,JAGUAPITÃ,76317,11077,4666,5127,2841,3037,371,461,196,265,62.8
ES,BREJETUBA,56146,10994,3689,4149,3013,2941,417,460,-72,532,58.519
MG,BALDIM,40991,7096,2160,2620,2670,2808,433,460,138,322,48.268
MG,IGARATINGA,46035,8345,3191,3651,2678,2763,297,460,85,375,56.922
PI,MIGUEL ALVES,11231,27734,2531,2991,15013,15287,789,460,274,186,16.364
RS,TAPERA,89230,7902,3382,3842,2783,2772,356,460,-11,471,58.089
SC,PESCARIA BRAVA,83925,8438,3438,3898,2583,2615,475,460,32,428,59.85
GO,ARAGOIÂNIA,92355,10220,3290,3749,2909,2997,409,459,88,371,55.574
MA,PORTO FRANCO,8770,18891,4881,5340,8261,8382,604,459,121,338,38.916
SC,TREZE DE MAIO,83615,6529,4135,4594,929,940,277,459,11,448,83.014
PI,BOM JESUS,10375,19880,4165,4623,10360,10554,698,458,194,264,30.461
AM,LÁBREA,2518,29413,5785,6242,12010,11683,829,457,-327,784,34.823
SP,IBIRÁ,64890,9099,4369,4826,2100,2239,334,457,139,318,68.309
SE,CAPELA,31259,27118,5036,5492,12858,13184,1041,456,326,130,29.407
RS,SANTA BÁRBARA DO SUL,88374,6733,3088,3543,2136,2086,295,455,-50,505,62.942
SP,MIRACATU,66990,15335,6345,6800,3876,4194,642,455,318,137,61.852
AL,SATUBA,28770,15448,4519,4973,4732,4646,661,454,-86,540,51.7
CE,LAVRAS DA MANGABEIRA,14516,24293,2264,2718,13969,14941,1338,454,972,-518,15.392
SP,GUAREÍ,64718,8906,4028,4482,2328,2466,471,454,138,316,64.508
BA,BOA VISTA DO TUPIM,33758,14125,2390,2843,7431,7452,375,453,21,432,27.615
BA,SANTA BÁRBARA,38512,20208,2542,2995,11958,12197,563,453,239,214,19.714
MG,CRISTAIS,44032,8667,2813,3266,3007,3234,348,453,227,226,50.246
PR,DOURADINA,84654,6994,3083,3536,1898,1878,217,453,-20,473,65.312
SP,MINEIROS DO TIETÊ,66974,8701,4214,4667,1937,2067,491,453,130,323,69.305
SP,PIRANGI,68810,7907,3868,4321,1904,1989,345,453,85,368,68.479
GO,RIALMA,95656,9253,4114,4566,2324,2381,346,452,57,395,65.726
MG,PASSA TEMPO,49530,7369,1920,2372,3029,3211,336,452,182,270,42.486
MG,SERRO,53414,17112,2481,2933,7841,8281,469,452,440,12,26.155
PA,AUGUSTO CORRÊA,4170,39270,6634,7086,19088,19278,2366,452,190,262,26.878
PR,GUARANIAÇU,75817,11113,4971,5423,3101,3234,471,452,133,319,62.643
PR,RIBEIRÃO CLARO,78131,9880,3666,4118,3111,3287,291,452,176,276,55.611
SC,PASSO DE TORRES,80403,9151,3180,3632,2003,2049,349,452,46,406,63.932
SP,ROSEIRA,69876,8339,3675,4127,2338,2489,555,452,151,301,62.379
BA,MUCUGÊ,37397,9902,1981,2432,5054,4977,236,451,-77,528,32.825
PR,PRIMEIRO DE MAIO,77895,8341,4149,4600,2303,2380,302,451,77,374,65.903
AC,BRASILÉIA,1058,19993,9143,9593,4171,3958,745,450,-213,663,70.792
GO,OUVIDOR,95079,10521,2713,3163,3558,3683,358,450,125,325,46.202
MG,PIMENTA,50091,7316,2561,3011,2246,2408,344,450,162,288,55.564
MS,RIO VERDE DE MATO GROSSO,91472,13953,5493,5943,4462,4320,493,450,-142,592,57.907
PE,CATENDE,23833,25941,4497,4947,13470,13519,591,450,49,401,26.79
SC,PONTE SERRADA,82635,8169,2870,3320,3114,3163,289,450,49,401,51.211
PA,BELTERRA,4804,17822,5169,5618,6056,6068,715,449,12,437,48.075
PR,CALIFÓRNIA,74675,6949,3273,3722,1774,1860,367,449,86,363,66.679
SC,SANTA ROSA DO SUL,80241,7762,3847,4296,1687,1723,351,449,36,413,71.374
BA,MEDEIROS NETO,37230,18698,5164,5612,8215,8293,382,448,78,370,40.36
MG,ANTÔNIO CARLOS,40576,9893,2134,2582,4576,4916,449,448,340,108,34.436
MG,MIRAÍ,48437,10705,3620,4068,3656,3819,371,448,163,285,51.579
PR,JESUÍTAS,79979,7398,3235,3683,2168,2237,316,448,69,379,62.213
SP,CEDRAL,63274,8585,3826,4274,1559,1697,391,448,138,310,71.579
MG,BONFIM,41610,7326,1850,2297,2756,3011,500,447,255,192,43.274
MA,RAPOSA,8168,24321,4906,5352,10664,10821,723,446,157,289,33.092
PA,ULIANÓPOLIS,4324,20195,6704,7150,7409,7222,501,446,-187,633,49.75
PE,SIRINHAÉM,25836,28615,6536,6982,13807,14130,629,446,323,123,33.071
MG,LAGAMAR,47414,6420,2369,2814,2125,2192,286,445,67,378,56.213
PB,MONTEIRO,20958,27276,3732,4177,15433,15749,825,445,316,129,20.963
BA,SOBRADINHO,39985,20475,3075,3519,11323,11660,604,444,337,107,23.183
BA,UNA,39497,16880,3911,4355,6485,6563,640,444,78,366,39.888
MG,SANTANA DE PIRAPAMA,51691,7161,1900,2344,3084,3299,420,444,215,229,41.538
MS,CAMAPUÃ,90492,10963,4253,4697,3559,3463,525,444,-96,540,57.561
MT,MARCELÂNDIA,98710,9505,4487,4931,1397,1452,122,444,55,389,77.252
MG,IPUIÚNA,46299,7724,3003,3446,2641,2790,361,443,149,294,55.26
PA,CURIONÓPOLIS,5851,17027,6081,6524,5750,5819,555,443,69,374,52.856
PE,ÁGUAS BELAS,23094,35346,4394,4837,17736,17762,537,443,26,417,21.404
PR,AGUDOS DO SUL,74055,8980,3608,4051,2377,2343,314,443,-34,477,63.356
SP,IGARATÁ,65056,9463,3659,4102,2318,2550,652,443,232,211,61.666
BA,ITIÚBA,36412,27813,4921,5363,14896,15313,760,442,417,25,25.938
PA,CURUÇÁ,4570,36892,6246,6688,17963,17798,1487,442,-165,607,27.314
PE,AFOGADOS DA INGAZEIRA,23019,30184,4334,4776,16466,16835,545,442,369,73,22.1
BA,CANARANA,34231,20060,2569,3010,11925,12445,621,441,520,-79,19.476
BA,SÃO FELIPE,38814,17846,2647,3088,10025,10241,545,441,216,225,23.168
ES,SANTA LEOPOLDINA,56898,10114,3605,4046,3394,3580,601,441,186,255,53.055
RJ,CARMO,58238,14270,4715,5156,5838,6208,604,441,370,71,45.371
SP,TARUMÃ,61042,11535,5074,5515,3360,3523,470,441,163,278,61.02
MG,DELFIM MOREIRA,44210,6372,2483,2923,2107,2293,364,440,186,254,56.039
PR,PLANALTO,77755,10296,3667,4107,4270,4316,327,440,46,394,48.759
PR,SANTA MARIANA,78530,9367,3251,3691,3328,3462,334,440,134,306,51.601
SC,DIONÍSIO CERQUEIRA,80977,12108,4309,4749,3802,3804,339,440,2,438,55.524
SP,AURIFLAMA,61832,11077,5320,5760,2711,2857,408,440,146,294,66.845
AL,ATALAIA,27073,32435,7105,7544,13894,13340,1386,439,-554,993,36.123
BA,CANSANÇÃO,34355,28946,2660,3099,18667,19128,548,439,461,-22,13.943
CE,AURORA,13331,20318,1920,2359,12040,12787,908,439,747,-308,15.575
PA,BUJARU,4375,21872,4647,5085,11878,12012,1051,438,134,304,29.742
PR,PALMITAL,77372,10896,3370,3808,4463,4560,411,438,97,341,45.507
PR,SANTA IZABEL DO OESTE,78514,8786,3460,3898,3439,3524,268,438,85,353,52.52
RS,PINHEIRO MACHADO,87939,9548,1897,2335,4610,4774,674,438,164,274,32.846
AL,CRAÍBAS,28894,21925,2625,3062,11172,11494,783,437,322,115,21.036
MT,TAPURAH,90689,9698,4751,5188,1536,1539,158,437,3,434,77.122
GO,CAMPINORTE,92932,9182,3851,4287,2370,2429,423,436,59,377,63.833
MG,TEIXEIRAS,53694,10113,2333,2769,5020,5315,406,436,295,141,34.253
BA,IPUPIARA,35831,9019,1632,2067,4593,4513,230,435,-80,515,31.413
MG,CAPUTIRA,42579,7835,2138,2573,3541,3822,240,435,281,154,40.235
MG,CARLOS CHAGAS,42730,16331,3668,4103,6409,6730,483,435,321,114,37.875
SE,BOQUIM,31151,22051,4082,4517,11117,11486,747,435,369,66,28.226
MG,MINAS NOVAS,48356,22847,2437,2871,9977,10680,418,434,703,-269,21.187
MS,ÁGUA CLARA,90034,13472,4181,4615,3428,3267,431,434,-161,595,58.551
MT,TERRA NOVA DO NORTE,98957,9158,3765,4199,2101,2158,267,434,57,377,66.053
PB,CATOLÉ DO ROCHA,19879,22645,3665,4099,12620,12853,732,434,233,201,24.18
RS,CERRO GRANDE DO SUL,85944,7120,2481,2915,2638,2637,382,434,-1,435,52.504
SP,PALESTINA,68012,9006,3653,4087,2508,2647,437,434,139,295,60.692
SP,UCHOA,72133,8308,3316,3750,2268,2364,382,434,96,338,61.335
BA,CONDEÚBA,34738,15202,2659,3092,7264,7734,574,433,470,-37,28.561
MG,MANGA,47856,16169,3358,3790,6995,7264,372,432,269,163,34.286
MG,MARTINS SOARES,41041,8209,2388,2820,3185,3210,189,432,25,407,46.766
MG,MEDINA,48275,16351,3111,3543,7400,7697,340,432,297,135,31.521
MG,POTÉ,50474,12678,2924,3356,4568,4863,272,432,295,137,40.832
PR,ITAPEJARA D OESTE,76171,0,3201,3633,3728,3816,277,432,88,344,48.772
BA,IBOTIRAMA,35653,21509,4324,4755,11020,11054,457,431,34,397,30.078
BA,QUEIMADAS,38172,20560,3346,3777,10972,11279,630,431,307,124,25.086
ES,ECOPORANGA,56413,19086,5426,5857,7685,7771,643,431,86,345,42.978
MG,INCONFIDENTES,46116,6567,2458,2888,2083,2182,309,430,99,331,56.963
PE,SANTA MARIA DA BOA VISTA,25518,30662,3481,3911,18836,18803,770,430,-33,463,17.218
RS,NOVA BASSANO,87610,7222,4722,5151,939,993,292,429,54,375,83.838
RS,BARROS CASSAL,85391,8281,2538,2966,3454,3471,476,428,17,411,46.077
RS,BOM RETIRO DO SUL,85472,9913,4563,4991,2831,2830,484,428,-1,429,63.815
SP,QUATÁ,69353,10143,4427,4855,2696,2870,434,428,174,254,62.848
CE,TAMBORIL,15652,21401,2558,2985,12596,13497,1166,427,901,-474,18.111
GO,MOZARLÂNDIA,94773,12346,4277,4704,3785,3915,410,427,130,297,54.577
PE,POMBOS,25259,20463,4976,5403,10060,10427,492,427,367,60,34.131
PE,RIBEIRÃO,25356,28400,5970,6397,14553,14648,670,427,95,332,30.397
RS,ENTRE-IJUÍS,85103,7429,2760,3187,2577,2684,415,427,107,320,54.284
RS,TUPARENDI,89494,7124,3864,4291,1567,1574,325,427,7,420,73.163
SP,IPUÃ,65277,11239,3640,4066,4636,4819,424,426,183,243,45.763
PE,CONDADO,23914,19804,3989,4414,10414,10795,474,425,381,44,29.022
PR,GENERAL CARNEIRO,75671,8673,2676,3101,3472,3452,249,425,-20,445,47.322
RS,CATUÍPE,85979,7535,3155,3579,2544,2681,495,424,137,287,57.173
SP,CRISTAIS PAULISTA,63657,7304,2863,3287,2193,2326,388,424,133,291,58.56
SP,NEVES PAULISTA,67512,7067,3076,3500,2105,2242,371,424,137,287,60.954
MG,ANTÔNIO DIAS,40592,9109,2440,2862,3493,3648,400,422,155,267,43.963
MS,ANGÉLICA,91693,8697,2788,3210,3024,3050,432,422,26,396,51.278
PA,VITÓRIA DO XINGU,4405,16451,5312,5734,5454,5300,603,422,-154,576,51.967
RN,CARAÚBAS,16454,19039,2707,3129,11418,11823,760,422,405,17,20.927
RS,IBIRAIARAS,86991,5431,2848,3270,1219,1278,322,422,59,363,71.9
PB,POCINHOS,21415,15457,3211,3632,6852,7233,572,421,381,40,33.428
AM,PRESIDENTE FIGUEIREDO,98418,28465,7515,7935,9350,9038,1045,420,-312,732,46.751
MS,MUNDO NOVO,91790,15014,6025,6445,3863,3826,444,420,-37,457,62.749
PR,URAÍ,79413,8565,3609,4029,2674,2810,418,420,136,284,58.912
PE,BOM CONSELHO,23418,34234,4457,4876,19475,19659,800,419,184,235,19.874
PE,FEIRA NOVA,24074,18056,4366,4785,8711,9062,522,419,351,68,34.556
PE,LAGOA GRANDE,23183,20682,2587,3006,12188,12277,571,419,89,330,19.669
RS,GLORINHA,85502,6793,3027,3446,1594,1650,338,419,56,363,67.622
CE,IRAUÇUBA,14230,19504,2320,2738,11897,12352,933,418,455,-37,18.144
PE,LAGOA DE ITAENGA,24694,18519,4056,4474,9114,9490,520,418,376,42,32.04
PR,SÃO PEDRO DO IVAÍ,78913,6947,2748,3166,2201,2281,356,418,80,338,58.124
RS,PANTANO GRANDE,84980,8434,2225,2643,3814,3725,402,418,-89,507,41.504
BA,QUIXABEIRA,39845,8815,2056,2473,3968,4014,233,417,46,371,38.122
MG,ARCEBURGO,40819,7683,2843,3260,2275,2397,347,417,122,295,57.628
PA,IRITUIA,4693,26414,4612,5029,14636,14866,1403,417,230,187,25.278
PE,TRINDADE,26115,25123,3666,4083,12247,12403,558,417,156,261,24.766
SP,GENERAL SALGADO,64394,7985,3632,4049,2130,2256,362,417,126,291,64.219
MG,CONCEIÇÃO DA APARECIDA,43419,8313,2890,3306,2894,2957,290,416,63,353,52.786
MS,BELA VISTA,90417,16459,6129,6545,4904,4906,575,416,2,414,57.157
MS,MIRANDA,91111,20090,5194,5610,8380,7819,584,416,-561,977,41.775
PR,CIDADE GAÚCHA,75078,8939,3439,3855,3030,3072,302,416,42,374,55.652
PR,SALTO DO LONTRA,78379,11180,3047,3463,5562,5557,298,416,-5,421,38.392
RJ,QUATIS,58025,10514,3823,4239,4065,4289,463,416,224,192,49.707
BA,PARIPIRANGA,37770,23577,2864,3279,13791,14495,675,415,704,-289,18.448
CE,NOVO ORIENTE,14893,23279,2391,2806,13621,14414,852,415,793,-378,16.295
PR,RIBEIRÃO DO PINHAL,78158,10177,2921,3336,4265,4397,425,415,132,283,43.14
PR,SANTA FÉ,78450,9163,3922,4337,2693,2820,298,415,127,288,60.598
SP,PALMEIRA D OESTE,68055,0,3038,3453,2097,2289,357,415,192,223,60.136
RS,CAPELA DE SANTANA,84891,8043,3058,3472,2865,2866,391,414,1,413,54.781
BA,CORAÇÃO DE MARIA,34770,22588,2505,2918,13554,13993,572,413,439,-26,17.255
BA,GANDU,35238,23579,5887,6300,10590,10980,738,413,390,23,36.458
BA,QUIJINGUE,38199,21237,2312,2725,12759,13277,725,413,518,-105,17.029
MA,GOVERNADOR EDISON LOBÃO,7609,15391,3806,4219,6788,6919,470,413,131,282,37.879
MA,SÍTIO NOVO,9296,13998,3192,3605,7300,7481,514,413,181,232,32.518
RJ,NATIVIDADE,58610,12489,4499,4912,4313,4609,583,413,296,117,51.591
SP,TAGUAÍ,71617,9268,3739,4152,2828,2896,378,413,68,345,58.91
BA,JEREMOABO,36633,29122,3240,3652,17545,18195,640,412,650,-238,16.716
BA,RUY BARBOSA,38458,24053,3580,3992,12842,13216,516,412,374,38,23.199
MG,CABO VERDE,41890,9573,3138,3550,3724,3926,399,412,202,210,47.485
MG,PIRACEMA,50113,6033,1517,1929,2590,2775,368,412,185,227,41.008
RS,MORRO REUTER,87149,5420,3019,3431,1084,1118,310,412,34,378,75.423
SC,CORONEL FREITAS,80853,8097,3773,4185,2554,2638,293,412,84,328,61.337
SP,PALMARES PAULISTA,68039,7353,2838,3250,2745,2835,349,412,90,322,53.41
GO,CAMPOS BELOS,92975,14941,3577,3988,6217,6452,505,411,235,176,38.199
PA,MOCAJUBA,4910,29154,4909,5320,15487,15451,1105,411,-36,447,25.613
PR,SÃO JORGE D OESTE,78816,0,3277,3688,3006,2955,265,411,-51,462,55.517
SC,ITÁ,81574,5905,2247,2658,2094,2162,372,411,68,343,55.145
TO,MIRACEMA DO TOCANTINS,94617,14455,3784,4195,6452,6462,562,411,10,401,39.364
AM,EIRUNEPÉ,2291,22986,3243,3653,10000,10435,673,410,435,-25,25.93
MA,TUNTUM,9393,28569,5440,5850,14414,14713,790,410,299,111,28.449
MG,BELO VALE,41270,8604,2132,2542,3569,3817,386,410,248,162,39.975
AL,GIRAU DO PONCIANO,27570,28497,3102,3511,15297,15744,945,409,447,-38,18.234
MG,CAMPO DO MEIO,42250,10448,2643,3052,4310,4481,330,409,171,238,40.515
MS,BRASILÂNDIA,90450,9584,3296,3705,2451,2488,450,409,37,372,59.826
RS,SANTA MARIA DO HERVAL,86207,5273,2502,2911,1490,1543,371,409,53,356,65.357
BA,CONCEIÇÃO DA FEIRA,34630,17509,2329,2737,10569,10810,571,408,241,167,20.204
BA,ITAGI,36030,10665,1927,2335,4861,4857,250,408,-4,412,32.467
GO,GOIANÁPOLIS,93670,10764,5371,5779,2161,2209,343,408,48,360,72.346
MG,VIRGINÓPOLIS,54372,8544,1519,1927,3604,3870,452,408,266,142,33.241
MS,SONORA,91880,11278,4269,4677,3567,3507,362,408,-60,468,57.148
SP,CHAVANTES,63371,8679,3798,4206,2625,2754,458,408,129,279,60.431
PE,EXU,24058,29308,2184,2591,17233,17880,591,407,647,-240,12.657
RN,LAGOA SALGADA,17310,9632,1662,2069,5063,5308,372,407,245,162,28.047
RN,PAU DOS FERROS,17876,21305,3513,3920,12280,12715,719,407,435,-28,23.565
SE,UMBAÚBA,32514,19761,3708,4115,9573,9930,679,407,357,50,29.299
SP,ITAPUÍ,65595,9485,3953,4360,2932,3092,511,407,160,247,58.508
MG,MOEMA,48470,6833,2355,2761,2193,2319,325,406,126,280,54.35
PE,JOAQUIM NABUCO,24635,14138,2480,2886,6750,7152,296,406,402,4,28.751
SP,GUAIÇARA,64459,8171,3298,3704,2384,2455,335,406,71,335,60.14
SP,TABAPUÃ,71536,8777,4323,4729,2096,2284,347,406,188,218,67.432
MG,MORADA NOVA DE MINAS,48690,7230,2565,2970,2360,2426,227,405,66,339,55.041
SC,BELA VISTA DO TOLDO,81221,5323,2301,2706,1347,1477,379,405,130,275,64.69
SP,MARACAÍ,66770,10419,4833,5238,2943,3096,463,405,153,252,62.851
GO,CHAPADÃO DO CÉU,92924,9514,3925,4329,2015,2067,217,404,52,352,67.683
SP,RINÓPOLIS,69779,7458,3477,3881,1712,1799,332,404,87,317,68.327
SP,SÃO SEBASTIÃO DA GRAMA,71170,8442,3407,3811,2326,2532,489,404,206,198,60.082
AM,TEFÉ,2810,50455,10897,11300,20784,20281,1255,403,-503,906,35.781
BA,ABAÍRA,33014,6826,1433,1836,3274,3282,234,403,8,395,35.873
MT,BRASNORTE,90468,12677,5632,6035,2229,2286,256,403,57,346,72.527
PR,FERNANDES PINHEIRO,75345,5561,1912,2315,2116,2072,279,403,-44,447,52.77
MG,SÃO JOÃO BATISTA DO GLÓRIA,52434,6437,2507,2909,1917,2035,252,402,118,284,58.839
RJ,AREAL,58220,10282,4052,4454,2899,3107,584,402,208,194,58.908
RJ,ENGENHEIRO PAULO DE FRONTIN,58351,11132,3942,4344,4095,4268,593,402,173,229,50.441
CE,ACARAPE,13145,12560,3125,3526,5996,6262,445,401,266,135,36.024
CE,ITAPIÚNA,14311,16439,2487,2888,9107,9375,806,401,268,133,23.551
PR,IRETAMA,76090,7978,2336,2737,3083,3231,379,401,148,253,45.861
RJ,ITALVA,59293,11676,5275,5676,2823,3073,385,401,250,151,64.876
SC,SÃO JOSÉ DO CERRITO,83313,7726,2461,2862,3186,3303,377,401,117,284,46.423
MG,PRATÁPOLIS,50571,7458,2498,2898,2569,2643,305,400,74,326,52.301
PB,ITABAIANA,20397,19624,5056,5456,9176,9375,605,400,199,201,36.788
PB,PUXINANÃ,21490,12897,2660,3060,6344,6621,545,400,277,123,31.608
MG,SANTANA DA VARGEM,51659,5972,1942,2341,2407,2519,294,399,112,287,48.169
PE,VICÊNCIA,26255,22289,4846,5245,10797,11005,552,399,208,191,32.277
RS,CARAÁ,88340,6524,2178,2577,2081,2156,471,399,75,324,54.447
SC,LAURENTINO,81876,6028,3542,3941,1091,1136,248,399,45,354,77.625
BA,IBIASSUCÊ,35394,8529,1713,2111,4397,4486,284,398,89,309,31.999
BA,SANTANA,38652,21121,3723,4121,11374,11797,404,398,423,-25,25.889
MG,SANTA MARIA DE ITABIRA,51594,8783,1760,2158,4202,4437,388,398,235,163,32.722
PI,CORRENTE,10570,21271,3570,3968,11012,11554,741,398,542,-144,25.564
RJ,DUAS BARRAS,58319,10338,3382,3780,3650,3925,565,398,275,123,49.059
SC,RIO DO OESTE,82872,6047,3264,3662,1350,1412,221,398,62,336,72.172
SC,SALETE,83011,6351,3378,3776,1236,1243,238,398,7,391,75.234
AL,SÃO JOSÉ DA TAPERA,28673,23518,2324,2721,11182,11431,1076,397,249,148,19.227
GO,NAZÁRIO,94854,7700,2926,3323,2214,2281,323,397,67,330,59.297
MG,MAR DE ESPANHA,47953,10480,3369,3766,3959,4331,432,397,372,25,46.511
MG,PIEDADE DOS GERAIS,50075,5279,1546,1943,1763,1861,223,397,98,299,51.078
SC,AURORA,80373,5547,3184,3581,841,874,237,397,33,364,80.382
CE,GROAÍRAS,13994,9861,1793,2189,4506,4950,730,396,444,-48,30.663
MG,CANÁPOLIS,42358,8780,2195,2591,3921,4042,263,396,121,275,39.062
PR,PARAÍSO DO NORTE,77410,9496,3866,4262,3491,3609,298,396,118,278,54.148
RS,NONOAI,87572,9677,3415,3811,3646,3702,328,396,56,340,50.725
RS,SÃO VICENTE DO SUL,86754,6785,2197,2593,2669,2772,409,396,103,293,48.332
SC,MARACAJÁ,83917,6458,3031,3427,1695,1717,306,396,22,374,66.621
SP,PORANGABA,69116,7497,2756,3152,1999,2216,411,396,217,179,58.718
CE,TURURU,13080,15673,2466,2861,8595,8708,608,395,113,282,24.73
ES,PRESIDENTE KENNEDY,56855,13284,5648,6043,3492,3478,360,395,-14,409,63.47
PA,GARRAFÃO DO NORTE,5878,22359,3960,4355,11603,11899,1205,395,296,99,26.793
PR,PAULO FRONTIN,77550,5711,2305,2700,1766,1888,348,395,122,273,58.849
SC,SÃO JOÃO DO OESTE,80640,5106,2909,3304,941,1015,331,395,74,321,76.499
BA,COARACI,34592,15461,3373,3767,7483,7591,505,394,108,286,33.166
PR,QUATIGUÁ,77933,6653,3098,3492,1824,1842,200,394,18,376,65.467
MG,FERVEDOURO,40207,8567,2310,2703,3598,3856,250,393,258,135,41.211
RS,SÃO JOSÉ DO OURO,88757,5779,2931,3324,1470,1537,304,393,67,326,68.381
MG,SÃO JOSÉ DA BARRA,41645,6762,2214,2606,2304,2428,336,392,124,268,51.768
MT,ROSÁRIO OESTE,91537,13171,4075,4467,4949,4791,407,392,-158,550,48.25
RS,AJURICABA,85030,5807,2877,3269,1623,1660,335,392,37,355,66.322
BA,ITAPARICA,36234,20126,2443,2834,11033,11267,506,391,234,157,20.098
BA,TANHAÇU,39195,18022,2816,3207,10333,10852,543,391,519,-128,22.811
RS,FONTOURA XAVIER,86630,8258,2329,2720,3673,3684,334,391,11,380,42.473
ES,RIO NOVO DO SUL,56871,8815,4684,5074,1958,1983,334,390,25,365,71.9
MG,SÃO JOÃO EVANGELISTA,52558,12867,2107,2497,6043,6397,360,390,354,36,28.075
RO,ALTO PARAÍSO,639,12063,6020,6410,2042,1995,295,390,-47,437,76.264
SP,ESTRELA D OESTE,64050,0,3180,3570,1649,1807,362,390,158,232,66.394
CE,CARIRÉ,13617,15434,2393,2781,8182,8790,808,388,608,-220,24.034
ES,SÃO JOSÉ DO CALÇADO,56952,9785,2743,3131,3386,3427,396,388,41,347,47.743
MG,CRUCILÂNDIA,44113,5679,1779,2167,1806,1895,255,388,89,299,53.348
SP,BERNARDINO DE CAMPOS,62251,7733,3447,3835,2173,2300,387,388,127,261,62.51
BA,FILADÉLFIA,30910,15304,2303,2690,8322,8574,422,387,252,135,23.881
BA,PARAMIRIM,37737,17007,2092,2479,9886,10430,451,387,544,-157,19.204
BA,SERRA DOURADA,39055,15365,3432,3819,6970,7131,279,387,161,226,34.877
ES,IBITIRAMA,56502,7476,3396,3783,1757,1728,331,387,-29,416,68.645
MG,NOVA UNIÃO,47317,5807,1354,1741,2309,2437,291,387,128,259,41.671
MG,SENHORA DOS REMÉDIOS,53236,8377,1809,2196,4068,4314,355,387,246,141,33.733
MS,LADÁRIO,91030,13677,4566,4953,4732,4768,728,387,36,351,50.952
RS,PARAÍSO DO SUL,85987,5371,2371,2758,1696,1662,329,387,-34,421,62.398
SP,SALTINHO,61441,7148,4143,4530,909,1048,358,387,139,248,81.212
TO,DIANÓPOLIS,93416,13257,3044,3431,6126,6140,460,387,14,373,35.848
BA,CAMACÃ,34118,0,4708,5094,7618,7823,666,386,205,181,39.436
MG,HELIODORA,45837,5314,1481,1867,2078,2220,359,386,142,244,45.681
MG,PADRE PARAÍSO,49255,14215,3033,3419,5254,5595,397,386,341,45,37.93
MG,PRADOS,50539,7489,1787,2173,3396,3729,419,386,333,53,36.818
MT,VERA,98973,7865,3461,3847,1454,1495,170,386,41,345,72.014
RS,AUGUSTO PESTANA,85294,5884,3046,3432,1522,1582,280,386,60,326,68.448
RS,SALVADOR DO SUL,88331,5642,2931,3317,1219,1315,396,386,96,290,71.611
TO,FORMOSO DO ARAGUAIA,93653,14166,5361,5747,4787,4698,402,386,-89,475,55.022
AL,LIMOEIRO DE ANADIA,27839,20428,2946,3331,10502,10488,536,385,-14,399,24.104
BA,BUERAREMA,33936,13064,4907,5292,3581,3581,550,385,0,385,59.642
MA,VITORINO FREIRE,9539,22948,4335,4720,12335,12839,564,385,504,-119,26.881
RJ,VARRE-SAI,58084,8800,3851,4236,2152,2439,362,385,287,98,63.461
RS,ARARICÁ,88862,6417,2732,3117,1615,1558,207,385,-57,442,66.674
BA,PIATÃ,37877,17603,2466,2850,8539,9170,752,384,631,-247,23.71
BA,SENTO SÉ,39039,30228,5064,5448,16270,16304,708,384,34,350,25.046
MG,SANTA RITA DE CALDAS,51837,7072,3104,3488,1923,2055,335,384,132,252,62.926
PB,RIO TINTO,21598,18867,3965,4349,10175,10404,666,384,229,155,29.479
PR,BARBOSA FERRAZ,74470,8870,3215,3599,2822,2981,345,384,159,225,54.696
RS,MORRO REDONDO,86185,5318,1996,2380,1596,1667,405,384,71,313,58.809
SC,ANITA GARIBALDI,80195,6962,2536,2920,2648,2695,302,384,47,337,52.004
MG,SÃO ROQUE DE MINAS,52850,5887,2868,3251,1023,1119,191,383,96,287,74.394
MT,ITIQUIRA,90913,9365,3572,3954,2472,2518,326,382,46,336,61.094
RS,NOVA PALMA,87653,5077,1958,2340,1766,1888,474,382,122,260,55.345
RS,PLANALTO,87971,7984,3066,3448,2806,2779,294,382,-27,409,55.372
SC,MONTE CASTELO,82171,6989,2834,3216,2191,2261,274,382,70,312,58.718
BA,TREMEDAL,39357,15469,1919,2299,8156,8427,388,380,271,109,21.434
GO,FIRMINÓPOLIS,93572,8778,3976,4356,2090,2201,353,380,111,269,66.433
MG,JEQUITINHONHA,47155,18150,2462,2842,8828,9219,393,380,391,-11,23.564
MG,MARAVILHAS,47937,6314,2501,2881,2147,2252,340,380,105,275,56.127
MS,ITAQUIRAÍ,98078,14641,4117,4497,5227,5198,535,380,-29,409,46.385
SP,PARAPUÃ,68217,7623,3480,3860,2050,2090,314,380,40,340,64.874
GO,PETROLINA DE GOIÁS,95311,7542,2998,3377,2006,2196,421,379,190,189,60.596
MA,ARARI,7196,24077,3602,3981,12970,13294,829,379,324,55,23.045
MG,ALVINÓPOLIS,40452,13108,2662,3041,6437,6851,561,379,414,-35,30.742
MG,TOLEDO,53813,7516,2601,2980,1812,1887,230,379,75,304,61.229
SC,OURO,82317,5680,3057,3436,1308,1395,280,379,87,292,71.124
SC,PAULO LOPES,82414,7418,3209,3588,1800,1894,330,379,94,285,65.451
AC,SENADOR GUIOMARD,1538,18674,9134,9512,3523,3338,1003,378,-185,563,74.023
CE,HIDROLÂNDIA,14052,16057,2122,2500,8753,9353,994,378,600,-222,21.092
CE,RERIUTABA,15350,15935,1697,2075,9278,10125,1108,378,847,-469,17.008
MA,SANTA RITA,9016,28030,3156,3534,14539,14844,767,378,305,73,19.23
MG,NATÉRCIA,48879,4091,1578,1956,1052,1186,300,378,134,244,62.253
MG,PAINS,49298,6918,2476,2854,2421,2510,290,378,89,289,53.207
MG,ÁGUA BOA,40118,11846,2418,2796,4612,4793,266,378,181,197,36.843
PA,PLACAS,4626,14822,6163,6541,3607,3632,482,378,25,353,64.298
PR,TUNEIRAS DO OESTE,79316,6725,2950,3328,1879,2024,192,378,145,233,62.182
SC,ARMAZÉM,80292,7203,3787,4165,1408,1406,217,378,-2,380,74.762
SP,BOCAINA,62359,8539,4139,4517,2022,2205,438,378,183,195,67.197
MG,TIRADENTES,53759,6908,2228,2605,2723,2949,374,377,226,151,46.903
MT,CARLINDA,90760,8403,2980,3357,2332,2412,252,377,80,297,58.19
PA,VISEU,5657,43527,5763,6140,25546,25514,1316,377,-32,409,19.397
RS,ALPESTRE,85090,6278,2069,2446,2465,2501,274,377,36,341,49.444
SC,PRAIA GRANDE,82716,6700,2654,3031,2052,2106,331,377,54,323,59.003
SP,ELDORADO,63975,10813,3975,4352,3509,3683,338,377,174,203,54.163
MG,FRONTEIRA,45390,10763,3218,3594,4099,4249,272,376,150,226,45.824
PE,PASSIRA,25097,26193,4409,4785,14430,14746,583,376,316,60,24.5
PR,CAMBIRA,74730,6449,2872,3248,1710,1799,292,376,89,287,64.355
PR,JAPURÁ,76414,7465,3681,4057,1657,1760,318,376,103,273,69.744
RS,SANTA CLARA DO SUL,87602,5714,2708,3084,1265,1265,386,376,0,376,70.913
RS,PICADA CAFÉ,87360,4540,2253,2628,985,1006,341,375,21,354,72.317
SP,SALES OLIVEIRA,69990,8530,3730,4105,2192,2324,445,375,132,243,63.851
CE,CAMPOS SALES,13536,20647,1732,2106,12689,13178,651,374,489,-115,13.779
MG,ITUMIRIM,46850,5815,1660,2034,2304,2535,380,374,231,143,44.517
PA,SÃO FRANCISCO DO PARÁ,5479,15950,4117,4491,7402,7669,731,374,267,107,36.933
RN,GUAMARÉ,16870,15689,3048,3422,7950,8103,682,374,153,221,29.692
BA,ITAJUÍPE,36110,16112,3499,3872,8235,8308,532,373,73,300,31.79
GO,CACHOEIRA ALTA,92819,7739,2752,3125,2718,2804,299,373,86,287,52.707
MG,GOUVEIA,45519,10642,1878,2251,5053,5279,429,373,226,147,29.894
PR,TOMAZINA,79294,6657,2464,2837,2124,2238,347,373,114,259,55.901
SP,SANTO ANTÔNIO DO JARDIM,70637,5177,2190,2563,1320,1444,335,373,124,249,63.963
MG,ARAPORÃ,40029,7013,2192,2564,2412,2519,256,372,107,265,50.443
SP,RIBEIRÃO BONITO,69590,8646,3066,3438,2671,2865,482,372,194,178,54.545
BA,IBICOARA,35432,16000,3255,3626,7834,8134,423,371,300,71,30.833
BA,MUNDO NOVO,37435,14979,1845,2216,8409,8691,408,371,282,89,20.317
CE,MILAGRES,14672,22681,1622,1993,14369,15045,878,371,676,-305,11.697
MG,SÃO TOMÁS DE AQUINO,53015,5946,1916,2287,1928,2059,370,371,131,240,52.623
AM,SÃO GABRIEL DA CACHOEIRA,2836,32578,3733,4103,16860,17090,595,370,230,140,19.36
CE,FRECHEIRINHA,13919,13887,2135,2505,7098,7822,807,370,724,-354,24.257
GO,LEOPOLDO DE BULHÕES,94439,7351,2368,2738,2267,2344,298,370,77,293,53.876
PE,SÃO JOSÉ DO EGITO,25712,24191,3213,3583,13915,14107,466,370,192,178,20.254
SP,SILVEIRAS,71412,5406,1798,2168,1748,1886,380,370,138,232,53.478
BA,WENCESLAU GUIMARÃES,39691,16694,2981,3350,8412,8354,531,369,-58,427,28.623
GO,CEZARINA,92100,7371,2751,3120,2256,2356,355,369,100,269,56.976
RS,BOQUEIRÃO DO LEÃO,84921,5332,2086,2455,2056,2032,314,369,-24,393,54.714
RS,MINAS DO LEÃO,87068,6384,1950,2319,2573,2557,366,369,-16,385,47.559
MG,CORDISBURGO,43770,6893,2096,2464,2914,3001,334,368,87,281,45.087
MG,SENADOR AMARAL,40843,6008,2191,2559,1736,1794,184,368,58,310,58.787
MS,ELDORADO,91731,9000,3433,3801,2378,2340,358,368,-38,406,61.895
MT,CLÁUDIA,90522,8623,4385,4753,1534,1557,168,368,23,345,75.325
PB,ALAGOA GRANDE,19054,23279,3573,3941,11860,12179,677,368,319,49,24.448
PR,ITAIPULÂNDIA,75000,9917,4355,4723,2877,2882,221,368,5,363,62.104
RO,SÃO FRANCISCO DO GUAPORÉ,795,12777,6162,6530,2633,2574,357,368,-59,427,71.727
RS,BARÃO,86223,5074,2680,3048,1142,1170,344,368,28,340,72.262
SC,TROMBUDO CENTRAL,83658,5538,3180,3548,870,891,184,368,21,347,79.928
BA,ANAGÉ,33235,18748,2610,2977,10563,11104,716,367,541,-174,21.142
BA,ITANHÉM,36218,14946,3507,3874,6718,7003,467,367,285,82,35.616
MT,GUIRATINGA,90832,8199,3019,3386,2808,2860,344,367,52,315,54.211
PE,CUSTÓDIA,24015,29706,2222,2589,17684,17988,364,367,304,63,12.582
MG,BELA VISTA DE MINAS,41190,8238,1889,2255,3902,4005,370,366,103,263,36.022
MG,RIO VERMELHO,51195,10184,1495,1861,4018,4412,325,366,394,-28,29.667
PR,SÃO JERÔNIMO DA SERRA,78697,8551,2343,2709,3392,3430,360,366,38,328,44.128
SP,COSMORAMA,63592,7043,3077,3443,2066,2060,232,366,-6,372,62.566
BA,RAFAEL JAMBEIRO,39853,19073,2680,3045,9704,10148,422,365,444,-79,23.08
GO,CRIXÁS,93297,13059,3685,4050,4986,5052,402,365,66,299,44.496
GO,ITAUÇU,94234,7701,2758,3123,2562,2633,388,365,71,294,54.256
PA,AURORA DO PARÁ,4340,18287,3480,3845,9519,9566,787,365,47,318,28.67
PB,AREIA,19216,19113,2669,3034,10263,10656,655,365,393,-28,22.162
SE,JAPARATUBA,31658,14947,2194,2559,7622,7923,706,365,301,64,24.413
SP,PEDRA BELA,68373,4808,1900,2265,1497,1588,288,365,91,274,58.785
BA,ITABELA,35947,22143,5592,5956,9622,9849,533,364,227,137,37.684
GO,CORUMBÁ DE GOIÁS,93173,7950,2878,3242,2200,2305,393,364,105,259,58.446
PE,BUÍQUE,23558,42649,3030,3394,22412,22899,606,364,487,-123,12.908
SP,GUAPIARA,64530,13645,4034,4398,5763,6174,491,364,411,-47,41.6
SP,DOURADO,63878,6803,2598,2961,2074,2241,406,363,167,196,56.92
MG,IJACI,46078,5800,1689,2051,2006,2260,441,362,254,108,47.576
MT,ALTO GARÇAS,90077,8802,3440,3802,2324,2357,219,362,33,329,61.731
PR,ICARAÍMA,75930,7074,3195,3557,1904,1958,239,362,54,308,64.497
PR,IMBAÚ,75442,8873,2889,3251,3361,3439,257,362,78,284,48.595
PR,VITORINO,79472,5946,2406,2768,1705,1770,226,362,65,297,60.996
SP,LAVRINHAS,66338,6106,2097,2459,2241,2327,414,362,86,276,51.379
BA,IGUAÍ,35718,17759,3794,4155,8560,9064,407,361,504,-143,31.432
GO,BONFINÓPOLIS,92029,7880,2359,2720,2508,2608,348,361,100,261,51.051
MG,CONCEIÇÃO DO PARÁ,43516,5490,2249,2610,1329,1376,238,361,47,314,65.479
PR,MARILUZ,76899,7591,2761,3122,2958,3088,259,361,130,231,50.274
PR,PARANACITY,77437,7628,2438,2799,2988,3131,331,361,143,218,47.201
MG,LAGOA GRANDE,40347,7625,2159,2519,3137,3214,230,360,77,283,43.939
MG,SÃO GERALDO,52299,7345,1569,1929,3524,3650,247,360,126,234,34.576
PE,AGRESTINA,23051,20957,3299,3659,11690,11902,444,360,212,148,23.514
PI,BATALHA,10294,22571,3347,3707,11708,11939,677,360,231,129,23.693
SP,GUARACI,64599,8101,2682,3042,3091,3154,339,360,63,297,49.096
BA,APORÁ,33375,14226,1710,2069,7625,7891,484,359,266,93,20.773
MG,CARNEIRINHO,40088,8001,2637,2996,3032,3112,233,359,80,279,49.05
MG,IAPU,45853,8435,2883,3242,2817,2923,198,359,106,253,52.587
MG,SABINÓPOLIS,51357,12464,1846,2205,5492,5854,316,359,362,-3,27.361
PR,TRÊS BARRAS DO PARANÁ,79871,9135,3858,4217,3094,3072,281,359,-22,381,57.854
RS,FAXINAL DO SOTURNO,86576,5650,2384,2743,1779,1834,393,359,55,304,59.93
SP,MONTE ALEGRE DO SUL,67253,6349,2915,3274,1410,1566,433,359,156,203,67.645
SP,RIBEIRÃO GRANDE,61700,6403,1838,2197,2558,2753,465,359,195,164,44.384
BA,MIGUEL CALMON,37257,20069,3942,4300,10530,10816,576,358,286,72,28.447
MG,RIO CASCA,50970,10866,2267,2625,4817,5145,374,358,328,30,33.784
SC,SANTA TEREZINHA,80349,6535,3442,3800,1587,1626,220,358,39,319,70.033
BA,ITAMBÉ,36170,17876,3594,3951,9489,9824,622,357,335,22,28.682
MA,COLINAS,7676,28519,3742,4099,16015,16813,589,357,798,-441,19.601
MG,PIRANGUÇU,50172,4787,1906,2263,1303,1387,283,357,84,273,62.0
PR,RONCADOR,78271,8956,2814,3171,3525,3672,329,357,147,210,46.339
RS,BROCHIER,85065,3970,1629,1986,1182,1236,370,357,54,303,61.639
SP,TORRINHA,71951,6703,3520,3877,1465,1548,367,357,83,274,71.465
SP,VERA CRUZ,72354,7893,3422,3779,2141,2298,382,357,157,200,62.185
CE,SALITRE,15440,14855,1388,1744,8462,9034,842,356,572,-216,16.181
RN,LAGOA NOVA,17299,12910,2031,2387,6702,7050,461,356,348,8,25.294
RN,TIBAU DO SUL,18813,13677,3084,3440,6362,6560,387,356,198,158,34.4
GO,BARRO ALTO,92630,10023,3478,3833,3129,3271,393,355,142,213,53.956
PB,MARI,20834,18492,3414,3769,9659,9799,583,355,140,215,27.779
SP,MANDURI,66737,7104,2853,3208,2007,2214,498,355,207,148,59.166
SP,PEDREGULHO,68411,12305,3790,4145,4899,4914,405,355,15,340,45.756
MG,JEQUERI,47090,10418,1930,2284,4797,5142,329,354,345,9,30.757
MG,TIROS,53775,6222,2562,2916,1395,1448,187,354,53,301,66.819
MG,VARZELÂNDIA,54178,17174,2290,2644,7803,8075,358,354,272,82,24.666
MG,VIRGÍNIA,54356,7530,2344,2698,2772,3064,429,354,292,62,46.824
BA,ITUBERÁ,36471,17915,4318,4671,7740,7777,608,353,37,316,37.524
BA,MADRE DE DEUS,39748,17198,2151,2504,9982,10187,530,353,205,148,19.731
MG,VARJÃO DE MINAS,42501,6721,2080,2433,2543,2593,247,353,50,303,48.408
PR,SABÁUDIA,78310,6749,3328,3681,1263,1356,221,353,93,260,73.079
BA,BAIXA GRANDE,33510,15537,2712,3064,7404,7723,456,352,319,33,28.405
MG,PORTO FIRME,50458,9032,1938,2290,4288,4610,315,352,322,30,33.188
MG,SÃO DOMINGOS DAS DORES,41548,5929,1886,2238,1829,1908,188,352,79,273,53.98
PE,TAQUARITINGA DO NORTE,25992,22262,6777,7129,9425,9590,492,352,165,187,42.64
RS,BARÃO DO TRIUNFO,86347,4623,1893,2245,1354,1377,336,352,23,329,61.982
MA,SÃO JOÃO DOS PATOS,9199,19591,2801,3152,11060,11583,600,351,523,-172,21.391
MG,CAPITÃO ENÉAS,42536,13102,2256,2607,6269,6533,370,351,264,87,28.523
PR,CANTAGALO,84514,9139,2586,2937,3929,3949,305,351,20,331,42.652
PR,MARILÂNDIA DO SUL,74330,7150,3297,3648,1853,1959,353,351,106,245,65.062
SC,FAXINAL DOS GUEDES,81035,8722,3306,3657,3609,3616,238,351,7,344,50.282
BA,JOÃO DOURADO,30996,19913,4345,4695,9351,9684,514,350,333,17,32.652
MG,GRÃO MOGOL,45551,12061,1759,2109,5697,6057,338,350,360,-10,25.827
PE,TAMANDARÉ,23280,20316,4298,4648,9254,9364,391,350,110,240,33.172
PR,MISSAL,84697,9684,4788,5138,2428,2478,270,350,50,300,67.463
RS,PORTO XAVIER,88056,7977,2969,3319,3051,3010,269,350,-41,391,52.441
AL,MAJOR ISIDORO,27871,15706,3012,3361,7253,7106,585,349,-147,496,32.11
BA,IBIRATAIA,35599,16069,3370,3719,6742,7087,553,349,345,4,34.416
GO,CORUMBAÍBA,93190,7155,2575,2924,2164,2317,313,349,153,196,55.791
MA,FORMOSA DA SERRA NEGRA,7560,14109,3375,3724,6146,6409,491,349,263,86,36.751
MG,SÃO SEBASTIÃO DO OESTE,52914,7578,2149,2498,2489,2599,265,349,110,239,49.009
PA,CONCÓRDIA DO PARÁ,5819,24142,6389,6738,11500,11559,864,349,59,290,36.826
SP,PANORAMA,68098,9935,4436,4785,3050,3172,387,349,122,227,60.136
ES,VILA VALÉRIO,56227,12932,4019,4367,5276,5183,362,348,-93,441,45.728
PR,VENTANIA,74900,7529,2399,2747,3121,3174,282,348,53,295,46.394
RS,VALE REAL,88080,4876,2303,2651,1342,1348,237,348,6,342,66.292
SC,IPUMIRIM,81515,6042,2440,2788,2195,2219,241,348,24,324,55.682
MG,ALTO RIO DOCE,40410,10089,1602,1949,5052,5303,353,347,251,96,26.875
MG,SANTANA DO MANHUAÇU,51772,7811,2036,2383,3290,3369,191,347,79,268,41.429
PB,BANANEIRAS,19313,19415,2317,2664,10394,10851,748,347,457,-110,19.711
RS,SANTO ANTÔNIO DAS MISSÕES,88579,8367,2198,2545,3906,3992,480,347,86,261,38.932
TO,TOCANTINÓPOLIS,96210,16142,3745,4092,8328,8470,490,347,142,205,32.574
BA,CURAÇÁ,34975,27607,3457,3803,15857,16347,682,346,490,-144,18.873
BA,MACARANI,36951,12887,3222,3568,5424,5647,321,346,223,123,38.719
MG,BRASILÂNDIA DE MINAS,40045,12468,3294,3640,5056,5203,315,346,147,199,41.163
MG,ITACARAMBI,46418,14193,2292,2638,6166,6405,307,346,239,107,29.172
MG,SÃO SEBASTIÃO DA BELA VISTA,52876,6473,2020,2366,2000,2086,243,346,86,260,53.145
PE,CUPIRA,23990,19894,4796,5142,9548,9813,508,346,265,81,34.383
SC,PIRATUBA,82570,5260,2510,2856,1390,1417,268,346,27,319,66.838
MG,FLORESTAL,45195,6999,2086,2431,2436,2699,420,345,263,82,47.388
PE,MACAPARANA,24791,20068,4347,4692,9253,9524,545,345,271,74,33.005
PE,SÃO JOAQUIM DO MONTE,25658,17655,3088,3433,9531,9626,463,345,95,250,26.288
RS,IPÊ,84999,5505,3164,3509,929,1017,316,345,88,257,77.53
RS,SEGREDO,85529,5700,1992,2337,2111,2135,304,345,24,321,52.258
SP,SANTO ANTÔNIO DO PINHAL,70653,6122,2369,2714,1718,2028,488,345,310,35,57.233
PR,NOVA FÁTIMA,77232,6100,2248,2592,2035,2058,278,344,23,321,55.742
MG,IGUATAMA,46051,6270,1932,2275,2573,2685,224,343,112,231,45.867
MG,REDUTO,41424,5862,1846,2189,2265,2306,178,343,41,302,48.699
PR,SANTA ISABEL DO IVAÍ,78492,7050,3197,3540,1847,1900,273,343,53,290,65.074
RS,AMETISTA DO SUL,86304,6074,2454,2797,2173,2121,208,343,-52,395,56.873
RS,SELBACH,89079,4345,2242,2585,1046,1090,305,343,44,299,70.34
CE,CAPISTRANO,13579,16236,2088,2430,9864,10246,692,342,382,-40,19.17
GO,PARANAIGUARA,94552,7186,2024,2366,2842,2913,307,342,71,271,44.819
MS,DEODÁPOLIS,91758,10700,3849,4191,3452,3454,499,342,2,340,54.82
RS,FORMIGUEIRO,86657,5770,1720,2062,2173,2258,424,342,85,257,47.731
SC,TREVISO,81345,3947,1666,2008,1079,1123,310,342,44,298,64.133
MG,IRAÍ DE MINAS,46310,6871,2393,2734,2218,2237,159,341,19,322,54.999
PR,CATANDUVAS,74977,7113,2773,3114,2285,2332,235,341,47,294,57.18
SC,RIO FORTUNA,82937,4375,2939,3280,536,584,241,341,48,293,84.886
SC,TREZE TÍLIAS,83631,6453,3667,4008,1104,1127,220,341,23,318,78.053
SP,AREIÓPOLIS,61719,8202,3174,3515,2747,2868,363,341,121,220,55.068
SP,CAJOBI,62871,7452,3280,3621,2193,2275,256,341,82,259,61.415
MG,GUARACIABA,45632,8032,1431,1771,4002,4412,315,340,410,-70,28.643
PI,VALENÇA DO PIAUÍ,12254,17704,2321,2661,9953,10242,551,340,289,51,20.623
PR,ALVORADA DO SUL,74136,7440,3047,3387,2124,2203,188,340,79,261,60.59
PR,RONDON,78298,6994,3261,3601,2147,2189,241,340,42,298,62.193
RS,SANTANA DA BOA VISTA,88439,6613,1867,2207,2428,2485,425,340,57,283,47.038
MA,SÃO BERNARDO,9091,21872,2892,3231,12501,12719,580,339,218,121,20.257
PA,ANAPU,4723,25337,9334,9673,6332,6037,608,339,-295,634,61.572
PE,TABIRA,25917,21466,2368,2707,13052,13249,332,339,197,142,16.965
PR,FORMOSA DO OESTE,75612,6084,2823,3162,1592,1711,270,339,119,220,64.888
RO,MONTE NEGRO,663,10181,4969,5308,1816,1763,332,339,-53,392,75.067
SC,LUZERNA,81809,4837,3025,3364,850,888,268,339,38,301,79.116
SP,GETULINA,64416,7055,2713,3052,2230,2350,296,339,120,219,56.498
BA,UBAÍRA,39411,15968,2948,3286,8187,8486,463,338,299,39,27.914
ES,BOA ESPERANÇA,56197,11283,3497,3835,4270,4321,396,338,51,287,47.021
MG,COIMBRA,43338,6615,1507,1845,2999,3281,298,338,282,56,35.993
MG,ORIZÂNIA,41246,6820,1881,2219,2648,2722,209,338,74,264,44.91
PE,ALTINHO,23159,17315,2654,2992,9861,9970,413,338,109,229,23.083
RS,CRISTAL,85464,6425,2153,2491,2397,2275,363,338,-122,460,52.266
RS,GAURAMA,86711,5209,2626,2964,1314,1375,269,338,61,277,68.311
RS,GUARANI DAS MISSÕES,86894,5858,2354,2692,2224,2245,318,338,21,317,54.527
SC,VIDAL RAMOS,83771,5322,2947,3285,1151,1229,287,338,78,260,72.774
BA,SÃO FÉLIX DO CORIBE,38822,12621,3102,3439,6077,6217,375,337,140,197,35.615
MG,ALFREDO VASCONCELOS,40002,6145,1564,1901,2617,2824,349,337,207,130,40.233
PA,LIMOEIRO DO AJURU,4790,23027,4276,4613,12509,12610,1109,337,101,236,26.784
RN,ACARI,16012,9402,1968,2305,4703,4932,393,337,229,108,31.85
RO,COSTA MARQUES,213,9148,3883,4220,2551,2425,266,337,-126,463,63.506
SP,BOA ESPERANÇA DO SUL,62332,9700,2905,3242,4312,4431,425,337,119,218,42.252
MG,DELFINÓPOLIS,44237,6332,2152,2488,1947,2056,235,336,109,227,54.754
MG,PLANURA,50318,8685,2709,3045,2905,3093,249,336,188,148,49.609
PB,CAAPORÃ,19615,17106,3743,4079,8633,8746,522,336,113,223,31.805
RN,JARDIM DO SERIDÓ,17116,10350,2238,2574,5296,5578,425,336,282,54,31.575
RS,ANTA GORDA,85138,4877,2989,3325,668,718,205,336,50,286,82.241
RS,SALTO DO JACUÍ,89753,7885,2590,2926,3292,3290,350,336,-2,338,47.072
SE,PROPRIÁ,32131,20255,5041,5377,9607,9739,646,336,132,204,35.572
GO,CABECEIRAS,92797,7460,2191,2526,2665,2661,285,335,-4,339,48.699
MG,INHAÚMA,46191,5734,1843,2178,2215,2356,275,335,141,194,48.037
MG,MONTALVÂNIA,48534,13246,2283,2618,5839,6068,324,335,229,106,30.14
MT,COTRIGUAÇU,90425,7717,3995,4330,1755,1831,231,335,76,259,70.281
PE,CABROBÓ,23590,25755,2861,3196,15805,15805,568,335,0,335,16.82
PE,SÃO JOSÉ DO BELMONTE,25690,28448,2108,2443,16519,16861,453,335,342,-7,12.655
PR,CAMPO DO TENENTE,74799,6395,2770,3105,1776,1847,332,335,71,264,62.702
PR,VERA CRUZ DO OESTE,79898,6598,2973,3308,1976,2038,228,335,62,273,61.878
RN,PORTALEGRE,18031,6960,1233,1568,3495,3603,388,335,108,227,30.323
BA,OLIVEIRA DOS BREJINHOS,37656,16662,1918,2252,10094,10397,361,334,303,31,17.804
ES,DORES DO RIO PRETO,56391,6289,2326,2660,1989,2014,250,334,25,309,56.911
MS,BATAYPORÃ,90395,8419,2815,3149,2753,2763,417,334,10,324,53.265
PE,IPUBI,24457,24842,2358,2692,12952,13295,539,334,343,-9,16.839
PR,GUAMIRANGA,75426,6597,2967,3301,2042,2149,277,334,107,227,60.569
SP,NHANDEARA,67539,7761,3756,4090,1736,1878,387,334,142,192,68.532
BA,ITORORÓ,36439,16419,3782,4115,7555,7735,522,333,180,153,34.726
BA,SÁTIRO DIAS,38938,14507,1671,2004,7526,7772,464,333,246,87,20.499
MG,FERROS,45179,8612,1573,1906,3847,4108,291,333,261,72,31.693
MG,ITANHOMI,46639,9637,2607,2940,3565,3758,237,333,193,140,43.894
MG,PEDRA BONITA,41327,6257,2163,2496,2148,2255,180,333,107,226,52.536
PA,BONITO,4316,12923,2428,2761,6710,6727,722,333,17,316,29.1
PR,PAULA FREITAS,77534,4770,1930,2263,1397,1406,216,333,9,324,61.679
SC,ASCURRA,80330,6553,3843,4176,869,886,172,333,17,316,82.497
TO,AUGUSTINÓPOLIS,96857,13683,3544,3877,5683,5801,373,333,118,215,40.06
CE,ASSARÉ,13315,18991,1527,1859,11787,12482,793,332,695,-363,12.963
MG,JEQUITIBÁ,47139,5902,1930,2262,2092,2202,310,332,110,222,50.672
PR,DOUTOR CAMARGO,75434,5178,2367,2699,1321,1377,256,332,56,276,66.217
RS,PALMITINHO,87793,5964,1883,2215,2701,2692,340,332,-9,341,45.14
SP,CANANÉIA,62995,10449,3818,4150,2888,3097,554,332,209,123,57.265
BA,RIACHO DE SANTANA,38296,23823,2211,2542,14802,15570,532,331,768,-437,14.035
CE,PALHANO,15016,9868,1924,2255,4704,5005,710,331,301,30,31.061
MG,BOM JARDIM DE MINAS,41491,6334,1485,1816,2531,2723,299,331,192,139,40.009
PR,CENTENÁRIO DO SUL,74993,8561,2515,2846,3744,3848,257,331,104,227,42.516
SP,BOFETE,62375,8955,3192,3523,2125,2286,366,331,161,170,60.647
AL,SÃO LUÍS DO QUITUNDE,28690,23596,6839,7169,8611,8389,714,330,-222,552,46.079
BA,PONTO NOVO,38067,15216,1775,2105,7707,7915,398,330,208,122,21.008
CE,ORÓS,14915,17752,2379,2709,10357,10833,620,330,476,-146,20.004
ES,IBIRAÇU,56499,9940,3863,4193,2900,2983,406,330,83,247,58.431
MG,COROACI,43834,7996,1909,2239,3145,3326,229,330,181,149,40.234
MG,GONÇALVES,45470,4120,1523,1853,987,1115,268,330,128,202,62.433
PA,BAIÃO,4235,27659,4653,4983,15094,14758,994,330,-336,666,25.242
PI,CURIMATÁ,10634,9444,1456,1786,5095,5068,255,330,-27,357,26.058
GO,MAURILÂNDIA,94579,7564,2131,2460,2834,2869,204,329,35,294,46.163
MG,ENGENHEIRO CALDAS,44733,7793,2241,2570,2664,2728,192,329,64,265,48.509
MG,SÃO FRANCISCO DE PAULA,52230,5991,1440,1769,2752,2935,324,329,183,146,37.606
MG,ÁGUAS VERMELHAS,40193,10907,1656,1985,4399,4657,357,329,258,71,29.886
PI,SÃO RAIMUNDO NONATO,12114,27518,2830,3159,17355,17693,660,329,338,-9,15.15
PR,FLORESTA,75558,8079,3202,3531,2000,2059,312,329,59,270,63.166
RS,BOA VISTA DO BURICÁ,85430,5660,2728,3057,1626,1663,268,329,37,292,64.767
SC,TUNÁPOLIS,83682,4044,2242,2571,736,832,256,329,96,233,75.551
SP,TERRA ROXA,71897,6368,2508,2837,1960,2006,270,329,46,283,58.579
BA,CAIRU,34070,15559,3211,3539,6846,6798,438,328,-48,376,34.236
GO,BURITI ALEGRE,92770,8712,2872,3200,2684,2780,321,328,96,232,53.512
MG,SAPUCAÍ-MIRIM,53074,6094,1945,2273,1764,1884,305,328,120,208,54.679
RN,PASSA E FICA,17817,10067,2187,2515,4645,4843,390,328,198,130,34.18
SC,SÃO DOMINGOS,83178,7365,3179,3507,2552,2627,254,328,75,253,57.173
MA,PARNARAMA,8559,26316,2070,2397,15289,15977,577,327,688,-361,13.046
MG,BUENÓPOLIS,41831,8570,1604,1931,3064,3212,324,327,148,179,37.546
MG,EUGENÓPOLIS,44970,8768,3120,3447,3482,3635,271,327,153,174,48.673
MG,CONFINS,41920,7062,2649,2975,2253,2403,375,326,150,176,55.318
MG,MERCÊS,48313,8111,1824,2150,4165,4481,384,326,316,10,32.423
PB,ITAPORANGA,20419,17677,2520,2846,9547,9703,655,326,156,170,22.679
PE,ILHA DE ITAMARACÁ,24511,18630,3393,3719,9575,9700,433,326,125,201,27.714
PR,SANTA MARIA DO OESTE,74802,8025,2247,2573,3745,3785,269,326,40,286,40.469
GO,CACHOEIRA DOURADA,96733,7238,2149,2474,2885,2909,191,325,24,301,45.96
MG,GUIRICEMA,45799,7502,1837,2162,3398,3640,269,325,242,83,37.263
MG,ITUETA,46817,5090,2158,2483,1287,1424,128,325,137,188,63.553
MG,SANTA RITA DE MINAS,40665,5947,2040,2365,2045,2230,194,325,185,140,51.469
AM,APUÍ,2003,11582,4600,4924,2885,2809,261,324,-76,400,63.675
MG,MUNHOZ,48755,6072,2183,2507,2023,2124,218,324,101,223,54.135
PR,INÁCIO MARTINS,75990,8375,2610,2934,3486,3493,333,324,7,317,45.651
PR,SÃO SEBASTIÃO DA AMOREIRA,78956,6575,2260,2584,2605,2644,264,324,39,285,49.426
RS,CACEQUI,85570,8522,2573,2897,3569,3528,359,324,-41,365,45.089
SC,PEDRAS GRANDES,82430,4151,2254,2578,731,754,206,324,23,301,77.371
SP,RAFARD,69434,7251,3656,3980,1598,1765,380,324,167,157,69.278
SP,SARAPUÍ,71234,7415,2796,3120,2365,2506,402,324,141,183,55.457
BA,CONDE,34711,19035,2475,2798,10418,10753,506,323,335,-12,20.648
MG,SENADOR FIRMINO,53139,7139,1290,1613,3305,3519,277,323,214,109,31.43
PE,VERTENTES,26239,16750,3395,3718,8663,8907,367,323,244,79,29.45
RS,CONDOR,86118,6132,2548,2871,1712,1736,304,323,24,299,62.318
AC,PORTO ACRE,1023,14269,7062,7384,2490,2317,631,322,-173,495,76.116
BA,NOVA SOURE,37591,21278,1707,2029,12760,13341,515,322,581,-259,13.201
PE,CAMOCIM DE SÃO FÉLIX,23698,15660,2833,3155,8444,8654,283,322,210,112,26.717
PE,PANELAS,25038,19630,2984,3306,11148,11117,440,322,-31,353,22.922
PR,VERÊ,79456,6897,2399,2721,3141,3161,218,322,20,302,46.26
RN,CARNAÚBA DOS DANTAS,16470,6338,1750,2072,2535,2793,349,322,258,64,42.59
RO,SERINGUEIRAS,582,9693,4401,4723,2462,2468,331,322,6,316,65.679
SP,BANANAL,61972,8249,2515,2837,3396,3511,394,322,115,207,44.691
SP,JACI,65919,5829,2315,2637,1643,1777,308,322,134,188,59.742
SP,LAGOINHA,66273,5480,1875,2197,1532,1776,528,322,244,78,55.298
MT,NOVA UBIRATÃ,90883,7599,3554,3875,1743,1688,179,321,-55,376,69.657
PE,ITAPISSUMA,26336,21460,3950,4271,10954,11005,480,321,51,270,27.959
RS,ROQUE GONZALES,88293,5428,2027,2348,2148,2119,284,321,-29,350,52.563
RS,TAVARES,89710,4552,1391,1712,1596,1685,457,321,89,232,50.397
SP,QUELUZ,69396,7125,2207,2528,2830,2908,392,321,78,243,46.505
BA,RIO DE CONTAS,38350,12186,1885,2205,6786,7033,336,320,247,73,23.869
MG,MATO VERDE,48194,10881,2757,3077,5058,5262,300,320,204,116,36.899
PI,PORTO,11690,10027,1207,1527,5291,4930,200,320,-361,681,23.649
PR,BARRACÃO,74497,7611,2990,3310,2674,2709,208,320,35,285,54.993
RS,CANDIOTA,86487,8141,1654,1974,4114,4090,440,320,-24,344,32.553
RS,SERTÃO SANTANA,87920,5329,2458,2778,1407,1447,312,320,40,280,65.751
MG,ITAVERAVA,46779,5692,1400,1719,2591,2789,254,319,198,121,38.132
PA,ÁGUA AZUL DO NORTE,4260,10885,4105,4424,3079,3122,300,319,43,276,58.627
SP,DUMONT,63932,7345,3232,3551,1888,1996,285,319,108,211,64.017
SP,FLÓRIDA PAULISTA,64211,7421,3421,3740,2161,2246,268,319,85,234,62.479
SP,URÂNIA,72176,6908,3002,3321,1845,1943,268,319,98,221,63.089
ES,ATÍLIO VIVÁCQUA,56138,9262,3488,3806,3182,3130,294,318,-52,370,54.873
ES,MANTENÓPOLIS,56650,10403,3793,4111,3128,3211,272,318,83,235,56.146
MG,ITAIPÉ,46450,9586,1534,1852,3743,4041,285,318,298,20,31.427
MG,PIRAPETINGA,50210,9427,3141,3459,4196,4346,271,318,150,168,44.318
MG,POUSO ALTO,50512,5593,2113,2431,1756,1920,349,318,164,154,55.872
MG,TOCOS DO MOJI,42587,4160,1164,1482,1631,1748,285,318,117,201,45.882
MT,FELIZ NATAL,90786,7180,2815,3133,1559,1485,91,318,-74,392,67.843
PR,FLORESTÓPOLIS,75574,9408,3318,3636,3940,3991,323,318,51,267,47.673
SC,MELEIRO,82112,5875,3754,4072,956,1022,234,318,66,252,79.937
RS,INDEPENDÊNCIA,87092,5505,2479,2796,1666,1753,351,317,87,230,61.464
SC,RIO DO CAMPO,82856,5442,3119,3436,1059,1098,187,317,39,278,75.783
MG,SOLEDADE DE MINAS,53554,5007,1772,2088,1745,1829,237,316,84,232,53.306
PB,BARRA DE SANTA ROSA,19330,11497,1367,1683,6603,6568,297,316,-35,351,20.398
RS,ALECRIM,85057,5614,2095,2411,2095,2131,326,316,36,280,53.082
BA,SANTA RITA DE CÁSSIA,35491,23121,3102,3417,12689,13046,594,315,357,-42,20.756
CE,JAGUARETAMA,14354,15594,1625,1940,9622,9960,664,315,338,-23,16.303
CE,MUCAMBO,14818,12791,1476,1791,6824,7514,771,315,690,-375,19.248
PA,SANTA LUZIA DO PARÁ,4146,18546,3070,3385,9564,9505,791,315,-59,374,26.261
PE,PETROLÂNDIA,25194,26557,3178,3493,15010,14965,437,315,-45,360,18.924
SC,BOM RETIRO,80497,6606,2921,3236,1872,1892,320,315,20,295,63.105
SE,CANINDÉ DE SÃO FRANCISCO,31232,24781,3337,3652,12856,13095,620,315,239,76,21.807
SP,OUROESTE,62383,8018,3044,3359,2297,2403,289,315,106,209,58.296
CE,FORTIM,13501,17224,3380,3694,8141,8237,725,314,96,218,30.961
MA,DOM PEDRO,7730,17909,3845,4159,9089,9265,490,314,176,138,30.982
MG,ALTO JEQUITIBÁ,50695,7178,3267,3581,1897,1982,216,314,85,229,64.372
MG,SANTA MARIA DO SUAÇUÍ,51632,12200,2326,2640,4834,5054,242,314,220,94,34.312
MT,NOVA BANDEIRANTES,90387,10146,4958,5272,1255,1301,209,314,46,268,80.207
RS,BARÃO DE COTEGIPE,85332,5361,2437,2751,1695,1776,265,314,81,233,60.769
RS,ESTAÇÃO,85286,4878,2454,2768,1218,1257,267,314,39,275,68.77
MG,GUARDA-MOR,45713,6310,1957,2270,2025,2019,184,313,-6,319,52.926
PB,CRUZ DO ESPÍRITO SANTO,19992,16448,3076,3389,8879,9028,494,313,149,164,27.293
RS,MAQUINÉ,86967,5941,1942,2255,2407,2469,370,313,62,251,47.735
AL,VIÇOSA,28878,20935,4648,4960,9441,9237,816,312,-204,516,34.937
CE,PALMÁCIA,15032,9936,1508,1820,5469,5572,382,312,103,209,24.621
GO,CAMPO LIMPO DE GOIÁS,93580,6779,2701,3013,1697,1688,217,312,-9,321,64.093
MG,LUMINÁRIAS,47732,4354,1250,1562,1863,1941,239,312,78,234,44.59
MG,PEDRA DO INDAIÁ,49778,3857,1414,1726,1122,1173,191,312,51,261,59.538
PE,ARAÇOIABA,23205,17440,3552,3863,9036,9158,440,311,122,189,29.667
PR,ALTO PIQUIRI,74110,7445,2451,2762,2796,2931,265,311,135,176,48.516
SP,IACANGA,64831,8287,3943,4254,2098,2274,358,311,176,135,65.165
SP,IRAPUÃ,65315,5492,2706,3017,1146,1176,110,311,30,281,71.953
AL,FEIRA GRANDE,27510,19485,2657,2967,9890,10346,771,310,456,-146,22.286
BA,ARAÇÁS,33383,10824,1217,1527,6089,6202,256,310,113,197,19.757
MG,ENTRE FOLHAS,40185,5913,1870,2180,2181,2278,137,310,97,213,48.901
MG,INIMUTABA,46213,6575,1527,1837,2784,2775,235,310,-9,319,39.831
PI,DEMERVAL LOBÃO,10650,13808,1879,2189,7385,7498,412,310,113,197,22.597
PI,ÁGUA BRANCA,10030,15904,3041,3351,8835,8576,408,310,-259,569,28.096
PR,BOA VISTA DA APARECIDA,79812,7110,2408,2718,2534,2603,294,310,69,241,51.081
RN,MAXARANGUAPE,17493,10454,2139,2449,4925,4883,324,310,-42,352,33.402
SC,CAIBI,80594,5306,2647,2957,1138,1176,194,310,38,272,71.546
SP,RINCÃO,69752,7182,2249,2559,2895,2949,282,310,54,256,46.46
CE,FARIAS BRITO,13870,17697,1307,1616,11245,11723,701,309,478,-169,12.115
ES,SÃO DOMINGOS DO NORTE,56006,8438,2727,3036,2996,2935,261,309,-61,370,50.846
MA,RIACHÃO,8877,16951,3104,3413,8529,8867,352,309,338,-29,27.793
MG,JESUÂNIA,47171,4449,1477,1786,1402,1437,208,309,35,274,55.414
PE,BODOCÓ,23396,27882,1817,2126,17029,17617,615,309,588,-279,10.768
PR,TAMARANA,75663,9024,3464,3773,2363,2514,414,309,151,158,60.013
RN,VERA CRUZ,18953,11430,2273,2582,5188,5568,399,309,380,-71,31.681
RO,SANTA LUZIA D OESTE,353,0,2875,3184,1576,1652,264,309,76,233,65.84
RS,CÂNDIDO GODÓI,85839,5552,3069,3378,1417,1484,302,309,67,242,69.478
SC,TIMBÓ GRANDE,80209,5899,1863,2172,1981,2070,381,309,89,220,51.202
BA,PILÃO ARCADO,37893,28633,2785,3093,17063,17222,676,308,159,149,15.225
SC,IMBUIA,81450,5208,2832,3140,1044,1079,262,308,35,273,74.425
SE,PORTO DA FOLHA,32115,25139,3387,3695,13725,13818,795,308,93,215,21.099
BA,BURITIRAMA,30791,15762,2019,2326,8737,8773,406,307,36,271,20.957
MT,TABAPORÃ,90220,8047,3574,3881,1155,1167,169,307,12,295,76.882
PR,PINHALÃO,77631,5889,2173,2480,1809,1898,263,307,89,218,56.647
BA,PARATINGA,37753,24306,2488,2794,14863,15360,436,306,497,-191,15.391
MA,DAVINÓPOLIS,7242,12229,2852,3158,5560,5560,369,306,0,306,36.224
MA,TRIZIDELA DO VALE,8567,16929,3744,4050,8525,8881,587,306,356,-50,31.32
MG,SÃO MIGUEL DO ANTA,52752,6038,1227,1533,3142,3343,300,306,201,105,31.44
CE,PACOTI,14974,10795,1429,1734,6134,6438,568,305,304,1,21.219
MG,GUIDOVAL,45756,6731,1704,2009,2975,3099,248,305,124,181,39.33
MG,NAZARENO,48895,6311,1464,1769,3193,3360,323,305,167,138,34.49
MG,SÃO JOSÉ DO ALEGRE,52639,3730,1451,1756,1036,1101,240,305,65,240,61.463
PB,ARARUNA,19194,14854,2175,2480,7030,7305,529,305,275,30,25.345
BA,BARROCAS,30775,14921,1347,1651,8997,9090,357,304,93,211,15.371
BA,CARAVELAS,34371,16283,3387,3691,7646,7758,377,304,112,192,32.239
PE,SÃO VICENTE FÉRRER,25755,14583,2236,2540,8020,8099,358,304,79,225,23.874
AM,ENVIRA,2313,10931,1668,1971,5052,5064,480,303,12,291,28.017
MG,CLARO DOS POÇÕES,43290,7528,2045,2348,3174,3354,335,303,180,123,41.179
PA,OURÉM,5070,16550,2809,3112,8939,9050,808,303,111,192,25.588
PB,INGÁ,20370,15741,3027,3330,7757,7941,480,303,184,119,29.545
PE,JOÃO ALFREDO,24619,24788,3279,3582,13629,14346,618,303,717,-414,19.98
SP,SETE BARRAS,71374,10280,4138,4441,2858,2984,381,303,126,177,59.811
SP,VARGEM,61549,6581,2736,3039,1539,1693,285,303,154,149,64.222
AL,IGACI,27618,20556,2325,2627,10652,10837,674,302,185,117,19.511
BA,CAFARNAUM,34053,14543,2392,2694,7945,8225,416,302,280,22,24.673
CE,CEDRO,13757,20441,2202,2504,12164,12938,1127,302,774,-472,16.216
CE,TEJUÇUOCA,13323,16008,2066,2368,9288,9499,767,302,211,91,19.954
CE,UMIRIM,98558,16104,2348,2650,9009,9217,651,302,208,94,22.331
GO,SÃO JOÃO D ALIANÇA,95974,0,2298,2600,2573,2705,333,302,132,170,49.01
MA,VARGEM GRANDE,9474,32752,3747,4049,18489,19022,722,302,533,-231,17.55
MT,CAMPINÁPOLIS,98655,11518,2905,3207,4094,4174,182,302,80,222,43.449
MT,NOVA MONTE VERDE,90360,6066,2925,3227,1220,1253,151,302,33,269,72.031
PB,REMÍGIO,21555,15110,2056,2358,8177,8476,484,302,299,3,21.765
PR,JURANDA,84638,6207,2781,3083,1774,1879,208,302,105,197,62.132
RN,TANGARÁ,18775,12600,2697,2999,5732,6035,463,302,303,-1,33.197
RS,SÃO PEDRO DA SERRA,87807,3192,1702,2004,655,687,229,302,32,270,74.47
RS,TUPANDI,85723,4301,2560,2862,801,768,205,302,-33,335,78.843
SP,ORIENTE,67830,5170,2201,2503,1466,1456,232,302,-10,312,63.223
BA,UBATÃ,39454,12024,2674,2975,5618,5766,441,301,148,153,34.035
MG,SERRANIA,53376,6386,2014,2315,2345,2471,248,301,126,175,48.37
PI,MILTON BRANDÃO,12246,7107,1259,1560,3269,3349,199,301,80,221,31.778
SC,PALMA SOLA,82350,5417,1833,2134,2278,2308,258,301,30,271,48.041
SP,ÁGUAS DA PRATA,61077,5909,2601,2902,1556,1750,415,301,194,107,62.382
CE,APUIARÉS,13170,12728,1733,2033,7592,7829,639,300,237,63,20.614
MG,ESTRELA DO SUL,44954,5941,1545,1845,2497,2532,179,300,35,265,42.152
PB,SANTA LUZIA,21695,12322,2318,2618,6544,6677,492,300,133,167,28.166
RO,URUPÁ,566,9220,4102,4402,2159,2222,314,300,63,237,66.455
GO,CARMO DO RIO VERDE,92991,7235,2991,3290,2134,2251,227,299,117,182,59.376
MG,CONCEIÇÃO DAS PEDRAS,43435,2816,829,1128,933,988,213,299,55,244,53.308
MG,CÓRREGO DO BOM JESUS,43974,4388,1484,1783,1290,1422,255,299,132,167,55.632
MG,DIONÍSIO,44350,6913,1701,2000,2686,2837,192,299,151,148,41.348
MT,NOSSA SENHORA DO LIVRAMENTO,91219,13530,2782,3081,6339,6260,392,299,-79,378,32.984
PR,MAUÁ DA SERRA,74543,7695,3074,3373,2340,2292,269,299,-48,347,59.541
MS,IGUATEMI,90859,10732,4242,4540,2997,2916,329,298,-81,379,60.891
PA,SALVATERRA,5258,20405,3885,4183,10190,10453,992,298,263,35,28.58
PR,BORRAZÓPOLIS,74632,6281,2752,3050,2051,2086,266,298,35,263,59.385
RN,SÃO MIGUEL,18473,19534,2040,2338,10381,10989,629,298,608,-310,17.543
SC,CAMPO ERÊ,80675,7555,2321,2619,3088,3099,189,298,11,287,45.803
SP,NUPORANGA,67733,6039,2530,2828,1574,1690,291,298,116,182,62.594
BA,CRISÓPOLIS,34916,16703,1447,1744,9712,10318,358,297,606,-309,14.459
BA,FÁTIMA,30899,15336,1376,1673,9803,10190,484,297,387,-90,14.103
MG,CAPETINGA,42471,5623,1853,2150,1839,1929,242,297,90,207,52.709
PI,AMARANTE,10090,16037,1537,1834,9683,9530,420,297,-153,450,16.139
RN,SERRA DO MEL,16020,13227,3010,3307,5886,5930,507,297,44,253,35.802
RO,THEOBROMA,590,7572,3519,3816,1785,1784,301,297,-1,298,68.143
RS,CHUVISCA,88269,4356,2059,2356,1191,1155,250,297,-36,333,67.103
SC,BOTUVERÁ,80519,4909,2659,2956,772,779,166,297,7,290,79.143
SP,BARRA DO CHAPÉU,61360,4675,1430,1727,1590,1738,169,297,148,149,49.841
SP,NOVA EUROPA,67598,7180,2260,2557,3035,3195,386,297,160,137,44.454
BA,CASTRO ALVES,34452,23034,2701,2997,13961,14103,514,296,142,154,17.526
BA,URUÇUCA,39535,18302,4617,4913,7916,7932,458,296,16,280,38.248
MG,SILVIANÓPOLIS,53473,4853,1840,2136,1486,1564,277,296,78,218,57.73
MG,SÃO JOSÉ DA VARGINHA,52612,3985,1213,1509,1365,1431,194,296,66,230,51.327
MG,SÃO SEBASTIÃO DO MARANHÃO,52892,8954,1696,1992,3244,3486,223,296,242,54,36.364
SP,IEPÊ,64998,5980,2670,2966,1842,1899,256,296,57,239,60.966
GO,JANDAIA,94293,6000,2409,2704,1790,1907,297,295,117,178,58.642
MA,BOM JESUS DAS SELVAS,7269,19680,4453,4748,9842,9854,374,295,12,283,32.516
MA,MATÕES,8311,27347,2573,2868,15394,15523,634,295,129,166,15.595
MG,CONQUISTA,43630,5478,1817,2112,2070,2181,245,295,111,184,49.196
PB,JACARAÚ,20478,14378,2527,2822,6927,7078,524,295,151,144,28.505
RO,NOVO HORIZONTE DO OESTE,515,7025,3127,3422,1853,1849,293,295,-4,299,64.921
SC,ANGELINA,80179,5025,2167,2462,1694,1766,316,295,72,223,58.231
SC,CAMPO BELO DO SUL,80659,5986,2201,2496,2177,2307,279,295,130,165,51.968
SP,SANTA LÚCIA,70394,6330,1808,2103,2798,2872,308,295,74,221,42.271
AM,CANUTAMA,2194,10802,2657,2951,3835,3539,260,294,-296,590,45.47
BA,IBICUÍ,35459,11500,2126,2420,6091,6262,341,294,171,123,27.874
GO,SERRANÓPOLIS,96075,6634,2120,2414,2148,2262,233,294,114,180,51.625
MT,VILA BELA DA SANTÍSSIMA TRINDADE,91090,11205,3863,4157,3252,3140,364,294,-112,406,56.969
PA,MARAPANIM,4871,25336,5348,5642,12018,11646,1317,294,-372,666,32.635
PB,CUITÉ,20036,17455,1964,2258,10224,10528,579,294,304,-10,17.66
PE,DORMENTES,23140,16200,2316,2610,9469,9778,437,294,309,-15,21.069
RJ,CAMBUCI,58173,12317,4418,4712,4565,4793,452,294,228,66,49.574
RJ,CARAPEBUS,58300,13506,5139,5433,4102,4225,459,294,123,171,56.254
RS,JÓIA,98299,6205,2027,2321,2857,2807,246,294,-50,344,45.261
SP,SANTO ANTÔNIO DA ALEGRIA,70599,5708,2025,2319,1759,1896,362,294,137,157,55.018
BA,ITACARÉ,35998,19681,3239,3532,9733,9902,378,293,169,124,26.291
BA,MORTUGABA,37370,9608,2184,2477,4080,4296,356,293,216,77,36.572
MG,CABECEIRA GRANDE,41785,5904,1736,2029,1977,1950,191,293,-27,320,50.993
MG,CAMPO FLORIDO,42277,6490,1973,2266,2647,2626,161,293,-21,314,46.321
MG,DURANDÉ,40169,6595,1825,2118,2740,2849,193,293,109,184,42.641
MG,VERMELHO NOVO,42560,5111,1355,1648,1973,2046,177,293,73,220,44.613
RS,LAVRAS DO SUL,87319,5435,1376,1669,2618,2584,288,293,-34,327,39.243
RS,RODEIO BONITO,88218,5382,1958,2251,2053,1977,226,293,-76,369,53.24
RS,TRINDADE DO SUL,85006,5884,1736,2029,2226,2204,202,293,-22,315,47.933
SP,AVANHANDAVA,61875,7433,2649,2942,2760,2851,296,293,91,202,50.785
SP,BILAC,62278,6361,3123,3416,1388,1485,215,293,97,196,69.7
SP,SERRA AZUL,71293,7364,2417,2710,2964,3027,280,293,63,230,47.237
MA,SANTA HELENA,8958,24864,3561,3853,12323,12592,554,292,269,23,23.43
MG,POCRANE,50377,7543,2339,2631,2762,2932,236,292,170,122,47.295
PB,CACIMBA DE DENTRO,19712,14358,2056,2348,7392,7568,402,292,176,116,23.679
PE,LAGOA DO CARRO,23027,15737,3213,3505,8188,8339,338,292,151,141,29.593
PR,GUAIRAÇÁ,75736,5395,2089,2381,1689,1673,188,292,-16,308,58.732
RS,PROGRESSO,84760,4935,1943,2235,1966,1987,264,292,21,271,52.937
SC,RIO DAS ANTAS,82830,5396,2633,2925,1228,1221,188,292,-7,299,70.55
MG,ABADIA DOS DOURADOS,40010,5729,1869,2160,2228,2351,225,291,123,168,47.883
MG,FUNILÂNDIA,45438,5403,1704,1995,1645,1687,314,291,42,249,54.183
MG,IMBÉ DE MINAS,42226,5734,1507,1798,2383,2466,151,291,83,208,42.167
MT,DOM AQUINO,90719,6232,2430,2721,1988,2010,240,291,22,269,57.514
MT,JUSCIMEIRA,91898,8781,3667,3958,2700,2848,257,291,148,143,58.155
PE,CANHOTINHO,23736,17189,3208,3499,9041,9021,394,291,-20,311,27.947
RS,PEDRO OSÓRIO,87874,6893,1415,1706,3334,3373,449,291,39,252,33.589
BA,UBAITABA,39438,14306,3310,3600,6278,6394,531,290,116,174,36.022
GO,BOM JARDIM DE GOIÁS,92673,7601,2194,2484,2801,2852,218,290,51,239,46.552
MG,CENTRALINA,43150,7687,1742,2032,3638,3779,217,290,141,149,34.968
MG,MOEDA,48453,5318,1761,2051,1867,2055,322,290,188,102,49.951
MG,PAULA CÂNDIDO,49654,7831,1369,1659,3971,4179,294,290,208,82,28.417
RS,SÃO JOÃO DA URTIGA,84859,4215,1915,2205,1243,1258,189,290,15,275,63.673
SC,PETROLÂNDIA,82490,5534,3289,3579,962,1016,240,290,54,236,77.889
SP,AREALVA,61670,6347,2839,3129,1554,1646,272,290,92,198,65.529
SP,ARIRANHA,61735,6455,3017,3307,1800,1901,263,290,101,189,63.498
SP,TUIUTI,61620,5554,2412,2702,1223,1350,261,290,127,163,66.683
PR,NOVA LARANJEIRAS,74586,8595,2396,2685,3666,3741,200,289,75,214,41.783
RS,MANOEL VIANA,86940,5555,1697,1986,2312,2271,226,289,-41,330,46.653
GO,JOVIÂNIA,94374,5782,1999,2287,1990,2046,232,288,56,232,52.781
MA,MAGALHÃES DE ALMEIDA,8257,12222,1763,2051,6985,7079,418,288,94,194,22.464
MA,MONÇÃO,8370,21315,2324,2612,11437,11474,509,288,37,251,18.543
MG,SÃO JOÃO DO ORIENTE,52515,6969,2126,2414,2761,2860,141,288,99,189,45.772
RS,ARATIBA,85170,6224,2730,3018,2216,2235,221,288,19,269,57.453
RS,SERTÃO,89117,5022,2442,2730,1428,1393,197,288,-35,323,66.214
CE,BARRO,13390,17084,1242,1529,10402,10932,658,287,530,-243,12.27
MG,MIRADOURO,48410,8129,2312,2599,3597,3798,245,287,201,86,40.628
MG,RIO MANSO,51055,5027,1330,1617,1987,2092,275,287,105,182,43.597
MG,SÃO GONÇALO DO ABAETÉ,52337,5655,1679,1966,1975,2012,192,287,37,250,49.422
PB,BREJO DO CRUZ,19577,10777,1983,2270,5514,5520,407,287,6,281,29.14
PR,SERTANEJA,79030,4826,2049,2336,1537,1571,196,287,34,253,59.79
RN,JUCURUTU,17191,15438,2836,3123,8806,8976,481,287,170,117,25.812
SP,ITOBI,65773,6009,2302,2589,2022,2034,279,287,12,275,56.003
MG,LONTRA,40380,8590,1247,1533,4112,4266,247,286,154,132,26.436
PA,BOM JESUS DO TOCANTINS,4049,12489,3477,3763,4541,4579,431,286,38,248,45.109
PA,TERRA SANTA,4367,15592,4076,4362,6114,6124,532,286,10,276,41.598
PR,NOVA PRATA DO IGUAÇU,79952,8880,2925,3211,3779,3806,242,286,27,259,45.76
PR,PEROBAL,75507,5674,2525,2811,1385,1461,218,286,76,210,65.801
SP,MACAUBAL,66630,5931,2972,3258,1277,1432,325,286,155,131,69.467
SP,VISTA ALEGRE DO ALTO,72419,5995,2491,2777,1777,1879,242,286,102,184,59.643
BA,PALMAS DE MONTE ALTO,37699,17291,1715,2000,11048,11456,299,285,408,-123,14.863
MG,INDAIABIRA,42242,6463,1561,1846,2192,2431,139,285,239,46,43.161
PA,SÃO GERALDO DO ARAGUAIA,5797,19542,7831,8116,6403,6252,601,285,-151,436,56.487
PB,BELÉM,19399,13311,2525,2810,6638,7007,466,285,369,-84,28.624
RS,MONTE ALEGRE DOS CAMPOS,88803,3353,1316,1601,896,909,162,285,13,272,63.785
SP,HERCULÂNDIA,64815,6943,2945,3230,2020,2094,245,285,74,211,60.669
SP,LINDÓIA,66419,5884,2877,3162,1264,1310,283,285,46,239,70.707
BA,BANZAÊ,33529,10923,1417,1701,6093,6232,349,284,139,145,21.442
BA,ITATIM,36382,12975,2359,2643,6727,6974,338,284,247,37,27.483
MG,SÃO BENTO ABADE,52159,4194,1287,1571,1509,1644,207,284,135,149,48.865
MT,JAURU,89915,7127,3282,3566,1393,1441,174,284,48,236,71.22
PB,ITAPOROROCA,20435,14197,2186,2470,7466,7653,459,284,187,97,24.4
PI,INHUMA,10936,13174,1362,1646,7818,8009,354,284,191,93,17.048
PR,ITAMBARACÁ,76139,5272,2090,2374,1433,1492,159,284,59,225,61.407
SC,RIQUEZA,80560,3996,1693,1977,1312,1373,220,284,61,223,59.015
SP,PEDRO DE TOLEDO,68454,7914,2660,2944,2310,2439,413,284,129,155,54.691
SP,TAPIRAÍ,71714,6279,2361,2645,1582,1792,353,284,210,74,59.612
TO,MIRANORTE,94633,10117,3470,3754,3781,3781,314,284,0,284,49.821
BA,BELO CAMPO,33693,15757,2421,2704,8583,9013,417,283,430,-147,23.078
ES,BOM JESUS DO NORTE,56219,8511,2758,3041,2681,2677,341,283,-4,287,53.183
GO,SANCLERLÂNDIA,95753,7147,2797,3080,2292,2418,308,283,126,157,56.02
MG,RODEIRO,51250,6847,2218,2501,2676,2830,187,283,154,129,46.914
MT,APIACÁS,90263,6354,2417,2700,1557,1500,160,283,-57,340,64.286
RS,AMARAL FERRADOR,86045,4612,1474,1757,1757,1746,333,283,-11,294,50.157
RS,RONDINHA,88277,4491,1941,2224,1653,1656,187,283,3,280,57.32
SP,DOBRADA,63819,6733,1919,2202,2634,2774,292,283,140,143,44.252
MG,MIRABELA,48399,10879,2039,2321,5721,6033,350,282,312,-30,27.783
MG,NINHEIRA,41122,8850,1381,1663,3306,3738,375,282,432,-150,30.791
PB,SÃO SEBASTIÃO DE LAGOA DE ROÇA,22039,9184,1615,1897,4315,4683,423,282,368,-86,28.83
GO,DOVERLÂNDIA,96750,5682,2087,2368,2020,2054,253,281,34,247,53.55
MG,URUCÂNIA,54097,8708,2002,2283,4000,4207,235,281,207,74,35.177
PR,JUSSARA,76538,5486,2334,2615,1695,1766,218,281,71,210,59.69
SE,AREIA BRANCA,31097,15249,2825,3106,7757,7866,542,281,109,172,28.308
SP,ITARIRI,65676,9811,3761,4042,2426,2573,418,281,147,134,61.104
SP,PEREIRAS,68519,6474,2526,2807,1849,1963,354,281,114,167,58.847
BA,CÂNDIDO SALES,34339,20923,3599,3879,10433,10894,625,280,461,-181,26.257
BA,PINTADAS,39837,8972,1929,2209,3893,4043,233,280,150,130,35.333
GO,NOVA GLÓRIA,96555,6897,2559,2839,2292,2422,297,280,130,150,53.963
PB,PIANCÓ,21270,12890,2099,2379,6760,7001,530,280,241,39,25.362
PA,NOVA IPIXUNA,4600,11515,3365,3644,4205,4173,542,279,-32,311,46.616
RS,COTIPORÃ,89770,3494,1982,2261,589,668,240,279,79,200,77.194
SC,VITOR MEIRELES,80128,4382,2246,2525,1108,1090,141,279,-18,297,69.848
GO,SANTO ANTÔNIO DE GOIÁS,92908,7982,2331,2609,2098,2168,300,278,70,208,54.616
MG,CLARAVAL,43273,5080,2286,2564,1087,1170,190,278,83,195,68.666
MG,MESQUITA,48330,5450,1512,1790,1884,2018,190,278,134,144,47.006
PR,MARIÓPOLIS,76937,5501,2301,2579,1755,1758,182,278,3,275,59.465
PR,SANTA CRUZ DE MONTE CASTELO,78433,6785,2704,2982,2257,2298,189,278,41,237,56.477
SC,ARABUTÃ,80489,3914,1851,2129,985,1023,236,278,38,240,67.544
BA,CENTRAL,34517,13549,1712,1989,8101,8362,394,277,261,16,19.216
MG,ARAPUÁ,40754,3499,1333,1610,828,876,130,277,48,229,64.763
MG,CARBONITA,42692,8191,1656,1933,3458,3693,239,277,235,42,34.358
PI,CANTO DO BURITI,10456,16292,1998,2275,9073,9259,510,277,186,91,19.724
PR,SÃO JORGE DO IVAÍ,78794,4832,2187,2464,1328,1353,195,277,25,252,64.553
RJ,APERIBÉ,58181,10158,4290,4567,2982,3162,378,277,180,97,59.089
RN,GROSSOS,16853,9574,1946,2223,4924,4994,361,277,70,207,30.802
RS,ERVAL SECO,86436,5502,1784,2061,2379,2375,325,277,-4,281,46.461
BA,ALCOBAÇA,33154,19199,3430,3706,8984,8986,464,276,2,274,29.199
GO,MAMBAÍ,94498,6527,2444,2720,1729,1795,204,276,66,210,60.244
MG,CIPOTÂNEA,43257,5822,1001,1277,2362,2628,228,276,266,10,32.702
MG,FORMOSO,45233,6295,1430,1706,2632,2664,185,276,32,244,39.039
MS,CORONEL SAPUCAIA,98590,12106,4254,4530,4254,4090,303,276,-164,440,52.552
PE,SANHARÓ,25470,16350,2221,2497,9496,9748,348,276,252,24,20.392
PI,LUZILÂNDIA,11150,20173,2907,3183,11578,11551,476,276,-27,303,21.603
PR,ABATIÁ,74012,5985,2329,2605,1867,1941,191,276,74,202,57.303
RO,ALTO ALEGRE DOS PARECIS,736,8842,3961,4237,1957,1989,319,276,32,244,68.053
RS,CERRO GRANDE,85227,2490,682,958,1196,1287,147,276,91,185,42.673
RS,IRAÍ,87114,5828,2066,2342,2359,2365,206,276,6,270,49.756
RS,MATO LEITÃO,87041,4118,1817,2093,1110,1115,259,276,5,271,65.243
RS,MUÇUM,87530,3983,2146,2422,900,939,292,276,39,237,72.062
RS,SÃO JOSÉ DO HORTÊNCIO,85324,3731,2207,2483,617,637,191,276,20,256,79.583
BA,ITAGIBÁ,36056,13188,2504,2779,5867,5967,325,275,100,175,31.775
CE,QUIXELÔ,98531,14987,1463,1738,9805,10194,600,275,389,-114,14.566
MG,COLUNA,43354,6936,1279,1554,2890,3036,216,275,146,129,33.856
RO,MIRANTE DA SERRA,574,8324,3711,3986,2333,2353,298,275,20,255,62.881
RS,MORRINHOS DO SUL,87122,3221,1474,1749,840,868,234,275,28,247,66.832
RS,TURUÇU,88501,3451,1494,1769,869,879,283,275,10,265,66.805
SE,POÇO REDONDO,32077,22750,3182,3457,11939,12133,650,275,194,81,22.174
BA,LAJE,36773,20783,3501,3775,10847,11497,416,274,650,-376,24.718
CE,ALTO SANTO,13137,12144,1502,1776,7772,7988,419,274,216,58,18.189
GO,CAMPO ALEGRE DE GOIÁS,92959,5819,1776,2050,1970,2060,246,274,90,184,49.878
GO,ÁGUA FRIA DE GOIÁS,96938,5108,1777,2051,1326,1380,228,274,54,220,59.778
MG,ITABIRINHA,46353,8904,2664,2938,3009,3154,235,274,145,129,48.227
MG,RECREIO,50814,7976,2010,2284,3564,3654,239,274,90,184,38.464
PA,PRAINHA,5193,27421,7946,8220,11278,11140,734,274,-138,412,42.459
RS,MACHADINHO,87351,4847,2070,2344,1555,1563,185,274,8,266,59.995
SC,MODELO,82139,3485,1549,1823,1034,1060,212,274,26,248,63.233
SP,ÁGUAS DE SANTA BÁRBARA,70190,5421,2190,2464,1210,1283,262,274,73,201,65.759
BA,MAIRI,37036,13919,1945,2218,7524,7845,383,273,321,-48,22.041
PI,CASTELO DO PIAUÍ,10510,17008,2433,2706,8914,9018,501,273,104,169,23.081
RJ,SANTA MARIA MADALENA,58912,8871,2953,3226,3213,3424,475,273,211,62,48.511
SC,TIMBÉ DO SUL,83933,4547,2385,2658,990,998,196,273,8,265,72.702
SP,NOVA CAMPINA,61980,6958,2575,2848,2470,2500,276,273,30,243,53.254
BA,IAÇU,35378,20593,2362,2634,11194,11661,417,272,467,-195,18.426
BA,LICÍNIO DE ALMEIDA,36897,10162,1698,1970,5394,5534,213,272,140,132,26.253
BA,TEOFILÂNDIA,39292,18730,1521,1793,10962,11205,409,272,243,29,13.794
BA,VÁRZEA NOVA,39950,10896,1613,1885,5571,5735,340,272,164,108,24.738
GO,VARJÃO,96393,4458,1532,1804,1022,1088,240,272,66,206,62.379
MG,ARAPONGA,40738,6498,1045,1317,3575,3842,219,272,267,5,25.528
MG,JECEABA,47074,5840,1467,1739,2708,2902,353,272,194,78,37.47
MG,LADAINHA,47392,12303,1640,1912,5187,5661,272,272,474,-202,25.248
MG,SÃO SEBASTIÃO DO ANTA,42366,5605,1721,1993,1789,1869,128,272,80,192,51.605
PR,SÃO JORGE DO PATROCÍNIO,79995,5238,2237,2509,1576,1607,179,272,31,241,60.957
RS,PASSO DO SOBRADO,87343,5254,2052,2324,1907,1876,223,272,-31,303,55.333
SC,GUATAMBÚ,80527,6242,1969,2241,2623,2663,210,272,40,232,45.697
SP,GUARAÇAÍ,64572,6161,2877,3149,1666,1719,259,272,53,219,64.688
BA,CAMPO ALEGRE DE LOURDES,34177,23635,2430,2701,14265,14756,432,271,491,-220,15.472
BA,SÃO DOMINGOS,38806,8012,1356,1627,4522,4547,348,271,25,246,26.352
MA,BOM JARDIM,9555,26971,4218,4489,14282,14581,670,271,299,-28,23.54
MG,ESPÍRITO SANTO DO DOURADO,44873,5527,1718,1989,1908,2034,227,271,126,145,49.441
MG,VIRGEM DA LAPA,54330,10193,1594,1865,4482,4622,251,271,140,131,28.75
MS,LAGUNA CARAPÃ,55026,5473,2393,2664,1668,1575,209,271,-93,364,62.845
SC,GUARUJÁ DO SUL,81299,3999,1774,2045,1183,1219,159,271,36,235,62.653
SC,SÃO PEDRO DE ALCÂNTARA,81183,4803,2257,2528,899,967,257,271,68,203,72.332
SP,RESTINGA,69558,6829,2294,2565,2439,2474,223,271,35,236,50.903
MG,DESCOBERTO,44253,4555,1160,1430,1943,2089,260,270,146,124,40.637
MG,TAPIRA,53619,4977,2317,2587,997,973,174,270,-24,294,72.669
MS,ARAL MOREIRA,91715,8276,2962,3232,2812,2627,197,270,-185,455,55.163
PI,ELESBÃO VELOSO,10693,13477,1100,1370,7974,7845,349,270,-129,399,14.867
RS,CERRITO,88641,5318,1366,1636,2368,2498,365,270,130,140,39.574
AL,COITÉ DO NÓIA,27391,9498,1109,1378,5049,5033,380,269,-16,285,21.494
BA,TANQUE NOVO,39918,14734,1506,1775,8987,9471,348,269,484,-215,15.783
CE,ARARENDÁ,13420,9723,1349,1618,5441,5643,349,269,202,67,22.283
GO,VICENTINÓPOLIS,96571,7116,2344,2613,2414,2406,193,269,-8,277,52.062
PE,AFRÂNIO,23035,17564,2616,2885,9681,10057,505,269,376,-107,22.292
PR,FIGUEIRA,84573,6359,1800,2069,2758,2834,249,269,76,193,42.199
RS,MAXIMILIANO DE ALMEIDA,87459,3961,1894,2163,1044,1080,186,269,36,233,66.698
SP,SALTO GRANDE,70092,6588,2592,2861,1940,2045,293,269,105,164,58.316
BA,ITARANTIM,36374,13976,3658,3926,6164,6171,343,268,7,261,38.883
CE,URUOCA,15792,11370,1563,1831,6707,6871,400,268,164,104,21.041
PR,XAMBRÊ,79499,5383,2226,2494,1681,1703,188,268,22,246,59.423
BA,RETIROLÂNDIA,38237,12942,1669,1936,7564,7614,420,267,50,217,20.272
CE,SÃO LUÍS DO CURU,15539,12666,2006,2273,6449,6555,474,267,106,161,25.748
RS,SÃO PAULO DAS MISSÕES,88897,5222,2061,2328,1880,1915,314,267,35,232,54.867
RS,ÁGUA SANTA,84948,3306,1601,1868,859,815,167,267,-44,311,69.624
TO,PEDRO AFONSO,95257,10832,3465,3732,3832,3833,360,267,1,266,49.332
BA,OLINDINA,37630,19744,1907,2173,11800,12180,449,266,380,-114,15.14
BA,VÁRZEA DA ROÇA,39977,10951,1477,1743,5830,6060,324,266,230,36,22.338
CE,ARATUBA,13277,12325,1660,1926,7041,7316,612,266,275,-9,20.84
CE,BARROQUINHA,13404,15244,1652,1918,8307,8701,896,266,394,-128,18.062
ES,ÁGUIA BRANCA,57991,8913,2466,2732,3799,3781,280,266,-18,284,41.947
MG,CARAÍ,42595,15553,1818,2084,6720,7228,429,266,508,-242,22.38
PA,OEIRAS DO PARÁ,5037,25562,3321,3587,14713,14518,924,266,-195,461,19.812
RS,MATA,87432,4024,1355,1621,1488,1521,221,266,33,233,51.591
RS,RIOZINHO,85740,4374,1549,1815,1446,1474,239,266,28,238,55.184
SC,CAPÃO ALTO,81248,3127,1206,1472,775,831,281,266,56,210,63.917
SP,SANTO ANTÔNIO DO ARACANGUÁ,61328,7300,3026,3292,2206,2261,256,266,55,211,59.283
BA,ENCRUZILHADA,35076,15617,2507,2772,7979,8296,487,265,317,-52,25.045
BA,TAPEROÁ,39233,14384,2086,2351,7785,7916,385,265,131,134,22.899
BA,UAUÁ,39390,22172,1999,2264,13638,14178,645,265,540,-275,13.77
MG,JAPARAÍBA,47058,3688,1225,1490,1241,1327,258,265,86,179,52.893
MG,MENDES PIMENTEL,48291,4982,1383,1648,1886,2107,213,265,221,44,43.888
RS,CAMPINA DAS MISSÕES,85731,5001,2109,2374,1828,1869,287,265,41,224,55.951
RS,IBIAÇÁ,86975,3996,1915,2180,1061,1102,273,265,41,224,66.423
RS,QUINZE DE NOVEMBRO,84875,3827,1848,2113,890,881,252,265,-9,274,70.574
SC,JABORÁ,81698,3850,2052,2317,844,920,271,265,76,189,71.579
BA,BAIANÓPOLIS,33499,12484,2072,2336,6815,6851,317,264,36,228,25.427
ES,VILA PAVÃO,56081,7770,2524,2788,3055,3101,325,264,46,218,47.343
GO,MARA ROSA,94510,9201,3015,3279,2867,2913,276,264,46,218,52.955
MA,BURITIRANA,7366,10846,3026,3290,5230,5328,297,264,98,166,38.176
RS,ALTO FELIZ,86282,2873,1436,1700,507,553,222,264,46,218,75.455
RS,RONDA ALTA,88250,7441,2626,2890,3246,3244,229,264,-2,266,47.114
SC,AGRONÔMICA,80055,4555,2809,3073,632,658,152,264,26,238,82.364
AL,PARIPUEIRA,27006,12760,3924,4187,3984,3742,521,263,-242,505,52.806
MT,ITANHANGÁ,91103,5241,2922,3185,801,755,54,263,-46,309,80.838
RJ,RIO DAS FLORES,58890,8731,2046,2309,3937,4231,367,263,294,-31,35.306
BA,PINDAÍ,37915,12769,1657,1919,7764,8136,397,262,372,-110,19.085
BA,PIRITIBA,37974,14326,2267,2529,7816,7926,425,262,110,152,24.189
GO,ARAGUAPAZ,96695,6012,2056,2318,2132,2083,253,262,-49,311,52.67
MG,CATAS ALTAS,41840,5164,1202,1464,2047,2227,342,262,180,82,39.664
MG,TAQUARAÇU DE MINAS,53651,5767,1638,1900,1527,1754,284,262,227,35,51.998
MG,URUCUIA,40886,7979,1665,1927,3240,3376,263,262,136,126,36.338
PA,TERRA ALTA,4545,12607,2500,2762,5332,5342,508,262,10,252,34.082
PA,TRACUATEUA,4669,25763,3662,3924,14326,14401,1027,262,75,187,21.413
PB,PRINCESA ISABEL,21474,17056,1615,1877,9810,10186,447,262,376,-114,15.56
PR,MARILENA,79758,5992,1699,1961,2506,2576,189,262,70,192,43.222
RS,CAMBARÁ DO SUL,85715,5142,2318,2580,1343,1340,219,262,-3,265,65.816
RS,GENERAL CÂMARA,86738,6189,2049,2311,2484,2521,340,262,37,225,47.827
RS,ITAARA,88382,4548,1704,1966,1484,1512,246,262,28,234,56.527
RS,PAVERAMA,85146,6034,2526,2788,1895,1858,254,262,-37,299,60.009
SC,MAJOR GERCINO,82015,3308,1573,1835,675,696,131,262,21,241,72.501
SP,CLEMENTINA,63398,5281,2481,2743,1473,1528,189,262,55,207,64.224
SP,ICÉM,64971,6061,2220,2482,2146,2222,291,262,76,186,52.764
AL,MESSIAS,28037,14085,3675,3936,5776,5542,461,261,-234,495,41.528
BA,LAPÃO,39730,22119,3301,3562,13753,14157,477,261,404,-143,20.103
BA,UTINGA,39551,13121,1705,1966,7225,7338,304,261,113,148,21.131
MG,RIACHINHO,40606,6017,1245,1506,2589,2663,220,261,74,187,36.124
PE,PEDRA,25151,18769,2051,2312,11230,11534,364,261,304,-43,16.698
PR,TUNAS DO PARANÁ,74888,5502,1848,2109,1943,1942,142,261,-1,262,52.061
RN,GOVERNADOR DIX-SEPT ROSADO,16837,12157,1669,1930,7190,7550,483,261,360,-99,20.359
MG,JEQUITAÍ,47112,6567,1021,1281,3006,3059,199,260,53,207,29.516
MG,SANTANA DO JACARÉ,51756,3918,1181,1441,1514,1654,186,260,140,120,46.559
MS,NIOAQUE,91154,10387,3813,4073,3692,3578,363,260,-114,374,53.235
PI,BURITI DOS LOPES,10391,17666,3089,3349,9592,9715,453,260,123,137,25.635
PR,MARIPÁ,74500,5186,3214,3474,762,797,153,260,35,225,81.339
RS,CAMPINAS DO SUL,85758,4625,2609,2869,1004,1016,210,260,12,248,73.848
RS,HARMONIA,85189,4108,2158,2418,931,964,212,260,33,227,71.496
SC,CORDILHEIRA ALTA,81043,4143,1972,2232,1185,1166,167,260,-19,279,65.686
SC,LEOBERTO LEAL,81930,3294,1567,1827,765,829,261,260,64,196,68.788
MG,RIO NOVO,51071,7134,2006,2265,3067,3278,275,259,211,48,40.862
RS,CERRO BRANCO,86088,3495,1463,1722,1131,1116,212,259,-15,274,60.677
RS,CORONEL BICACO,86150,5830,1996,2255,2501,2430,198,259,-71,330,48.132
SC,DONA EMMA,80993,3430,1672,1931,708,744,169,259,36,223,72.187
SC,LINDÓIA DO SUL,80047,3825,1695,1954,970,999,191,259,29,230,66.17
MG,CRUZEIRO DA FORTALEZA,44130,4363,1580,1838,1319,1357,158,258,38,220,57.527
PR,NOVA SANTA ROSA,79790,7060,4804,5062,867,843,143,258,-24,282,85.724
RS,VIADUTOS,89613,4031,2117,2375,1096,1135,198,258,39,219,67.664
TO,ARAGUAÇU,92398,6656,3183,3441,1450,1446,194,258,-4,262,70.411
BA,SALINAS DA MARGARIDA,38474,16059,1477,1734,8823,8848,365,257,25,232,16.386
GO,TEREZÓPOLIS DE GOIÁS,93220,6841,2472,2729,2110,2199,305,257,89,168,55.377
RJ,TRAJANO DE MORAES,59170,9284,2927,3184,3399,3671,397,257,272,-15,46.448
RO,CAMPO NOVO DE RONDÔNIA,671,7519,3647,3904,1489,1499,273,257,10,247,72.256
RS,CAIÇARA,85677,4319,1841,2098,1394,1436,284,257,42,215,59.366
SC,PONTE ALTA,82619,4031,1685,1942,1275,1285,175,257,10,247,60.18
SP,BARBOSA,61999,4975,1980,2237,1619,1644,223,257,25,232,57.64
BA,RIACHÃO DAS NEVES,38253,19233,2878,3134,10976,11201,303,256,225,31,21.863
GO,MONTES CLAROS DE GOIÁS,94714,7113,2801,3057,2009,2097,282,256,88,168,59.313
GO,SANTA BÁRBARA DE GOIÁS,95770,5600,2100,2356,1739,1795,265,256,56,200,56.757
PE,CHÃ DE ALEGRIA,23876,11611,2249,2505,6194,6198,221,256,4,252,28.783
PE,SAIRÉ,25399,11293,2311,2567,6170,6308,349,256,138,118,28.924
PI,MARCOLÂNDIA,10367,8747,1261,1517,4486,4547,262,256,61,195,25.016
PR,JABOTI,76279,4536,1778,2034,1338,1414,173,256,76,180,58.991
PR,QUERÊNCIA DO NORTE,77976,8004,2762,3018,3346,3428,253,256,82,174,46.82
RS,IMIGRANTE,85782,2802,1128,1384,673,697,248,256,24,232,66.506
SP,IPEÚNA,65234,5857,2716,2972,1202,1261,242,256,59,197,70.21
AL,BATALHA,27138,13594,2727,2982,6244,6393,542,255,149,106,31.808
BA,ABARÉ,33030,14764,2331,2586,8798,8936,317,255,138,117,22.444
CE,PEREIRO,15172,14510,1388,1643,8851,9374,605,255,523,-268,14.913
PI,PIO IX,11630,15153,1321,1576,9375,9647,407,255,272,-17,14.043
PR,ITAMBÉ,76155,5056,2179,2434,1600,1658,224,255,58,197,59.482
RO,ITAPUÃ DO OESTE,493,7218,2481,2736,1707,1642,243,255,-65,320,62.494
AL,OLHO D ÁGUA DAS FLORES,28134,0,3652,3906,7204,7232,656,254,28,226,35.069
CE,ITATIRA,14338,19632,2019,2273,11115,11401,547,254,286,-32,16.623
ES,ÁGUA DOCE DO NORTE,56022,11127,3318,3572,3918,3953,333,254,35,219,47.468
MA,TIMBIRAS,9350,21289,2144,2398,11445,12351,593,254,906,-652,16.259
MG,RITÁPOLIS,51217,4809,1043,1297,2125,2297,281,254,172,82,36.088
PE,OROBÓ,24937,18360,2425,2679,10775,10941,507,254,166,88,19.67
AM,GUAJARÁ,2020,12217,4154,4407,3135,2891,383,253,-244,497,60.386
MG,SANTA RITA DO ITUETO,51896,5156,1925,2178,1463,1537,150,253,74,179,58.627
MG,SANTANA DO RIACHO,51799,6048,1335,1588,2544,2655,244,253,111,142,37.426
MT,CASTANHEIRA,90549,6026,2559,2812,1378,1359,164,253,-19,272,67.418
MT,PORTO ALEGRE DO NORTE,98850,7934,3165,3418,2195,2176,153,253,-19,272,61.101
RS,IBARAMA,84972,3665,1276,1529,1393,1378,208,253,-15,268,52.597
MG,AIURUOCA,40231,4856,1545,1797,1914,2094,196,252,180,72,46.184
PE,MACHADOS,24813,11132,1595,1847,6121,6270,268,252,149,103,22.755
PI,SÃO PEDRO DO PIAUÍ,12092,11567,1653,1905,6635,6717,356,252,82,170,22.095
SC,SÃO BONIFÁCIO,83135,2939,1654,1906,412,436,178,252,24,228,81.383
SP,PAULICÉIA,68292,5963,2502,2754,1646,1670,174,252,24,228,62.251
SP,SÃO JOSÉ DA BELA VISTA,70912,6915,2054,2306,2476,2605,214,252,129,123,46.956
AM,BENJAMIN CONSTANT,2135,24380,2372,2623,13665,13370,509,251,-295,546,16.401
BA,CANDIBA,34312,11515,1654,1905,6436,6752,219,251,316,-65,22.005
MS,VICENTINA,91901,6003,1632,1882,2528,2583,383,250,55,195,42.15
PB,BOQUEIRÃO,19518,16005,3255,3505,7821,8136,544,250,315,-65,30.109
PB,SOLEDADE,22233,11744,2165,2415,5933,6232,445,250,299,-49,27.929
RN,SERRINHA,18678,7092,1302,1552,3618,3798,293,250,180,70,29.009
TO,CAMPOS LINDOS,73091,6897,1489,1739,3210,3001,204,250,-209,459,36.688
BA,SÃO FÉLIX,38792,10144,1066,1315,6545,6649,358,249,104,145,16.512
CE,PORTEIRAS,15237,14685,1149,1398,8897,9479,533,249,582,-333,12.853
GO,AMERICANO DO BRASIL,96610,5599,1771,2020,1937,2043,288,249,106,143,49.717
MA,VIANA,9490,39946,7349,7598,20355,20445,1067,249,90,159,27.094
MG,ANGELÂNDIA,41688,6878,1793,2042,2360,2513,211,249,153,96,44.83
MG,CACHOEIRA DE PAJEÚ,40533,6990,1287,1536,3231,3421,171,249,190,59,30.986
MG,CAPARAÓ,42412,4640,1775,2024,1320,1395,151,249,75,174,59.199
MG,GUARANI,45675,6748,1538,1787,3405,3512,250,249,107,142,33.723
MS,GLÓRIA DE DOURADOS,90794,8133,2842,3091,2630,2673,359,249,43,206,53.626
MS,GUIA LOPES DA LAGUNA,90816,7968,2759,3008,2433,2343,321,249,-90,339,56.214
MT,ALTO TAQUARI,98612,7999,3302,3551,1761,1777,218,249,16,233,66.648
PR,IVATÉ,74462,5438,2178,2427,1959,2038,234,249,79,170,54.356
PR,NOVA CANTU,77194,6012,1728,1977,2596,2639,275,249,43,206,42.829
RS,SEVERIANO DE ALMEIDA,89133,3421,1445,1694,1070,1114,251,249,44,205,60.328
BA,CORDEIROS,34797,7197,1422,1670,3144,3218,271,248,74,174,34.165
MG,SANTO ANTÔNIO DO JACINTO,52051,9482,2090,2338,3599,3844,217,248,245,3,37.819
PR,PORTO VITÓRIA,77852,3279,1228,1476,1005,1032,186,248,27,221,58.852
PR,SAPOPEMA,78999,5486,1726,1974,2047,2116,197,248,69,179,48.264
RS,DAVID CANABARRO,86231,4097,1773,2021,1258,1304,215,248,46,202,60.782
RS,SÃO MARTINHO,88854,4819,2401,2649,1407,1427,217,248,20,228,64.99
SP,OURO VERDE,67970,6097,2077,2325,2223,2276,189,248,53,195,50.532
SP,PARDINHO,68233,6149,2281,2529,1562,1629,281,248,67,181,60.823
SP,SÃO PEDRO DO TURVO,71110,5684,2292,2540,1766,1835,192,248,69,179,58.057
BA,UIBAÍ,39470,12094,1644,1891,7339,7661,311,247,322,-75,19.797
MG,ATALÉIA,40932,11052,2087,2334,4923,5135,240,247,212,35,31.249
MG,BOM JESUS DO AMPARO,41530,5184,1219,1466,2229,2442,234,247,213,34,37.513
MG,JOAÍMA,47198,11176,1433,1680,5103,5412,234,247,309,-62,23.689
MT,IPIRANGA DO NORTE,91081,5993,2549,2796,963,968,86,247,5,242,74.283
PB,SÃO JOSÉ DE PIRANHAS,21911,15636,1570,1817,9612,9614,409,247,2,245,15.895
SP,TAQUARIVAÍ,61840,5124,1778,2025,1621,1708,274,247,87,160,54.246
AM,CARAUARI,2216,21078,2690,2936,10185,10998,741,246,813,-567,21.071
GO,IACIARA,93939,8536,2116,2362,3329,3413,354,246,84,162,40.9
GO,NOVA CRIXÁS,96539,9344,2687,2933,3505,3411,212,246,-94,340,46.233
MG,ALPERCATA,40355,6076,1772,2018,2412,2484,164,246,72,174,44.825
PB,ARAÇAGI,19151,14378,1557,1803,8345,8616,432,246,271,-25,17.305
PR,FRANCISCO ALVES,79774,6107,2695,2941,1673,1712,154,246,39,207,63.207
RS,PORTO LUCENA,88030,3887,1435,1681,1452,1472,240,246,20,226,53.314
MG,DELTA,42021,7486,1731,1976,3125,3213,197,245,88,157,38.081
PB,PILAR,21318,10768,1952,2197,5627,5645,322,245,18,227,28.016
RS,BARRACÃO,85359,4357,1500,1745,1638,1662,179,245,24,221,51.218
SE,CARMÓPOLIS,31291,12556,2767,3012,6101,6239,430,245,138,107,32.559
SP,UBARANA,61468,4504,1619,1864,1541,1553,169,245,12,233,54.551
BA,IPECAETÁ,35777,15052,1617,1861,8782,8848,379,244,66,178,17.378
MG,MATUTINA,48232,3391,1096,1340,1123,1162,128,244,39,205,53.557
MT,ARENÁPOLIS,90255,7896,3221,3465,2371,2413,303,244,42,202,58.949
RS,BOSSOROCA,85499,5127,1389,1633,2223,2229,271,244,6,238,42.284
RS,CIRÍACO,86070,3634,1556,1800,1258,1248,215,244,-10,254,59.055
RS,HUMAITÁ,86959,4026,1755,1999,1408,1421,217,244,13,231,58.45
SC,ÁGUAS DE CHAPECÓ,80098,4740,1575,1819,2019,2068,144,244,49,195,46.797
SE,CRISTINÁPOLIS,31330,14616,1780,2024,8111,8256,349,244,145,99,19.689
SE,FREI PAULO,31453,13565,3601,3845,6222,6322,397,244,100,144,37.818
SP,POLONI,68993,4513,1905,2149,1183,1235,205,244,52,192,63.505
BA,CABACEIRAS DO PARAGUAÇU,33960,14459,1240,1483,8433,8710,336,243,277,-34,14.549
BA,IBITITÁ,35637,15745,1828,2071,9885,10011,408,243,126,117,17.141
CE,IPAPORANGA,13340,10372,1214,1457,5991,6194,286,243,203,40,19.043
MG,CARVALHOS,42951,4001,1218,1461,1520,1647,224,243,127,116,47.008
MG,TUMIRITINGA,53899,5511,1430,1673,2109,2133,139,243,24,219,43.957
MS,DOIS IRMÃOS DO BURITI,91804,8600,1963,2206,3853,3779,361,243,-74,317,36.859
PA,BREVES,4359,77449,17819,18062,32399,30930,3300,243,-1469,1712,36.867
RS,HERVAL,86398,5229,960,1203,2552,2585,315,243,33,210,31.758
SP,QUADRA,62162,4032,1374,1617,1054,1118,254,243,64,179,59.122
CE,ITAIÇABA,14257,7260,1377,1619,3852,4029,464,242,177,65,28.665
GO,SANTA TEREZINHA DE GOIÁS,95893,8543,2408,2650,3086,3129,238,242,43,199,45.856
MG,CRISTIANO OTONI,44075,4443,1462,1704,1595,1764,245,242,169,73,49.135
PE,SÃO JOÃO,25631,18196,1630,1872,11311,11706,345,242,395,-153,13.787
SC,JOSÉ BOITEUX,80101,4546,1949,2191,1273,1331,149,242,58,184,62.209
BA,MARAÚ,37150,16541,2029,2270,7976,8128,412,241,152,89,21.831
BA,SERRA PRETA,39071,17326,1770,2011,10663,10674,405,241,11,230,15.853
MS,ANTÔNIO JOÃO,90174,7926,2730,2971,2648,2591,291,241,-57,298,53.416
PA,MUANÁ,4979,30523,4758,4999,15710,15680,1153,241,-30,271,24.174
RS,LINDOLFO COLLOR,86908,4685,1915,2156,1629,1613,179,241,-16,257,57.204
SP,EUCLIDES DA CUNHA PAULISTA,61000,6345,1468,1709,2905,3017,237,241,112,129,36.162
SP,GUATAPARÁ,61107,5781,1748,1989,2245,2342,262,241,97,144,45.925
SP,ORINDIÚVA,67857,5005,1735,1976,1762,1833,235,241,71,170,51.877
AL,IGREJA NOVA,27634,17757,2704,2944,9392,9594,660,240,202,38,23.481
BA,ACAJUTIBA,33057,12039,1548,1788,6794,6812,323,240,18,222,20.791
CE,CARIDADE,13595,17518,2180,2420,10777,10675,620,240,-102,342,18.48
MA,SANTA QUITÉRIA DO MARANHÃO,8990,21213,2410,2650,12154,12742,492,240,588,-348,17.217
PE,TACAIMBÓ,25933,11018,1531,1771,5985,6024,331,240,39,201,22.72
PR,IBEMA,74020,5101,1711,1951,1908,1932,204,240,24,216,50.245
PR,PRANCHITA,79910,4647,2074,2314,1533,1552,161,240,19,221,59.855
RS,NOVA ESPERANÇA DO SUL,85120,4349,1544,1784,1493,1558,283,240,65,175,53.381
RS,SÃO MIGUEL DAS MISSÕES,85480,5917,1986,2226,2488,2458,225,240,-30,270,47.523
BA,HELIÓPOLIS,30970,12781,914,1153,7650,7931,470,239,281,-42,12.693
GO,DAMOLÂNDIA,93378,3642,1171,1410,1242,1276,249,239,34,205,52.494
MA,SENADOR LA ROCQUE,8508,12285,2594,2833,6148,6327,321,239,179,60,30.928
MG,ICARAÍ DE MINAS,40240,8843,1505,1744,4313,4406,202,239,93,146,28.358
PE,VENTUROSA,26190,14828,1658,1897,8615,8908,377,239,293,-54,17.557
SC,NOVA ERECHIM,82236,4041,1744,1983,1269,1314,183,239,45,194,60.146
SP,NATIVIDADE DA SERRA,67474,5682,2206,2445,1535,1673,296,239,138,101,59.373
CE,ARARIPE,13250,17527,866,1104,11229,11860,653,238,631,-393,8.516
MG,RESSAQUINHA,50873,4441,1036,1274,2047,2196,295,238,149,89,36.715
PA,SENADOR JOSÉ PORFÍRIO,5550,14929,4068,4306,4881,4734,432,238,-147,385,47.633
PB,MASSARANDUBA,20850,12169,2216,2454,6241,6480,464,238,239,-1,27.468
PE,AMARAJI,23175,17398,3711,3949,8525,8717,438,238,192,46,31.178
PI,SANTO ANTÔNIO DE LISBOA,11878,6432,793,1031,3698,3617,195,238,-81,319,22.182
PR,LUIZIANA,75809,5953,1958,2196,2219,2263,204,238,44,194,49.249
MG,NOVA PORTEIRINHA,41165,6108,1431,1668,2870,3023,186,237,153,84,35.557
MG,PONTO DOS VOLANTES,40584,9455,1592,1829,4059,4355,278,237,296,-59,29.576
MG,SÃO JOÃO DAS MISSÕES,41602,9989,1441,1678,5008,5239,148,237,231,6,24.259
PR,BOA VENTURA DE SÃO ROQUE,75140,5085,1357,1594,2437,2471,239,237,34,203,39.213
RN,SERRA NEGRA DO NORTE,18651,6299,1343,1580,3358,3373,200,237,15,222,31.9
SC,IPIRA,81493,3864,1632,1869,1211,1294,213,237,83,154,59.089
TO,LAGOA DA CONFUSÃO,73385,10234,3071,3308,3345,3267,239,237,-78,315,50.312
CE,CHAVAL,13773,11025,1147,1383,6493,6787,467,236,294,-58,16.928
CE,IBARETAMA,14060,13543,1615,1851,7809,7718,583,236,-91,327,19.344
MG,FREI INOCÊNCIO,45373,6801,1796,2032,2694,2846,217,236,152,84,41.656
MG,IBITIÚRA DE MINAS,45977,3713,1649,1885,711,747,109,236,36,200,71.619
MS,INOCÊNCIA,90875,7259,2293,2529,1794,1809,334,236,15,221,58.299
RN,BREJINHO,16357,10116,2068,2304,5065,5517,408,236,452,-216,29.459
RO,MINISTRO ANDREAZZA,604,6142,2737,2973,1536,1569,207,236,33,203,65.456
RS,ESTRELA VELHA,88404,2964,1094,1330,1038,1048,221,236,10,226,55.929
SC,ERVAL VELHO,81019,3848,2075,2311,874,936,221,236,62,174,71.173
SP,JAMBEIRO,65994,5002,2075,2311,1341,1459,322,236,118,118,61.3
AC,EPITACIOLÂNDIA,1112,14604,6494,6729,2592,2464,519,235,-128,363,73.197
MG,CHALÉ,43192,5284,1764,1999,2133,2224,104,235,91,144,47.336
MG,SÃO PEDRO DA UNIÃO,52779,4329,1595,1830,1319,1434,177,235,115,120,56.066
PE,TRIUNFO,26131,12233,1163,1398,7475,7552,326,235,77,158,15.62
PR,KALORÉ,76554,4007,1596,1831,1279,1320,181,235,41,194,58.109
SC,ARROIO TRINTA,80314,3133,1755,1990,626,637,182,235,11,224,75.752
SC,ÁGUA DOCE,80071,5471,2887,3122,1249,1306,140,235,57,178,70.506
SP,GÁLIA,64335,4633,1609,1844,1838,1892,209,235,54,181,49.358
BA,NOVA CANAÃ,37559,12429,1598,1832,6842,7188,317,234,346,-112,20.31
ES,ALTO RIO NOVO,56065,6555,1754,1988,2371,2412,259,234,41,193,45.182
PR,RENASCENÇA,78093,5354,1908,2142,2156,2178,181,234,22,212,49.583
PR,SALTO DO ITARARÉ,78352,4629,1340,1574,1708,1748,196,234,40,194,47.381
RJ,SÃO JOSÉ DE UBÁ,58343,7651,3289,3523,2074,2277,312,234,203,31,60.741
RN,PEDRO VELHO,17957,11938,2066,2300,6490,6797,413,234,307,-73,25.283
RS,NOVA ARAÇÁ,87599,4143,2318,2552,692,711,157,234,19,215,78.21
RS,REDENTORA,88110,6779,1614,1848,3128,3061,304,234,-67,301,37.645
SE,SALGADO,32239,17903,2613,2847,9918,10339,612,234,421,-187,21.591
AM,RIO PRETO DA EVA,98434,23328,5848,6081,7313,6752,772,233,-561,794,47.386
MG,DIVINO DAS LARANJEIRAS,44415,4719,1392,1625,1475,1552,128,233,77,156,51.149
MG,FRANCISCO BADARÓ,45292,7269,1023,1256,3024,3201,220,233,177,56,28.18
MG,VARGEM ALEGRE,40908,5443,1734,1967,2249,2321,82,233,72,161,45.872
MS,SETE QUEDAS,98132,7777,3136,3369,1967,1906,243,233,-61,294,63.867
PR,CONGONHINHAS,75175,6612,1829,2062,2867,2958,242,233,91,142,41.076
PR,INDIANÓPOLIS,79618,3803,1645,1878,1094,1131,180,233,37,196,62.413
RJ,COMENDADOR LEVY GASPARIAN,58165,8042,2442,2675,3686,3831,369,233,145,88,41.116
RN,BOM JESUS,16330,9089,2230,2463,4295,4458,261,233,163,70,35.587
RN,SÃO MIGUEL DO GOSTOSO,16063,9649,2047,2280,4568,4754,312,233,186,47,32.414
RS,SENTINELA DO SUL,87882,4238,1362,1595,1607,1613,242,233,6,227,49.719
SC,CAXAMBU DO SUL,80799,4388,1572,1805,1842,1879,177,233,37,196,48.996
CE,NOVA OLINDA,14850,12823,1428,1660,7725,8120,490,232,395,-163,16.973
MG,BOM JESUS DA PENHA,41513,3672,1457,1689,974,1067,197,232,93,139,61.284
MG,DIVISÓPOLIS,40142,7103,1387,1619,3141,3405,172,232,264,-32,32.225
MG,PAINEIRAS,49271,3926,1057,1289,1826,1908,220,232,82,150,40.319
MG,VARGEM GRANDE DO RIO PARDO,42480,4252,1363,1595,1401,1469,195,232,68,164,52.056
PR,SÃO CARLOS DO IVAÍ,78670,5081,2401,2633,1633,1669,135,232,36,196,61.204
RO,SÃO FELIPE D OESTE,710,0,2061,2293,1017,1075,234,232,58,174,68.082
RS,CAMPOS BORGES,85200,3190,1129,1361,997,1163,336,232,166,66,53.922
RS,TUCUNDUVA,89451,4762,2469,2701,1242,1240,213,232,-2,234,68.536
SC,PINHEIRO PRETO,82554,3015,1289,1521,828,850,156,232,22,210,64.15
SP,ARANDU,61611,5541,2291,2523,1689,1742,211,232,53,179,59.156
BA,BARRO ALTO,30759,11548,1268,1499,6585,6957,408,231,372,-141,17.727
BA,ITAETÉ,36013,11376,2032,2263,5509,5576,154,231,67,164,28.868
BA,SÍTIO DO MATO,39144,11289,1663,1894,6112,6103,253,231,-9,240,23.684
MG,UBAÍ,53996,9826,1311,1542,4838,4987,259,231,149,82,23.618
MT,CAMPOS DE JÚLIO,90743,6797,2602,2833,1103,1059,102,231,-44,275,72.79
MT,JURUENA,90581,7699,3019,3250,1240,1269,149,231,29,202,71.919
SC,PARAÍSO,80705,3615,1255,1486,1402,1477,192,231,75,156,50.152
AL,TAQUARANA,28819,15546,1948,2178,7510,7751,500,230,241,-11,21.936
BA,ADUSTINA,33065,12431,1332,1562,7373,7694,393,230,321,-91,16.876
BA,SÃO MIGUEL DAS MATAS,38873,9048,1444,1674,5649,5681,200,230,32,198,22.76
GO,GOIANDIRA,93696,4576,1313,1543,1824,1944,234,230,120,110,44.25
GO,SIMOLÂNDIA,92720,5583,1475,1705,2303,2354,248,230,51,179,42.005
MA,PASSAGEM FRANCA,8575,14710,1680,1910,7711,8295,329,230,584,-354,18.716
MG,CAPELA NOVA,42439,4753,979,1209,2094,2307,229,230,213,17,34.386
MG,DIVINOLÂNDIA DE MINAS,44431,6383,1372,1602,2310,2480,174,230,170,60,39.245
PA,CACHOEIRA DO ARARI,4391,19043,2520,2750,10686,10657,813,230,-29,259,20.512
PE,CACHOEIRINHA,23612,16110,2681,2911,8966,9123,433,230,157,73,24.19
PR,PÉROLA D OESTE,77593,0,2339,2569,1768,1821,137,230,53,177,58.519
RN,UPANEMA,18899,12318,3273,3503,5631,5863,498,230,232,-2,37.401
SC,ABDON BATISTA,80225,2685,1127,1357,725,774,202,230,49,181,63.679
SC,BRAÇO DO TROMBUDO,80420,3312,1980,2210,509,510,145,230,1,229,81.25
SP,ALAMBARI,61581,5149,2282,2512,1225,1307,236,230,82,148,65.776
GO,CROMÍNIA,93319,3978,1428,1657,1268,1328,237,229,60,169,55.511
MG,DESTERRO DO MELO,44296,4233,1066,1295,1496,1603,230,229,107,122,44.686
MG,SÃO VICENTE DE MINAS,53058,5708,1708,1937,2181,2360,253,229,179,50,45.078
PE,CASINHAS,23221,12103,1361,1590,6951,7130,238,229,179,50,18.234
SC,ANCHIETA,80152,4999,2053,2282,1815,1861,165,229,46,183,55.081
PR,SÃO PEDRO DO IGUAÇU,74861,5031,2080,2308,1612,1674,140,228,62,166,57.961
RS,DOIS LAJEADOS,84824,3125,1679,1907,563,581,177,228,18,210,76.648
SP,QUINTANA,69418,5220,2273,2501,1596,1618,181,228,22,206,60.719
MA,BARÃO DE GRAJAÚ,7293,16169,1162,1389,9254,9851,459,227,597,-370,12.358
MG,CAREAÇU,42714,5373,1869,2096,1711,1798,243,227,87,140,53.826
PE,RIO FORMOSO,25372,16963,3174,3401,8562,8623,373,227,61,166,28.285
PI,BAIXA GRANDE DO RIBEIRO,10049,11464,2210,2437,5675,5723,290,227,48,179,29.865
PR,CAFEZAL DO SUL,74209,4166,1759,1986,1234,1222,170,227,-12,239,61.908
RS,NOVA ROMA DO SUL,84751,3187,1814,2041,567,588,153,227,21,206,77.634
CE,MADALENA,13021,14791,1583,1809,8908,9073,573,226,165,61,16.624
MA,CAMPESTRE DO MARANHÃO,7382,9969,2023,2249,4984,4994,253,226,10,216,31.051
RJ,SÃO SEBASTIÃO DO ALTO,59056,7809,3025,3251,2690,2677,300,226,-13,239,54.841
RS,CACIQUE DOBLE,85634,3996,1772,1998,1306,1290,158,226,-16,242,60.766
RS,VILA NOVA DO SUL,88102,3762,990,1216,1593,1655,231,226,62,164,42.355
SC,IOMERÊ,81361,2898,1553,1779,534,544,167,226,10,216,76.582
SP,SABINO,69930,4357,1656,1882,1313,1340,135,226,27,199,58.411
BA,BONINAL,33790,10992,1943,2168,5537,5634,226,225,97,128,27.788
BA,CONCEIÇÃO DO ALMEIDA,34657,14255,1683,1908,9457,9761,280,225,304,-79,16.351
GO,TAQUARAL DE GOIÁS,96172,4457,1699,1924,1380,1465,263,225,85,140,56.772
GO,TURVÂNIA,96318,4593,2069,2294,1342,1362,202,225,20,205,62.746
MG,CACHOEIRA DA PRATA,41912,3477,1109,1334,1381,1439,223,225,58,167,48.107
MT,PONTAL DO ARAGUAIA,90700,5367,1962,2187,1546,1554,166,225,8,217,58.46
PR,BOM SUCESSO,74616,5322,1681,1906,2138,2249,257,225,111,114,45.872
PR,PORTO AMAZONAS,77810,3873,1643,1868,1027,1081,223,225,54,171,63.344
RS,TRÊS PALMEIRAS,86142,4083,1228,1453,1792,1765,147,225,-27,252,45.152
SC,VARGEM BONITA,80969,3968,1716,1941,1312,1373,184,225,61,164,58.57
SP,ARAMINA,61590,4523,1457,1682,1698,1760,193,225,62,163,48.867
BA,IRAQUARA,35890,19088,1287,1511,12688,13222,327,224,534,-310,10.256
MG,PINTÓPOLIS,41386,6552,918,1142,2932,3145,194,224,213,11,26.639
MG,SÃO JOÃO DO MANTENINHA,40746,5246,1636,1860,1822,1895,139,224,73,151,49.534
SP,RIVERSUL,69710,4560,1542,1766,1567,1637,227,224,70,154,51.895
BA,IBITIARA,35610,12133,1620,1843,6617,6782,303,223,165,58,21.368
BA,IGAPORÃ,35696,12303,1038,1261,8175,8560,290,223,385,-162,12.84
BA,OUROLÂNDIA,37680,14374,3688,3911,6429,6494,294,223,65,158,37.588
BA,SAUBARA,38946,13433,1689,1912,7339,7385,400,223,46,177,20.566
MG,IBERTIOGA,45870,4939,869,1092,2595,2794,190,223,199,24,28.101
MG,ITINGA,46795,11521,1445,1668,5667,5944,168,223,277,-54,21.913
MG,WENCESLAU BRAZ,54216,2702,942,1165,880,894,149,223,14,209,56.581
PR,SÃO JOSÉ DA BOA VISTA,78832,4753,2068,2291,1255,1331,182,223,76,147,63.252
RS,PUTINGA,88072,3825,2083,2306,613,647,186,223,34,189,78.09
SC,IRACEMINHA,80187,3721,1960,2183,859,874,192,223,15,208,71.41
SP,TARABAI,71790,5185,1679,1902,2154,2223,184,223,69,154,46.109
AL,ANADIA,27030,13119,1797,2019,6234,6166,485,222,-68,290,24.667
BA,CORONEL JOÃO SÁ,34835,15093,1783,2005,8511,8837,395,222,326,-104,18.493
MG,BARRA LONGA,41130,5514,942,1164,2971,3063,201,222,92,130,27.537
MG,LIBERDADE,47694,4284,956,1178,1953,2153,255,222,200,22,35.365
PE,ITAÍBA,24490,21208,1977,2199,11427,11629,412,222,202,20,15.903
RS,CAPIVARI DO SUL,88200,3718,1458,1680,1179,1183,260,222,4,218,58.68
BA,JAGUARIPE,36579,15430,1786,2007,8935,9077,441,221,142,79,18.107
BA,SAÚDE,38954,9185,1252,1473,4932,5024,245,221,92,129,22.672
CE,IBICUITINGA,15920,12537,2050,2271,7232,7301,397,221,69,152,23.725
MA,LIMA CAMPOS,8192,11213,2327,2548,5384,5599,284,221,215,6,31.275
MA,SANTA LUZIA DO PARUÁ,9652,17128,3264,3485,8930,9138,420,221,208,13,27.608
MG,PERIQUITO,40568,6328,1961,2182,2328,2447,133,221,119,102,47.138
PB,JUAZEIRINHO,20559,14086,2141,2362,7593,7688,389,221,95,126,23.502
PB,LUCENA,20737,12901,2885,3106,6128,6063,466,221,-65,286,33.875
PR,TUPÃSSI,79936,6264,3475,3696,1316,1379,190,221,63,158,72.828
RS,NOVA BOA VISTA,87203,2035,929,1150,521,562,211,221,41,180,67.173
RS,PARECI NOVO,87327,3448,1886,2107,649,680,217,221,31,190,75.601
RS,PASSA SETE,88889,3752,1286,1507,1524,1523,199,221,-1,222,49.736
SC,SALTO VELOSO,83038,3448,1762,1983,874,874,140,221,0,221,69.408
SP,CAMPINA DO MONTE ALEGRE,61506,4856,1991,2212,1386,1460,239,221,74,147,60.24
BA,PINDOBAÇU,37931,16228,3235,3455,8299,8354,431,220,55,165,29.257
MG,JOANÉSIA,47210,5122,1287,1507,1857,1979,178,220,122,98,43.23
RS,SÃO DOMINGOS DO SUL,84832,2605,1190,1410,741,790,160,220,49,171,64.091
SP,PIACATU,68551,4488,2020,2240,1300,1352,176,220,52,168,62.361
SP,TRÊS FRONTEIRAS,71994,5252,2000,2220,1393,1477,203,220,84,136,60.049
MA,CIDELÂNDIA,7480,10678,2161,2380,5774,5752,304,219,-22,241,29.267
MG,INDIANÓPOLIS,46132,5191,1537,1756,2042,2091,141,219,49,170,45.646
MT,NOVO HORIZONTE DO NORTE,98795,3323,1384,1603,713,767,137,219,54,165,67.637
PB,AROEIRAS,19259,16339,2131,2350,9398,9786,493,219,388,-169,19.364
PR,NOVA TEBAS,75760,6019,1392,1611,2864,2913,271,219,49,170,35.61
SP,CATIGUÁ,63258,5688,2726,2945,1425,1497,211,219,72,147,66.299
TO,TAGUATINGA,96156,11293,2549,2768,4829,5025,365,219,196,23,35.519
BA,CIPÓ,34576,15309,2849,3067,6813,6989,419,218,176,42,30.499
MA,FORTALEZA DOS NOGUEIRAS,7790,10582,2163,2381,5343,5516,278,218,173,45,30.151
MG,CAIANA,42013,4435,1193,1411,1780,1846,140,218,66,152,43.322
MT,ALTO PARAGUAI,90093,6206,1599,1817,2648,2647,225,218,-1,219,40.703
SC,BANDEIRANTE,81582,2975,1031,1249,1120,1122,139,218,2,216,52.678
SC,ROMELÂNDIA,82996,4127,1603,1821,1374,1474,265,218,100,118,55.266
SC,ZORTÉA,81825,3217,1255,1473,968,1053,174,218,85,133,58.314
SP,CANAS,62103,3962,1556,1774,1135,1187,242,218,52,166,59.912
SP,MENDONÇA,66915,5274,2068,2286,1475,1552,181,218,77,141,59.562
BA,LAGOA REAL,36765,10643,974,1191,6563,6963,273,217,400,-183,14.606
CE,CARIÚS,13650,15961,1668,1885,9694,9922,497,217,228,-11,15.965
GO,AMORINÓPOLIS,92177,3874,1371,1588,1240,1300,173,217,60,157,54.986
GO,PORTELÂNDIA,95575,3428,1075,1292,1085,1115,149,217,30,187,53.677
MG,BANDEIRA DO SUL,41050,5240,2111,2328,1554,1746,235,217,192,25,57.143
MG,LARANJAL,47597,5927,1996,2213,2179,2230,143,217,51,166,49.809
MG,RIO PRETO,51179,5427,1224,1441,2528,2646,230,217,118,99,35.258
PR,BRAGANEY,79839,4332,1736,1953,1577,1626,164,217,49,168,54.568
PR,DOUTOR ULYSSES,74942,5213,1452,1669,2113,2221,200,217,108,109,42.905
RN,CERRO CORÁ,16535,9742,1264,1481,5143,5402,336,217,259,-42,21.517
RS,CASEIROS,85880,3191,1285,1502,983,1009,167,217,26,191,59.817
SP,COLÔMBIA,63436,5801,1955,2172,1918,1981,226,217,63,154,52.3
SP,NARANDIBA,67458,4462,1430,1647,1786,1806,209,217,20,197,47.698
SP,SANTA MARIA DA SERRA,70416,4228,1828,2045,1110,1164,163,217,54,163,63.727
BA,SANTA CRUZ DA VITÓRIA,38571,4941,1011,1227,2005,1896,176,216,-109,325,39.289
CE,MILHÃ,15970,11336,1102,1318,7223,7535,463,216,312,-96,14.888
CE,MONSENHOR TABOSA,14737,14996,1666,1882,8699,9005,564,216,306,-90,17.287
MA,VITÓRIA DO MEARIM,9512,24747,4500,4716,12677,12856,557,216,179,37,26.838
MG,DOM SILVÉRIO,44539,4486,872,1088,2124,2311,201,216,187,29,32.009
MG,ROSÁRIO DA LIMEIRA,40622,5199,1264,1480,2300,2527,250,216,227,-11,36.935
MT,RIBEIRÃO CASCALHEIRA,90662,7632,3157,3373,1658,1667,191,216,9,207,66.925
PR,CORUMBATAÍ DO SUL,75280,3762,1090,1306,1358,1429,219,216,71,145,47.751
PR,ENÉAS MARQUES,75450,5493,1701,1917,2404,2487,222,216,83,133,43.529
PR,OURO VERDE DO OESTE,74063,5335,2274,2490,1420,1469,199,216,49,167,62.895
PR,SALGADO FILHO,78336,3593,1280,1496,1444,1452,141,216,8,208,50.746
RS,TRÊS ARROIOS,84743,2553,1185,1401,644,653,165,216,9,207,68.208
SP,MIRASSOLÂNDIA,67091,4134,1790,2006,1083,1130,193,216,47,169,63.967
SP,REDENÇÃO DA SERRA,69477,4305,1427,1643,1279,1414,260,216,135,81,53.746
GO,ITAGUARU,94072,5283,1778,1993,2226,2288,214,215,62,153,46.555
MG,CHAPADA GAÚCHA,41882,9580,1917,2132,4070,4179,237,215,109,106,33.782
MG,DIVISA NOVA,44474,5107,1596,1811,1901,1966,204,215,65,150,47.948
MG,SÃO PEDRO DOS FERROS,52795,6413,1034,1249,3146,3243,186,215,97,118,27.805
MG,TURVOLÂNDIA,53953,4951,1586,1801,1547,1671,241,215,124,91,51.872
RO,CHUPINGUAIA,809,7695,3137,3352,1683,1586,174,215,-97,312,67.882
RO,CUJUBIM,680,11162,5603,5818,1810,1729,259,215,-81,296,77.09
SC,WITMARSUM,83810,3493,1806,2021,774,788,147,215,14,201,71.947
SP,AMÉRICO DE CAMPOS,61352,4779,2266,2481,1365,1411,207,215,46,169,63.746
BA,NILO PEÇANHA,37532,10018,1491,1705,5160,5258,291,214,98,116,24.487
MA,ALTO ALEGRE DO MARANHÃO,7021,18109,2507,2721,10341,10671,371,214,330,-116,20.318
MG,GURINHATÃ,45810,5084,1620,1834,1683,1749,208,214,66,148,51.186
MG,TABULEIRO,53570,4011,1017,1231,1819,1973,181,214,154,60,38.421
MT,PORTO DOS GAÚCHOS,91359,4468,2049,2263,771,774,87,214,3,211,74.514
PB,UIRAÚNA,22390,13151,1607,1821,7562,7524,367,214,-38,252,19.486
PR,RIO BONITO DO IGUAÇU,74748,11115,2485,2699,6039,5869,293,214,-170,384,31.501
RN,JARDIM DE PIRANHAS,17094,11127,1267,1481,6980,7185,346,214,205,9,17.09
RS,MAÇAMBARÁ,88447,3981,1321,1535,1420,1404,230,214,-16,230,52.229
SP,TAIAÇU,71633,4513,1644,1858,1609,1660,198,214,51,163,52.814
BA,TAPIRAMUTÁ,39250,11332,1155,1368,6230,6262,226,213,32,181,17.929
GO,EDEALINA,92207,4167,1644,1857,1125,1208,139,213,83,130,60.587
MG,AÇUCENA,40096,8239,1856,2069,3124,3346,207,213,222,-9,38.209
PA,NOVA ESPERANÇA DO PIRIÁ,4480,15561,4689,4902,6643,6660,648,213,17,196,42.398
PR,LEÓPOLIS,76619,3506,1152,1365,1344,1357,148,213,13,200,50.147
PR,SÃO TOMÉ,78972,4818,2104,2317,1283,1327,223,213,44,169,63.584
RN,TAIPU,18759,10557,1499,1712,6286,6386,401,213,100,113,21.141
SP,SALES,69973,5360,2557,2770,1004,1069,169,213,65,148,72.154
GO,ARUANÃ,92495,7411,2205,2417,2241,2212,194,212,-29,241,52.214
GO,CALDAZINHA,93122,4299,1154,1366,1056,1166,238,212,110,102,53.949
PB,SERRA BRANCA,22110,10893,1943,2155,5629,5801,455,212,172,40,27.086
PI,JAICÓS,11037,14231,1402,1614,7744,8170,431,212,426,-214,16.496
PR,FLORAÍ,75531,4346,1959,2171,1452,1516,184,212,64,148,58.883
RS,ERVAL GRANDE,86410,4366,1388,1600,1819,1817,193,212,-2,214,46.825
RS,ILÓPOLIS,87076,3642,2019,2231,679,659,154,212,-20,232,77.197
RS,LAGOÃO,85260,4907,1029,1241,2392,2374,217,212,-18,230,34.329
SP,ECHAPORÃ,63959,5074,2248,2460,1377,1437,206,212,60,152,63.125
BA,TEOLÂNDIA,39314,11285,1669,1880,6489,6613,292,211,124,87,22.136
CE,CATARINA,13714,9976,912,1123,5308,5370,338,211,62,149,17.296
ES,APIACÁ,56090,6334,2145,2356,2208,2172,237,211,-36,247,52.032
GO,FLORES DE GOIÁS,93599,8556,2025,2236,2674,2683,223,211,9,202,45.456
MA,ARAME,9679,20892,4150,4361,11512,11517,311,211,5,206,27.466
MA,MARACAÇUMÉ,7889,15823,2963,3174,7106,7203,421,211,97,114,30.587
MG,CANAÃ,42331,4412,709,920,2416,2593,201,211,177,34,26.188
MT,ITAÚBA,98698,4354,1846,2057,918,928,121,211,10,201,68.911
PE,SERTÂNIA,25810,27510,2362,2573,15521,15461,481,211,-60,271,14.267
PI,SIMPLÍCIO MENDES,12157,10368,1030,1241,6451,6432,365,211,-19,230,16.174
PR,GUARACI,75795,4226,1928,2139,1245,1299,180,211,54,157,62.216
RS,DOM PEDRO DE ALCÂNTARA,88463,2650,1062,1273,748,759,230,211,11,200,62.648
RS,MATO CASTELHANO,87025,3027,1553,1764,590,552,131,211,-38,249,76.166
SP,GUAIMBÊ,64475,4492,1549,1760,1560,1601,237,211,41,170,52.365
BA,SÃO GABRIEL,39896,16499,1372,1582,10943,11051,316,210,108,102,12.523
MG,MAMONAS,40401,6154,1190,1400,3049,3161,217,210,112,98,30.695
MG,PAVÃO,49697,6337,1193,1403,2848,2956,126,210,108,102,32.186
MG,PIEDADE DO RIO GRANDE,50059,4086,991,1201,1612,1805,196,210,193,17,39.953
PA,CURRALINHO,4553,26004,3556,3766,13871,13465,790,210,-406,616,21.856
PA,SANTA MARIA DAS BARREIRAS,5991,13326,5338,5548,3467,3373,364,210,-94,304,62.19
RO,GOVERNADOR JORGE TEIXEIRA,612,7194,3415,3625,1543,1540,278,210,-3,213,70.184
RS,BOA VISTA DO SUL,88161,2531,1321,1531,499,508,165,210,9,201,75.086
RS,ITATI,89249,3458,1284,1494,1116,1127,188,210,11,199,57.001
SP,PARAÍSO,68152,4552,2075,2285,1199,1293,218,210,94,116,63.862
TO,ARAGUACEMA,92371,5146,1149,1359,2250,2130,158,210,-120,330,38.951
AL,SANTA LUZIA DO NORTE,28576,6477,1544,1753,3033,2859,243,209,-174,383,38.01
AM,SÃO PAULO DE OLIVENÇA,2755,21560,2022,2231,11870,11922,549,209,52,157,15.763
GO,CRISTIANÓPOLIS,93270,4033,1730,1939,996,1015,115,209,19,190,65.64
MA,BURITI BRAVO,7439,17812,1594,1803,10380,10994,437,209,614,-405,14.089
MG,CORONEL XAVIER CHAVES,43931,3169,669,878,1396,1466,169,209,70,139,37.457
MG,SENADOR MODESTINO GONÇALVES,53171,4803,660,869,1991,2132,146,209,141,68,28.957
PE,CUMARU,23973,14530,2315,2524,8449,8517,280,209,68,141,22.86
PE,ITAQUITINGA,24554,12852,2961,3170,6934,6867,342,209,-67,276,31.583
RS,VILA FLORES,86061,3448,2023,2232,572,625,170,209,53,156,78.124
BA,COCOS,34614,16411,3332,3540,7878,8154,259,208,276,-68,30.272
CE,IRACEMA,14214,12152,1334,1542,7258,7408,380,208,150,58,17.229
CE,QUITERIANÓPOLIS,13102,17042,1740,1948,10199,10682,721,208,483,-275,15.424
GO,ITAJÁ,94110,3674,1470,1678,1086,1091,182,208,5,203,60.599
MA,TURILÂNDIA,8605,16106,1934,2142,8384,8291,327,208,-93,301,20.531
PB,PIRPIRITUBA,21377,8209,1220,1428,4183,4359,345,208,176,32,24.676
PI,CRISTALÂNDIA DO PIAUÍ,10596,6256,553,761,3478,3523,140,208,45,163,17.764
PR,DIAMANTE DO NORTE,75396,4388,1765,1973,1433,1452,140,208,19,189,57.606
PR,GOIOXIM,75388,5428,1267,1475,2666,2635,203,208,-31,239,35.888
RJ,MACUCO,58386,7146,2514,2722,2721,2848,325,208,127,81,48.869
RN,IPANGUAÇU,16918,12927,1632,1840,8060,8258,313,208,198,10,18.221
RS,VICENTE DUTRA,89656,3837,1559,1767,1323,1279,139,208,-44,252,58.011
RS,VILA MARIA,85642,3675,1848,2056,945,964,148,208,19,189,68.079
SP,SANTA ALBERTINA,70157,5094,2194,2402,1442,1523,220,208,81,127,61.197
BA,BONITO,33804,12297,1365,1572,7602,7718,332,207,116,91,16.921
BA,WANDERLEY,39993,10727,2201,2408,5814,5856,166,207,42,165,29.138
CE,ALCÂNTARAS,13099,10293,803,1010,5755,6372,771,207,617,-410,13.682
MG,DORES DE GUANHÃES,44610,5274,1103,1310,2174,2292,135,207,118,89,36.369
PE,FREI MIGUELINHO,24155,12953,2455,2662,7057,7181,219,207,124,83,27.045
RN,ESPÍRITO SANTO,16691,7974,2241,2448,3328,3482,162,207,154,53,41.282
SC,VARGEM,80462,2628,847,1054,975,970,164,207,-5,212,52.075
BA,JUSSARA,36714,14150,806,1012,8970,9230,214,206,260,-54,9.881
GO,SÃO FRANCISCO DE GOIÁS,95931,5400,2005,2211,1363,1448,229,206,85,121,60.426
MG,MADRE DE DEUS DE MINAS,47813,4481,1143,1349,1989,2120,214,206,131,75,38.887
PA,CHAVES,4499,16139,2771,2977,6321,6117,763,206,-204,410,32.736
PR,QUATRO PONTES,74683,4067,2584,2790,477,484,123,206,7,199,85.217
RS,WESTFALIA,89524,2695,1319,1525,639,644,217,206,5,201,70.309
SP,ÁLVARES FLORENCE,61239,3618,1666,1872,904,984,144,206,80,126,65.546
MA,MONTES ALTOS,8397,7518,1751,1956,3765,3834,268,205,69,136,33.782
MG,ONÇA DE PITANGUI,49158,3360,1378,1583,1014,1014,157,205,0,205,60.955
MG,SENHORA DE OLIVEIRA,53198,5765,939,1144,2863,3139,209,205,276,-71,26.71
PA,ABEL FIGUEIREDO,4502,6022,1563,1768,2377,2357,195,205,-20,225,42.861
PR,TAMBOARA,79090,4164,1723,1928,1204,1284,166,205,80,125,60.025
SP,IRAPURU,65331,4564,1966,2171,1341,1407,212,205,66,139,60.676
MG,AGUANIL,40150,4338,1235,1439,1500,1607,176,204,107,97,47.242
MG,BUGRE,41769,4364,1414,1618,1530,1534,123,204,4,200,51.332
MG,MARLIÉRIA,48054,4518,1377,1581,1642,1764,203,204,122,82,47.265
PI,SÃO FRANCISCO DE ASSIS DO PIAUÍ,12505,4785,640,844,2812,2899,237,204,87,117,22.549
PR,SANTANA DO ITARARÉ,78557,4666,1474,1678,1734,1858,160,204,124,80,47.455
RS,SÃO JOSÉ DO INHACORÁ,87742,2247,1001,1205,659,707,211,204,48,156,63.023
RS,TRÊS FORQUILHAS,88005,3300,1046,1250,1073,1069,176,204,-4,208,53.903
SE,TOMAR DO GERU,32492,10513,1882,2086,4871,4993,294,204,122,82,29.467
AM,IPIXUNA,2399,11615,2061,2264,4784,4833,472,203,49,154,31.901
MA,SANTO ANTÔNIO DOS LOPES,9032,15412,2812,3015,8052,8315,458,203,263,-60,26.611
MG,JACINTO,46930,9247,1866,2069,4028,4265,241,203,237,-34,32.665
MG,LASSANCE,47619,6228,1224,1427,2577,2684,174,203,107,96,34.712
MG,LIMEIRA DO OESTE,40363,6638,1964,2167,2666,2777,166,203,111,92,43.831
MS,ANAURILÂNDIA,90158,6303,1897,2100,2320,2305,327,203,-15,218,47.673
PB,TAPEROÁ,22314,11414,1357,1560,6094,6303,363,203,209,-6,19.84
SC,RANCHO QUEIMADO,82813,3758,1673,1876,696,743,201,203,47,156,71.63
SP,PAULO DE FARIA,68330,6121,2018,2221,2252,2368,232,203,116,87,48.398
SP,TACIBA,71595,5078,1806,2009,1995,2104,208,203,109,94,48.845
MA,ALDEIAS ALTAS,7056,18521,1836,2038,10611,11224,455,202,613,-411,15.367
MA,PIO XII,8710,18829,2609,2811,10924,11135,417,202,211,-9,20.156
MG,DIVINÉSIA,44377,5022,939,1141,2381,2444,162,202,63,139,31.827
MG,RIO ESPERA,51039,5795,1293,1495,2372,2524,248,202,152,50,37.198
RS,PRESIDENTE LUCENA,87505,2671,1470,1672,482,528,187,202,46,156,76.0
SC,ATALANTA,80357,2923,1776,1978,479,493,153,202,14,188,80.049
SE,RIBEIRÓPOLIS,32190,14752,3165,3367,7426,7768,600,202,342,-140,30.238
SP,MONTEIRO LOBATO,67350,3840,1386,1588,1286,1376,244,202,90,112,53.576
BA,CORIBE,34819,12869,2015,2216,6845,6904,235,201,59,142,24.298
BA,NOVA FÁTIMA,37567,7986,1182,1383,4316,4372,252,201,56,145,24.031
CE,UMARI,15750,6551,872,1073,3521,3744,378,201,223,-22,22.275
MG,FELISBURGO,45110,5979,825,1026,2498,2701,190,201,203,-2,27.529
MG,MINDURI,48372,3243,1048,1249,1256,1290,145,201,34,167,49.193
PR,CRUZEIRO DO SUL,75310,3924,1144,1345,1776,1842,148,201,66,135,42.203
PR,NOVA OLÍMPIA,79677,4855,2269,2470,1383,1422,140,201,39,162,63.464
RN,ALTO DO RODRIGUES,16136,12083,1522,1723,6989,7198,391,201,209,-8,19.314
RN,RIACHO DA CRUZ,18112,2793,362,563,1811,1665,98,201,-146,347,25.269
RN,SEVERIANO MELO,18694,6851,801,1002,4233,4352,312,201,119,82,18.715
RO,VALE DO PARAÍSO,558,5525,2607,2808,1517,1527,192,201,10,191,64.775
SC,BOM JARDIM DA SERRA,83895,3861,1396,1597,1206,1263,172,201,57,144,55.839
TO,NOVA OLINDA,96636,8137,2631,2832,3279,3356,261,201,77,124,45.766
BA,CARAÍBAS,34363,8731,1173,1373,4701,4883,358,200,182,18,21.947
MG,BONFINÓPOLIS DE MINAS,41637,5064,1260,1460,1996,2095,178,200,99,101,41.069
MG,CENTRAL DE MINAS,43133,5649,1895,2095,1956,2086,133,200,130,70,50.108
MG,GRUPIARA,45578,1792,574,774,596,529,58,200,-67,267,59.401
PE,CARNAÍBA,23779,16933,1335,1535,10101,10147,225,200,46,154,13.14
PE,FERREIROS,24090,10158,1905,2105,5422,5599,239,200,177,23,27.323
PE,JUPI,24651,13030,1296,1496,7953,8003,318,200,50,150,15.749
PR,ATALAIA,74411,3478,1544,1744,1128,1167,170,200,39,161,59.911
PR,ROSÁRIO DO IVAÍ,75744,4720,1788,1988,1428,1471,216,200,43,157,57.473
RS,BARRA FUNDA,86401,2724,1122,1322,864,944,237,200,80,120,58.341
RS,MONTE BELO DO SUL,87084,3036,1931,2131,414,450,159,200,36,164,82.565
RS,SÃO JORGE,84794,2441,1507,1707,443,434,116,200,-9,209,79.729
SC,PERITIBA,82473,2881,1510,1710,587,624,170,200,37,163,73.265
TO,BARROLÂNDIA,96997,4901,1537,1737,1844,1830,135,200,-14,214,48.696
GO,BRAZABRANTES,92711,3892,1300,1499,1121,1162,166,199,41,158,56.332
MG,CARRANCAS,42919,3439,1032,1231,1375,1471,193,199,96,103,45.559
MG,DOM CAVATI,44490,4344,1555,1754,1473,1524,119,199,51,148,53.508
RO,CABIXI,450,4949,2206,2405,1136,1106,145,199,-30,229,68.499
RS,CAPITÃO,86509,2872,1197,1396,857,876,195,199,19,180,61.444
RS,JACUTINGA,87190,2995,1371,1570,844,881,137,199,37,162,64.055
SC,URUPEMA,80160,2531,967,1166,753,767,174,199,14,185,60.321
SP,BARRA DO TURVO,62073,6327,1963,2162,2216,2239,177,199,23,176,49.125
BA,BROTAS DE MACAÚBAS,33898,9541,1338,1536,5239,5405,292,198,166,32,22.129
BA,IGRAPIÚNA,35700,9069,1274,1472,4713,4729,336,198,16,182,23.738
BA,SÃO JOSÉ DO JACUÍPE,38865,8846,1168,1366,4611,4910,287,198,299,-101,21.765
RN,IELMO MARINHO,16896,11540,2470,2668,5877,6033,401,198,156,42,30.663
SC,MORRO GRANDE,81086,2726,1591,1789,469,492,121,198,23,175,78.431
SC,XAVANTINA,83852,3394,1554,1752,1288,1315,119,198,27,171,57.124
AL,MURICI,28096,20666,4630,4827,8770,8202,840,197,-568,765,37.048
CE,SOLONÓPOLE,15610,14374,1484,1681,9230,9512,548,197,282,-85,15.018
GO,ALTO PARAÍSO DE GOIÁS,92118,7745,1758,1955,3064,3188,281,197,124,73,38.013
GO,PORTEIRÃO,93424,3977,1148,1345,1312,1267,130,197,-45,242,51.493
MG,SÃO JOSÉ DO GOIABAL,52671,4893,892,1089,2193,2288,152,197,95,102,32.248
PE,TRACUNHAÉM,26093,12092,2456,2653,6093,6264,249,197,171,26,29.752
RN,ANGICOS,16152,10241,2171,2368,5262,5347,412,197,85,112,30.693
RN,BOA SAÚDE,17035,8075,1996,2193,3537,3680,283,197,143,54,37.34
RS,SÃO VENDELINO,85383,2412,1175,1372,532,550,187,197,18,179,71.384
SC,SERRA ALTA,80284,2826,1415,1612,810,819,116,197,9,188,66.31
SP,FERNANDO PRESTES,64130,5092,2277,2474,1229,1265,224,197,36,161,66.167
BA,TERRA NOVA,39330,10502,1089,1285,6246,6398,358,196,152,44,16.725
GO,INACIOLÂNDIA,93165,4810,1248,1444,2046,2097,185,196,51,145,40.779
MA,SÃO BENTO,9075,29493,3574,3770,15757,15939,669,196,182,14,19.128
MG,JAPONVAR,42269,8567,989,1185,4519,4639,269,196,120,76,20.347
MT,PORTO ESPERIDIÃO,98876,8040,2779,2975,2474,2389,142,196,-85,281,55.462
PB,CONCEIÇÃO,19895,15447,1987,2183,8425,8486,414,196,61,135,20.461
PI,SÃO MIGUEL DO TAPUIO,12076,15650,1352,1548,9311,9604,380,196,293,-97,13.881
PR,BOM JESUS DO SUL,75167,3707,1165,1361,1658,1553,93,196,-105,301,46.706
PR,NOVA ESPERANÇA DO SUDOESTE,75027,5176,1439,1635,2266,2279,184,196,13,183,41.773
PR,NOVO ITACOLOMI,74420,3000,1243,1439,863,874,185,196,11,185,62.214
RS,HULHA NEGRA,86800,4891,1243,1439,2307,2292,242,196,-15,211,38.569
RS,PINHAL GRANDE,87386,3612,1123,1319,1477,1540,228,196,63,133,46.135
TO,PALMEIRÓPOLIS,96490,6172,2198,2394,1939,1958,181,196,19,177,55.009
MG,ALBERTINA,40274,3581,1416,1611,707,715,99,195,8,187,69.261
MT,NOVO SÃO JOAQUIM,98779,5509,2463,2658,1213,1241,128,195,28,167,68.171
MT,SÃO FÉLIX DO ARAGUAIA,91839,8519,2902,3097,1910,1981,202,195,71,124,60.989
PA,INHANGAPI,4677,9367,2509,2704,4409,4584,572,195,175,20,37.102
PE,XEXÉU,23060,11221,1948,2143,5064,5083,249,195,19,176,29.657
SP,MERIDIANO,66931,3777,1448,1643,1136,1176,210,195,40,155,58.283
SP,RIOLÂNDIA,69850,7099,2449,2644,2751,2761,169,195,10,185,48.918
SP,SANTA ERNESTINA,70319,5048,1905,2100,1794,1835,194,195,41,154,53.367
CE,PIRES FERREIRA,13048,8641,1026,1220,4928,5311,615,194,383,-189,18.68
MG,DIVISA ALEGRE,40126,5231,1141,1335,2248,2401,205,194,153,41,35.733
MG,ENGENHEIRO NAVARRO,44750,6193,1006,1200,3105,3222,182,194,117,77,27.137
MG,PEQUI,49913,3981,1301,1495,1375,1433,165,194,58,136,51.059
MS,PEDRO GOMES,91278,6063,2063,2257,2002,1966,195,194,-36,230,53.445
PB,OLHO D ÁGUA,21091,0,827,1021,3858,3989,238,194,131,63,20.379
PI,BERTOLÍNIA,10332,4990,739,933,2740,2609,165,194,-131,325,26.341
PI,CAPITÃO DE CAMPOS,10472,10509,1070,1264,6155,6397,377,194,242,-48,16.499
PR,LUNARDELLI,84590,4239,1595,1789,1400,1431,186,194,31,163,55.559
SC,BOCAINA DO SUL,81280,3184,1381,1575,996,1006,177,194,10,184,61.023
SP,TAIÚVA,71650,4406,2101,2295,1068,1154,233,194,86,108,66.541
CE,IPAUMIRIM,14150,9485,957,1150,5875,6113,411,193,238,-45,15.834
GO,SANTA RITA DO ARAGUAIA,95834,4468,1546,1739,1447,1451,131,193,4,189,54.514
MG,FORTALEZA DE MINAS,45250,3218,1088,1281,920,1022,159,193,102,91,55.623
PA,TRAIRÃO,4286,12451,5348,5541,2722,2599,290,193,-123,316,68.071
PR,BOA ESPERANÇA,74578,3981,2044,2237,851,878,118,193,27,166,71.814
SP,NOVA ALIANÇA,67571,5433,2379,2572,1311,1409,262,193,98,95,64.607
TO,ALVORADA,92134,8080,2772,2965,2491,2438,240,193,-53,246,54.877
AC,FEIJÓ,1139,24235,6191,6383,7930,7113,1008,192,-817,1009,47.295
AM,PAUINI,2712,11598,2045,2237,5206,4838,240,192,-368,560,31.618
ES,DIVINO DE SÃO LOURENÇO,56359,4905,1798,1990,1299,1299,187,192,0,192,60.505
GO,ITARUMÃ,94218,4685,1526,1718,1511,1525,201,192,14,178,52.976
GO,PALMINÓPOLIS,95150,4441,1944,2136,1046,1079,179,192,33,159,66.439
MG,PIRAJUBA,50130,4820,1394,1586,1734,1789,94,192,55,137,46.993
MG,SANTO ANTÔNIO DO AVENTUREIRO,51993,3746,1047,1239,1500,1620,165,192,120,72,43.337
MS,BANDEIRANTES,90298,6817,2223,2415,2072,2051,340,192,-21,213,54.075
RS,IBIRAPUITÃ,84964,3416,1388,1580,1309,1299,128,192,-10,202,54.88
RS,JAQUIRANA,84905,3763,1208,1400,1200,1239,161,192,39,153,53.05
SC,SÃO MARTINHO,83372,3233,2071,2263,475,532,157,192,57,135,80.966
BA,NOVO TRIUNFO,37621,8246,885,1076,4727,4787,265,191,60,131,18.352
BA,TABOCAS DO BREJO VELHO,39179,11304,1272,1463,6137,6348,268,191,211,-20,18.73
GO,ITAPIRAPUÃ,94153,6872,2262,2453,2530,2643,181,191,113,78,48.136
MG,SANTA BÁRBARA DO TUGÚRIO,51454,4344,687,878,2437,2579,181,191,142,49,25.398
PI,BENEDITINOS,10316,9620,814,1005,6277,6305,307,191,28,163,13.748
RN,PENDÊNCIAS,17973,10955,1551,1742,6626,6685,347,191,59,132,20.672
RS,DERRUBADAS,86665,2632,939,1130,1040,1034,218,191,-6,197,52.218
RS,PINTO BANDEIRA,89540,2443,1486,1677,332,332,124,191,0,191,83.474
SP,SEBASTIANÓPOLIS DO SUL,71277,3013,1324,1515,745,789,155,191,44,147,65.755
AL,PIRANHAS,28410,20155,1800,1990,10900,11134,612,190,234,-44,15.163
BA,BELMONTE,33677,14794,3057,3247,7605,7681,415,190,76,114,29.713
BA,BOTUPORÃ,33839,9534,946,1136,5457,5790,216,190,333,-143,16.402
BA,JUCURUÇU,36706,8450,1583,1773,4189,4326,251,190,137,53,29.07
GO,ARAÇU,92312,4176,1413,1603,1556,1588,205,190,32,158,50.235
GO,BRITÂNIA,92754,5203,1908,2098,1432,1480,211,190,48,142,58.636
MA,SÃO FRANCISCO DO BREJÃO,8281,8133,2165,2355,3592,3560,216,190,-32,222,39.814
MG,BOCAINA DE MINAS,41432,4421,1280,1470,1782,1931,224,190,149,41,43.223
MG,FRANCISCO DUMONT,45314,4747,974,1164,1813,1879,169,190,66,124,38.252
MG,SARDOÁ,53090,4959,1106,1296,1736,1855,149,190,119,71,41.13
MG,SÃO JOSÉ DO JACURI,52698,5278,913,1103,2453,2699,165,190,246,-56,29.011
MG,SÃO ROMÃO,52833,7310,1199,1389,3012,3171,152,190,159,31,30.461
PB,ARARA,19178,9338,1255,1445,4725,4913,370,190,188,2,22.727
PB,BARRA DE SANTANA,19780,7803,1268,1458,4145,4268,297,190,123,67,25.463
PE,JUREMA,24678,12388,1598,1788,6641,6783,317,190,142,48,20.861
PI,MONSENHOR GIL,11274,10468,1302,1492,6545,6538,343,190,-7,197,18.58
PR,PRESIDENTE CASTELO BRANCO,77879,3887,1248,1438,1625,1654,148,190,29,161,46.507
RO,CORUMBIARA,655,5747,2493,2683,1520,1524,236,190,4,186,63.775
SE,AQUIDABÃ,31038,17310,2671,2861,9492,9493,613,190,1,189,23.158
BA,ARACATU,33391,12587,1769,1958,7610,7868,295,189,258,-69,19.927
CE,SANTANA DO CARIRI,15431,13923,893,1082,9209,9549,449,189,340,-151,10.178
MG,BRÁS PIRES,41734,4706,1051,1240,1858,2026,120,189,168,21,37.967
MG,MONTEZUMA,40460,5998,1060,1249,2587,2830,253,189,243,-54,30.62
MT,GAÚCHA DO NORTE,90824,6808,2568,2757,1231,1268,94,189,37,152,68.497
PE,CAETÉS,23639,20699,1092,1281,12467,12668,271,189,201,-12,9.183
PI,ITAUEIRA,11010,9307,1141,1330,5129,5292,285,189,163,26,20.085
PR,GRANDES RIOS,79596,4762,2209,2398,1278,1328,197,189,50,139,64.359
PR,LINDOESTE,74047,5119,1529,1718,2173,2219,165,189,46,143,43.637
PR,SAUDADE DO IGUAÇU,75060,5308,1638,1827,2344,2334,175,189,-10,199,43.908
AC,BUJARI,1007,11150,4505,4693,2130,1958,553,188,-172,360,70.561
BA,JIQUIRIÇÁ,36650,11520,1525,1713,6306,6483,350,188,177,11,20.9
BA,PAU BRASIL,37796,7570,2130,2318,3219,3257,211,188,38,150,41.578
CE,MORAÚJO,14770,8324,1075,1263,4511,4578,412,188,67,121,21.623
CE,PORANGA,15210,10097,853,1041,6094,6336,314,188,242,-54,14.111
GO,CATURAÍ,93033,5466,1484,1672,1882,1982,223,188,100,88,45.758
GO,ITAGUARI,92282,5172,1664,1852,1992,2019,200,188,27,161,47.843
GO,MUNDO NOVO,96512,5374,1650,1838,1812,1797,115,188,-15,203,50.564
MA,SÃO DOMINGOS DO AZEITÃO,8265,6798,968,1156,3852,3797,156,188,-55,243,23.339
MG,CAMACHO,42072,3106,869,1057,1383,1451,111,188,68,120,42.145
MT,SANTA CARMEM,90107,4179,2063,2251,634,658,94,188,24,164,77.381
PE,GAMELEIRA,24171,14911,3191,3379,7597,7613,345,188,16,172,30.741
PR,JANIÓPOLIS,76376,4935,1724,1912,1771,1860,168,188,89,99,50.689
PR,MARIA HELENA,76856,4788,1878,2066,1720,1761,176,188,41,147,53.985
RS,CAMARGO,85960,2644,1170,1358,753,747,97,188,-6,194,64.513
GO,FAZENDA NOVA,93530,5547,2160,2347,1802,1830,185,187,28,159,56.189
PE,BUENOS AIRES,23531,12015,1812,1999,6638,6756,241,187,118,69,22.833
PI,REDENÇÃO DO GURGUÉIA,11738,7036,1180,1367,3558,3566,253,187,8,179,27.711
PR,MARUMBI,76970,3952,1412,1599,1530,1525,124,187,-5,192,51.184
PR,RANCHO ALEGRE,78034,3227,1357,1544,955,997,110,187,42,145,60.763
PR,SERRANÓPOLIS DO IGUAÇU,75647,4408,2403,2590,1012,1001,118,187,-11,198,72.125
RS,FAZENDA VILANOVA,88366,3799,1406,1593,1153,1132,203,187,-21,208,58.459
SC,ÁGUAS FRIAS,80500,2567,1047,1234,873,925,171,187,52,135,57.156
AL,BARRA DE SANTO ANTÔNIO,27090,14964,3400,3586,5358,5155,463,186,-203,389,41.025
BA,JUSSIAPE,36730,6536,974,1160,3764,3922,205,186,158,28,22.826
BA,MULUNGU DO MORRO,37427,10999,739,925,7141,7279,305,186,138,48,11.275
MG,DORES DO TURVO,44652,5461,1206,1392,2333,2509,206,186,176,10,35.683
MT,NOVA GUARITA,90140,4129,1706,1892,1017,1040,75,186,23,163,64.529
PE,CORTÊS,23957,11278,1972,2158,5666,5750,285,186,84,102,27.289
PE,SANTA MARIA DO CAMBUCÁ,25534,11552,2230,2416,5873,6135,272,186,262,-76,28.254
RS,MARIANA PIMENTEL,87009,3610,1473,1659,1076,1130,233,186,54,132,59.484
RS,SÃO NICOLAU,88870,4346,1112,1298,1884,1870,204,186,-14,200,40.972
SC,LACERDÓPOLIS,81817,1979,1098,1284,413,438,143,186,25,161,74.564
SP,IPIGUÁ,62243,4911,2125,2311,962,1010,184,186,48,138,69.587
AL,JEQUIÁ DA PRAIA,27065,8251,2669,2854,3064,2832,355,185,-232,417,50.193
BA,AMÉRICA DOURADA,30716,12523,1362,1547,8144,8303,303,185,159,26,15.706
BA,SERROLÂNDIA,39110,11062,1938,2123,5486,5606,312,185,120,65,27.468
MG,FELÍCIO DOS SANTOS,45071,5058,908,1093,1898,2087,271,185,189,-4,34.371
PA,FLORESTA DO ARAGUAIA,4561,13748,5350,5535,4826,4802,461,185,-24,209,53.546
RS,CHIAPETTA,86053,3650,1392,1577,1257,1259,167,185,2,183,55.606
SC,PRINCESA,81647,2565,1140,1325,780,790,133,185,10,175,62.648
SP,IBIRAREMA,64912,5069,2505,2690,1142,1229,203,185,87,98,68.64
SP,NIPOÃ,67555,3880,1523,1708,1175,1207,144,185,32,153,58.593
SP,ONDA VERDE,67814,4392,1618,1803,1270,1339,213,185,69,116,57.384
AM,BARCELOS,2097,12748,2299,2483,4675,4616,316,184,-59,243,34.977
BA,COTEGIPE,34878,11761,1499,1683,7011,7060,197,184,49,135,19.25
BA,OURIÇANGAS,37672,7232,556,740,4275,4295,214,184,20,164,14.697
GO,SÃO MIGUEL DO PASSA QUATRO,92665,4216,1285,1469,1281,1347,212,184,66,118,52.166
MG,OURO VERDE DE MINAS,49239,7250,1712,1896,2882,2910,131,184,28,156,39.451
MG,SERRA DOS AIMORÉS,53333,6273,1296,1480,2463,2537,171,184,74,110,36.843
MS,BODOQUENA,98019,6498,2289,2473,2343,2281,341,184,-62,246,52.019
MS,ROCHEDO,91499,4990,1603,1787,1399,1386,278,184,-13,197,56.319
PB,PITIMBU,21393,13177,2729,2913,6382,6366,305,184,-16,200,31.393
PE,BELÉM DO SÃO FRANCISCO,23310,15650,1590,1774,9731,9609,316,184,-122,306,15.585
RS,COLORADO,86096,3005,1598,1782,703,740,142,184,37,147,70.658
SP,ANHEMBI,61450,5485,2131,2315,1482,1498,188,184,16,168,60.713
SP,RIBEIRÃO CORRENTE,69639,4389,1586,1770,1396,1489,131,184,93,91,54.311
AL,PIAÇABUÇU,28355,13947,2830,3013,6621,6131,482,183,-490,673,32.951
BA,ARATUÍPE,33456,8442,987,1170,5022,5141,229,183,119,64,18.539
BA,IBIRAPITANGA,35556,14387,2314,2497,7057,7213,439,183,156,27,25.716
PA,MARACANÃ,4855,27844,5778,5961,13482,13178,1225,183,-304,487,31.146
PB,SALGADO DE SÃO FÉLIX,21636,10389,1719,1902,5264,5348,359,183,84,99,26.234
PI,SANTA FILOMENA,11835,5577,853,1036,2961,2927,149,183,-34,217,26.142
RJ,LAJE DO MURIAÉ,58459,6970,2042,2225,3165,3269,236,183,104,79,40.499
RN,SÃO JOSÉ DO CAMPESTRE,18430,10572,2438,2621,5148,5333,289,183,185,-2,32.952
RS,FAGUNDES VARELA,84930,2444,1450,1633,397,430,145,183,33,150,79.157
RS,JARI,88587,2803,794,977,1246,1290,187,183,44,139,43.097
RS,PAIM FILHO,87750,3770,1537,1720,1521,1484,70,183,-37,220,53.683
RS,VITÓRIA DAS MISSÕES,88129,3447,1123,1306,1394,1430,171,183,36,147,47.734
SP,ADOLFO,61034,3978,1822,2005,1101,1113,136,183,12,171,64.304
SP,MACEDÔNIA,66656,4118,1486,1669,1051,1082,143,183,31,152,60.669
TO,XAMBIOÁ,96431,8670,3068,3251,3150,3199,243,183,49,134,50.403
GO,SANTO ANTÔNIO DA BARRA,93203,4300,1199,1381,1732,1767,119,182,35,147,43.869
MA,CENTRO NOVO DO MARANHÃO,7463,11955,1653,1835,6952,7060,308,182,108,74,20.63
MG,BIQUINHAS,41394,2693,772,954,958,1025,122,182,67,115,48.206
MG,FAMA,45039,3358,1090,1272,1082,1087,89,182,5,177,53.921
MG,SETUBINHA,42404,9317,949,1131,4151,4499,182,182,348,-166,20.089
MG,SÃO JOÃO DA LAGOA,40703,5144,776,958,2616,2698,174,182,82,100,26.204
MG,SÃO THOMÉ DAS LETRAS,53031,5194,979,1161,2569,2688,202,182,119,63,30.164
MG,TOMBOS,53830,6723,2148,2330,2947,3101,181,182,154,28,42.902
PA,PAU D ARCO,4308,0,2667,2849,2452,2369,311,182,-83,265,54.599
PA,SÃO JOÃO DO ARAGUAIA,5495,13231,3086,3268,5024,4962,404,182,-62,244,39.708
PE,BARRA DE GUABIRABA,23256,10121,2618,2800,5025,4921,248,182,-104,286,36.265
RN,CARNAUBAIS,16497,8697,1342,1524,5192,5418,381,182,226,-44,21.953
RN,LAJES,17337,9491,1474,1656,5079,5145,385,182,66,116,24.349
RS,FORTALEZA DOS VALOS,98272,3692,1609,1791,1336,1357,190,182,21,161,56.893
RS,MARCELINO RAMOS,87394,3902,1645,1827,1302,1337,173,182,35,147,57.743
SP,JABORANDI,65854,5011,1920,2102,1876,1958,160,182,82,100,51.773
SP,SANTA CRUZ DA CONCEIÇÃO,70254,4152,1982,2164,855,921,208,182,66,116,70.146
MG,DONA EUSÉBIA,44571,5794,1848,2029,2457,2583,177,181,126,55,43.994
MG,MEDEIROS,48259,3335,1276,1457,897,948,136,181,51,130,60.582
MG,SÃO BRÁS DO SUAÇUÍ,52175,3760,805,986,1598,1704,213,181,106,75,36.654
RN,MARTINS,17477,7680,1077,1258,4040,4264,250,181,224,-43,22.782
RN,SERRA CAIADA,18058,9075,1761,1942,4522,4736,253,181,214,-33,29.081
SC,DOUTOR PEDRINHO,80080,3079,1806,1987,459,473,147,181,14,167,80.772
SC,PLANALTO ALEGRE,80543,2908,950,1131,1175,1218,159,181,43,138,48.148
SE,MOITA BONITA,31810,9833,2176,2357,4493,4751,426,181,258,-77,33.16
MG,DOM JOAQUIM,44512,4271,843,1023,1807,1903,144,180,96,84,34.962
MG,NOVORIZONTE,41181,4987,1084,1264,1921,2128,161,180,207,-27,37.264
MG,PAI PEDRO,41289,5559,754,934,2774,2881,130,180,107,73,24.482
MG,SOBRÁLIA,53538,4068,1286,1466,1520,1643,161,180,123,57,47.153
PI,PAULISTANA,11550,17086,1711,1891,10490,10781,434,180,291,-111,14.923
PR,RIO BOM,78190,3025,1161,1341,962,995,177,180,33,147,57.406
RN,RIO DO FOGO,16268,10997,2813,2993,4766,4680,354,180,-86,266,39.007
RS,ARAMBARÉ,86320,3690,1209,1389,1198,1216,194,180,18,162,53.321
RS,DILERMANDO DE AGUIAR,88188,3288,1087,1267,1066,1091,191,180,25,155,53.732
RS,POÇO DAS ANTAS,86126,2014,989,1169,445,458,182,180,13,167,71.85
RS,SÃO JOSÉ DOS AUSENTES,87726,3394,1345,1525,878,832,119,180,-46,226,64.701
BA,JACARACI,36498,11855,1371,1550,6682,7016,333,179,334,-155,18.095
PE,SERRITA,25798,17116,1023,1202,10252,10220,331,179,-32,211,10.524
PR,AMAPORÃ,74152,4063,1375,1554,1570,1621,149,179,51,128,48.945
RN,MESSIAS TARGINO,17213,4751,884,1063,2687,2528,113,179,-159,338,29.602
RS,IVORÁ,85626,1817,551,730,654,704,231,179,50,129,50.907
SP,CORUMBATAÍ,63550,3525,1647,1826,710,763,202,179,53,126,70.529
SP,RIFAINA,69736,5143,1626,1805,1533,1544,136,179,11,168,53.897
BA,NOVO HORIZONTE,39942,9211,1328,1506,5514,5701,301,178,187,-9,20.896
MA,URBANO SANTOS,9458,25860,2833,3011,15150,15519,454,178,369,-191,16.249
MG,PALMA,49336,5277,1288,1466,2531,2591,152,178,60,118,36.135
PB,ALAGOINHA,19097,12238,1385,1563,7026,7210,355,178,184,-6,17.816
PB,BOA VISTA,19941,6136,1345,1523,3314,3354,267,178,40,138,31.228
PI,ITAINÓPOLIS,10995,9620,1078,1256,6033,6314,221,178,281,-103,16.592
PR,QUARTO CENTENÁRIO,75582,3473,1424,1602,1273,1280,114,178,7,171,55.586
PR,SÃO JOÃO DO CAIUÁ,78735,4580,1315,1493,2124,2221,201,178,97,81,40.199
RN,SANTANA DO MATOS,18279,11164,1551,1729,6724,6843,487,178,119,59,20.17
RS,MARATÁ,86983,2434,1203,1381,527,559,197,178,32,146,71.186
SC,SANTA ROSA DE LIMA,83070,2023,971,1149,508,519,116,178,11,167,68.885
SP,ITIRAPUÃ,65757,5150,1536,1714,1906,2042,196,178,136,42,45.634
SP,ÁGUAS DE SÃO PEDRO,61115,4347,1846,2024,898,961,273,178,63,115,67.806
BA,ITAPÉ,36250,8458,1935,2112,4021,4073,269,177,52,125,34.147
GO,GAMELEIRA DE GOIÁS,93564,3714,1219,1396,1098,1157,208,177,59,118,54.681
MA,ESPERANTINÓPOLIS,7773,14842,2412,2589,7862,8133,317,177,271,-94,24.147
MG,RUBIM,51314,7168,1112,1289,3257,3431,234,177,174,3,27.309
PB,MOGEIRO,20893,11492,2275,2452,5680,5701,280,177,21,156,30.075
PB,NOVA FLORESTA,21032,8318,1072,1249,4471,4722,327,177,251,-74,20.918
PE,ITAPETIM,24538,11981,1417,1594,7253,7400,176,177,147,30,17.723
PR,ARAPUÃ,75108,3265,1045,1222,1349,1344,140,177,-5,182,47.623
PR,JAPIRA,76392,3949,1314,1491,1354,1450,145,177,96,81,50.697
PR,RESERVA DO IGUAÇU,75604,5461,1366,1543,2496,2515,172,177,19,158,38.024
RS,ACEGUÁ,88986,3988,1576,1753,1201,1208,176,177,7,170,59.203
SE,MARUIM,31798,13207,1943,2120,7303,7492,482,177,189,-12,22.056
AL,COLÔNIA LEOPOLDINA,27413,15447,4190,4366,5517,5286,508,176,-231,407,45.234
BA,BREJÕES,33855,10979,1836,2012,5775,5859,313,176,84,92,25.562
CE,PARAMOTI,15091,10214,1404,1580,6159,6269,430,176,110,66,20.13
CE,PENAFORTE,15130,8725,891,1067,5128,5425,404,176,297,-121,16.436
GO,TRÊS RANCHOS,96237,3909,1018,1194,1496,1541,164,176,45,131,43.656
MG,CURRAL DE DENTRO,42005,6856,1560,1736,2580,2861,204,176,281,-105,37.764
MG,NAQUE,40487,5487,1491,1667,2186,2248,128,176,62,114,42.58
MG,SÃO GERALDO DA PIEDADE,52310,3672,684,860,1507,1610,154,176,103,73,34.818
MT,DENISE,98337,5715,2243,2419,1950,1986,179,176,36,140,54.915
PE,ÁGUA PRETA,23078,20245,3544,3720,10823,10942,385,176,119,57,25.372
RS,NOVO CABRAIS,88684,3767,1565,1741,1214,1197,172,176,-17,193,59.258
RS,TABAÍ,88722,4099,1582,1758,1424,1372,138,176,-52,228,56.166
RS,TAQUARUÇU DO SUL,85669,2830,1067,1243,1074,1084,131,176,10,166,53.416
RS,VILA LÂNGARO,88749,2176,1177,1353,503,506,108,176,3,173,72.781
SC,SÃO JOÃO DO ITAPERIÚ,81124,4281,2328,2504,545,571,112,176,26,150,81.431
SE,PIRAMBU,32050,8592,1462,1638,4218,4250,349,176,32,144,27.819
CE,GRAÇA,13064,12915,895,1070,7693,8252,520,175,559,-384,11.478
GO,PEROLÂNDIA,93068,3155,1102,1277,1040,1028,119,175,-12,187,55.401
MG,PEDRINÓPOLIS,49832,3422,1108,1283,1161,1196,120,175,35,140,51.755
PB,SOBRADO,19020,8074,1402,1577,3849,4068,326,175,219,-44,27.936
RS,DOUTOR RICARDO,88307,2085,1026,1201,475,502,130,175,27,148,70.523
SC,FREI ROGÉRIO,81329,2254,928,1103,683,716,152,175,33,142,60.638
SC,NOVA ITABERABA,80322,3924,1559,1734,1598,1652,176,175,54,121,51.211
SP,ITAPIRAPUÃ PAULISTA,61948,3311,913,1088,1402,1416,117,175,14,161,43.45
TO,GOIATINS,95338,8841,1540,1715,4447,4392,257,175,-55,230,28.083
AL,INHAPI,27650,14591,1213,1387,7310,7228,492,174,-82,256,16.1
GO,SANTA ROSA DE GOIÁS,95850,3530,1115,1289,1194,1239,188,174,45,129,50.989
MA,PAULO RAMOS,9598,16888,2929,3103,8564,8798,323,174,234,-60,26.073
MA,SÃO JOÃO DO PARAÍSO,8320,8621,2246,2420,4020,4104,261,174,84,90,37.094
MG,ALTO CAPARAÓ,41661,4573,2385,2559,1018,1062,106,174,44,130,70.671
MG,IBIAÍ,45918,6825,862,1036,3233,3327,177,174,94,80,23.745
MG,LEANDRO FERREIRA,47651,3324,1285,1459,1063,1104,147,174,41,133,56.925
MG,SÃO JOÃO DA MATA,52450,3206,1250,1424,838,905,148,174,67,107,61.142
MT,NORTELÂNDIA,91197,4869,1600,1774,1775,1799,205,174,24,150,49.65
PE,OROCÓ,24953,12506,1534,1708,7378,7303,280,174,-75,249,18.955
SP,OCAUÇU,67750,3439,1268,1442,1125,1148,131,174,23,151,55.676
BA,DOM BASÍLIO,35017,10669,964,1137,7163,7425,229,173,262,-89,13.28
CE,MARTINÓPOLE,14591,10824,1062,1235,6698,6839,459,173,141,32,15.296
MA,GONÇALVES DIAS,7854,13680,1928,2101,6975,7386,319,173,411,-238,22.146
PB,FAGUNDES,20230,10570,1263,1436,5742,5917,309,173,175,-2,19.529
RN,CRUZETA,16594,6991,1084,1257,3870,4065,245,173,195,-22,23.619
RS,COLINAS,86584,2356,1060,1233,558,606,245,173,48,125,67.047
RS,NOVA CANDELÁRIA,88226,2592,1307,1480,712,756,133,173,44,129,66.19
RS,PINHAL,85340,2561,933,1106,783,813,222,173,30,143,57.634
BA,BOA NOVA,33731,13118,1001,1173,7118,7414,297,172,296,-124,13.66
BA,RIO DO ANTÔNIO,38377,10714,1322,1494,6416,6715,282,172,299,-127,18.2
BA,SOUTO SOARES,39152,14252,895,1067,9615,9887,316,172,272,-100,9.741
BA,URANDI,39519,13797,1749,1921,7707,8002,229,172,295,-123,19.359
MA,SÃO LUÍS GONZAGA DO MARANHÃO,8052,17245,1640,1812,10370,11064,302,172,694,-522,14.073
MG,CANA VERDE,42374,4987,1671,1843,1850,1985,159,172,135,37,48.145
MG,SERICITA,53252,7082,2494,2666,2352,2513,101,172,161,11,51.477
MG,SÃO FRANCISCO DO GLÓRIA,52272,4165,1009,1181,2088,2130,128,172,42,130,35.669
PA,NOVA TIMBOTEUA,4995,11982,2216,2388,6352,6429,519,172,77,95,27.084
PE,ANGELIM,23191,9131,1288,1460,5044,5227,234,172,183,-11,21.833
PE,CAMUTANGA,23710,7347,1425,1597,3941,4017,172,172,76,96,28.447
PE,PRIMAVERA,25275,11012,2113,2285,5879,5918,248,172,39,133,27.856
PI,ILHA GRANDE,10820,9375,1084,1256,5350,5493,279,172,143,29,18.61
PR,CORONEL DOMINGOS SOARES,75248,5280,1356,1528,2383,2377,126,172,-6,178,39.129
PR,GUARAQUEÇABA,75850,7446,2593,2765,2299,2271,296,172,-28,200,54.905
PR,IGUARAÇU,75957,4062,1745,1917,1126,1175,146,172,49,123,61.999
PR,VIRMOND,74969,3583,1342,1514,1298,1308,162,172,10,162,53.65
RN,TIBAU,16225,9286,1475,1647,3427,3581,233,172,154,18,31.503
RS,CAMPESTRE DA SERRA,86460,2889,1605,1777,407,432,120,172,25,147,80.444
RS,VISTA GAÚCHA,85847,2659,927,1099,983,991,185,172,8,164,52.584
SE,CAMPO DO BRITO,31194,15714,2605,2777,8036,8521,508,172,485,-313,24.58
SP,LUIZIÂNIA,66559,3796,1502,1674,1240,1293,135,172,53,119,56.421
TO,WANDERLÂNDIA,96652,7405,1883,2055,3178,3129,213,172,-49,221,39.641
AL,IBATEGUARA,27596,11563,2590,2761,4787,4916,492,171,129,42,35.965
BA,ANGICAL,33278,12854,1925,2096,7497,7728,269,171,231,-60,21.336
MG,CASCALHO RICO,42994,3775,1328,1499,1120,1140,126,171,20,151,56.802
MG,CATAS ALTAS DA NORUEGA,43079,4154,759,930,1913,1974,153,171,61,110,32.025
MG,IPIAÇU,46272,3928,892,1063,1606,1687,108,171,81,90,38.655
RS,EREBANGO,85081,2618,1078,1249,834,803,87,171,-31,202,60.867
RS,MIRAGUAÍ,87475,4481,1306,1477,2007,1935,143,171,-72,243,43.288
SP,REGINÓPOLIS,69515,4748,2345,2516,1075,1118,196,171,43,128,69.235
SP,SANTÓPOLIS DO AGUAPEÍ,70696,3238,1315,1486,959,975,118,171,16,155,60.382
BA,IRAMAIA,35874,8578,1138,1308,4955,4992,175,170,37,133,20.762
MG,SANTO ANTÔNIO DO GRAMA,52019,3953,686,856,2030,2112,159,170,82,88,28.841
PI,ALTO LONGÁ,10057,12880,1442,1612,8253,8272,469,170,19,151,16.309
PI,DOM EXPEDITO LOPES,10677,6576,837,1007,4177,4200,210,170,23,147,19.339
RN,LAGOA DE PEDRAS,17256,7704,1129,1299,4197,4458,280,170,261,-91,22.564
RO,VALE DO ANARI,698,6627,3061,3231,1306,1312,252,170,6,164,71.12
RS,PONTÃO,87424,3383,1258,1428,1367,1370,118,170,3,167,51.036
SE,RIACHÃO DO DANTAS,32158,17752,2288,2458,10527,10937,526,170,410,-240,18.35
SP,CANITAR,61344,4341,1408,1578,1448,1387,137,170,-61,231,53.221
SP,GUARANTÃ,64637,4763,2102,2272,1409,1490,173,170,81,89,60.393
SP,IACRI,64858,4775,2335,2505,1214,1277,182,170,63,107,66.235
TO,BURITI DO TOCANTINS,92045,6698,1810,1980,2985,2998,202,170,13,157,39.775
BA,ARAMARI,33430,9799,839,1008,5832,5922,278,169,90,79,14.545
GO,MOSSÂMEDES,94757,4654,1285,1454,2063,2127,204,169,64,105,40.603
GO,SANTA ISABEL,96890,3831,1512,1681,1173,1169,144,169,-4,173,58.982
MG,BARÃO DE MONTE ALTO,41092,5613,1297,1466,2663,2720,121,169,57,112,35.022
MG,NOVO ORIENTE DE MINAS,40509,9116,1334,1503,3836,4168,192,169,332,-163,26.503
PA,SOURE,5576,22896,3498,3667,12101,11923,1039,169,-178,347,23.521
PI,REGENERAÇÃO,11754,14545,1196,1365,8526,8683,347,169,157,12,13.585
RS,COQUEIROS DO SUL,86606,2452,1136,1305,640,670,146,169,30,139,66.076
RS,MAMPITUBA,88943,3160,922,1091,1244,1246,163,169,2,167,46.684
SC,FORMOSA DO SUL,80888,2627,841,1010,988,1009,105,169,21,148,50.025
SP,BORACÉIA,62456,3889,1555,1724,1184,1226,169,169,42,127,58.441
TO,COLMÉIA,95290,6564,2823,2992,1937,1878,220,169,-59,228,61.437
AL,PORTO REAL DO COLÉGIO,28495,17588,2237,2405,9354,9211,577,168,-143,311,20.704
BA,MIRANGABA,37290,12718,1690,1858,7212,7248,259,168,36,132,20.404
MA,GOVERNADOR NUNES FREIRE,7668,17551,3541,3709,8554,8646,389,168,92,76,30.02
MA,SÃO PEDRO DA ÁGUA BRANCA,8389,9716,2267,2435,4384,4316,208,168,-68,236,36.069
MG,ALAGOA,40258,2622,1091,1259,606,670,117,168,64,104,65.267
PE,FLORESTA,24139,25424,2351,2519,15262,15151,422,168,-111,279,14.256
PR,LOBATO,76651,3854,1429,1597,1413,1496,169,168,83,85,51.633
RS,LIBERATO SALZANO,87335,4438,1268,1436,1960,1970,173,168,10,158,42.161
TO,ANANÁS,92193,7602,1977,2145,3332,3224,231,168,-108,276,39.952
AL,TRAIPU,28835,19226,2204,2371,9935,9934,796,167,-1,168,19.269
BA,MUQUÉM DO SÃO FRANCISCO,37460,9697,1415,1582,5581,5516,179,167,-65,232,22.288
CE,SÃO JOÃO DO JAGUARIBE,15512,5979,637,804,3730,4003,370,167,273,-106,16.726
GO,IVOLÂNDIA,94277,3153,893,1060,1043,1038,136,167,-5,172,50.524
MA,ALCÂNTARA,7030,17681,2288,2455,10006,9671,569,167,-335,502,20.246
MG,CAPITÃO ANDRADE,40061,4058,1224,1391,1264,1351,112,167,87,80,50.729
MG,CARANAÍBA,42617,3453,835,1002,1396,1493,162,167,97,70,40.16
MG,CHIADOR,43230,3291,966,1133,1179,1194,127,167,15,152,48.689
MG,MATIAS CARDOSO,40444,7363,1209,1376,3428,3556,190,167,128,39,27.899
MG,OLÍMPIO NORONHA,49093,2871,652,819,1178,1193,119,167,15,152,40.706
MG,PRESIDENTE BERNARDES,50610,5761,1045,1212,2673,2850,208,167,177,-10,29.838
PE,JATAÚBA,24597,15841,1916,2083,8698,8785,287,167,87,80,19.166
RS,CAIBATÉ,85650,4022,1353,1520,1715,1724,190,167,9,158,46.856
SC,PALMEIRA,81566,3323,1275,1442,807,854,181,167,47,120,62.805
CE,CHORÓ,13463,11668,1326,1492,7288,7107,358,166,-181,347,17.351
MA,SÃO RAIMUNDO DAS MANGABEIRAS,9253,15755,3246,3412,7842,7837,359,166,-5,171,30.332
MG,BERILO,41297,9023,1137,1303,4028,4308,241,166,280,-114,23.222
MS,TACURU,98159,7005,1474,1640,3034,2923,225,166,-111,277,35.941
MT,NOVO MUNDO,90808,6076,2557,2723,1106,1111,97,166,5,161,71.022
PA,SÃO CAETANO DE ODIVELAS,5410,15911,2713,2879,8478,8383,868,166,-95,261,25.564
PI,MONSENHOR HIPÓLITO,11290,7540,626,792,4709,4734,215,166,25,141,14.332
RS,DOUTOR MAURÍCIO CARDOSO,84883,3828,1937,2103,1166,1141,155,166,-25,191,64.827
RS,SÃO JOSÉ DO SUL,89460,2068,1043,1209,408,439,164,166,31,135,73.362
RS,SÃO JOÃO DO POLÊSINE,87700,2588,1164,1330,698,703,157,166,5,161,65.421
SP,COROADOS,63517,4029,2073,2239,985,1013,147,166,28,138,68.85
TO,AXIXÁ DO TOCANTINS,92576,9200,2546,2712,4084,4035,212,166,-49,215,40.196
BA,UMBURANAS,39489,11682,2182,2347,5932,5911,283,165,-21,186,28.421
GO,OURO VERDE DE GOIÁS,95052,3773,1563,1728,1064,1184,214,165,120,45,59.341
GO,TURVELÂNDIA,92800,4210,1179,1344,1745,1784,131,165,39,126,42.967
MA,BURITI,7412,23042,1691,1856,13785,13359,440,165,-426,591,12.198
MA,PERITORÓ,8087,16383,1958,2123,9817,9994,322,165,177,-12,17.521
MG,FERNANDES TOURINHO,45152,2574,830,995,890,933,66,165,43,122,51.608
MG,PINGO D ÁGUA,41360,0,1006,1171,1879,1987,108,165,108,57,37.08
MG,RUBELITA,51292,7548,672,837,3646,3895,137,165,249,-84,17.688
PB,TEIXEIRA,22357,12146,1452,1617,7140,7304,352,165,164,1,18.126
PE,ALAGOINHA,23116,12093,973,1138,8207,8364,229,165,157,8,11.976
RS,ITATIBA DO SUL,87157,3343,1021,1186,1803,1683,72,165,-120,285,41.338
RS,MARQUES DE SOUZA,88820,3517,1660,1825,988,978,136,165,-10,175,65.109
SC,IBICARÉ,81337,3025,1637,1802,650,649,101,165,-1,166,73.521
SP,SUD MENNUCCI,71471,6048,2160,2325,2206,2362,219,165,156,9,49.605
AL,OURO BRANCO,28215,10039,1252,1416,5283,5393,350,164,110,54,20.796
MG,AUGUSTO DE LIMA,40959,4472,1028,1192,1615,1717,164,164,102,62,40.976
PA,COLARES,4510,12740,1864,2028,6411,6219,662,164,-192,356,24.591
PR,ANAHY,74101,2829,922,1086,1049,1112,145,164,63,101,49.409
PR,LUPIONÓPOLIS,76694,4006,1260,1424,1657,1699,145,164,42,122,45.597
PR,MERCEDES,74560,4930,3174,3338,703,714,130,164,11,153,82.379
RO,CACAULÂNDIA,620,3886,2046,2210,723,692,138,164,-31,195,76.154
RS,JABOTICABA,84786,3375,1138,1302,1289,1309,151,164,20,144,49.866
RS,SÃO VALENTIM,88978,3085,1405,1569,987,995,116,164,8,156,61.193
SC,ARVOREDO,80802,2623,1069,1233,836,852,145,164,16,148,59.137
GO,PALESTINA DE GOIÁS,92460,3584,1450,1613,1139,1124,95,163,-15,178,58.933
MG,JOAQUIM FELÍCIO,47279,3792,854,1017,1310,1358,147,163,48,115,42.821
MS,JARAGUARI,90972,6053,1771,1934,1889,1835,288,163,-54,217,51.313
PE,FLORES,24112,16581,1402,1565,10174,10397,229,163,223,-60,13.083
PI,SIMÕES,12130,12555,1127,1290,7476,7719,316,163,243,-80,14.319
PR,QUINTA DO SOL,77992,4292,1514,1677,1614,1683,177,163,69,94,49.911
RN,ALEXANDRIA,16098,11892,1129,1292,7344,7312,329,163,-32,195,15.016
RN,SENADOR GEORGINO AVELINO,18619,3771,890,1053,2013,2057,140,163,44,119,33.859
SP,CAIUÁ,62839,3761,1101,1264,1583,1639,148,163,56,107,43.541
TO,SILVANÓPOLIS,96598,4862,1209,1372,2148,2049,145,163,-99,262,40.105
AL,MATA GRANDE,27995,18459,1814,1976,9432,9251,515,162,-181,343,17.6
BA,ITAMARI,36153,6126,1233,1395,3080,3124,193,162,44,118,30.87
MA,OLHO D ÁGUA DAS CUNHÃS,8478,0,2052,2214,8183,8566,395,162,383,-221,20.538
MA,TASSO FRAGOSO,9334,6866,1677,1839,3465,3492,199,162,27,135,34.496
MG,BOTUMIRIM,41696,5665,644,806,2740,2870,172,162,130,32,21.926
MG,ITAMARATI DE MINAS,46515,3895,937,1099,1709,1722,133,162,13,149,38.958
PB,JURIPIRANGA,20591,9851,1867,2029,5481,5598,242,162,117,45,26.603
PI,MORRO CABEÇA NO TEMPO,10880,4220,392,554,2225,2131,106,162,-94,256,20.633
SC,CELSO RAMOS,80268,2770,1071,1233,879,892,129,162,13,149,58.024
SP,ALFREDO MARCONDES,61158,3972,1752,1914,1159,1190,132,162,31,131,61.662
SP,MAGDA,66672,2799,1097,1259,877,912,122,162,35,127,57.992
BA,IBIRAPUÃ,35572,7528,2494,2655,2937,3028,157,161,91,70,46.718
MA,LAGOA GRANDE DO MARANHÃO,7846,10012,1355,1516,5530,5725,206,161,195,-34,20.936
MG,COMENDADOR GOMES,43370,2852,1068,1229,874,926,90,161,52,109,57.03
MG,GOIANÁ,42161,4506,1236,1397,1651,1752,182,161,101,60,44.363
PI,CABECEIRAS DO PIAUÍ,10120,9855,681,842,5938,5991,308,161,53,108,12.323
PI,NOSSA SENHORA DOS REMÉDIOS,11355,8649,1106,1267,5151,5058,203,161,-93,254,20.032
PR,MATO RICO,74527,3237,802,963,1536,1605,135,161,69,92,37.5
RN,SÃO TOMÉ,18554,9605,2924,3085,3977,4113,264,161,136,25,42.859
RS,ITACURUBI,85901,2724,847,1008,1042,1035,190,161,-7,168,49.339
RS,SAGRADA FAMÍLIA,87564,2283,706,867,955,937,136,161,-18,179,48.06
RS,TOROPI,88900,2749,1137,1298,862,862,157,161,0,161,60.093
SC,PASSOS MAIA,80624,3507,1067,1228,1415,1494,159,161,79,82,45.114
BA,ANTÔNIO CARDOSO,33332,12148,787,947,8080,8224,217,160,144,16,10.326
BA,PEDRO ALEXANDRE,37850,10168,885,1045,6044,6252,363,160,208,-48,14.321
BA,RIBEIRA DO AMPARO,38318,12502,1250,1410,7075,7211,326,160,136,24,16.355
CE,BANABUIÚ,13382,15712,1781,1941,9706,9632,569,160,-74,234,16.772
MG,CORONEL MURTA,43893,7326,1066,1226,3786,4007,167,160,221,-61,23.428
PA,SÃO JOÃO DE PIRABAS,4065,18817,3540,3700,9054,8820,824,160,-234,394,29.553
RS,VESPASIANO CORRÊA,88781,2495,1403,1563,297,308,113,160,11,149,83.538
BA,CRISTÓPOLIS,34932,12417,2066,2225,6615,6996,366,159,381,-222,24.13
GO,RIANÁPOLIS,95672,3948,1767,1926,967,1014,175,159,47,112,65.51
MG,IBITURUNA,45993,2599,784,943,949,1015,139,159,66,93,48.161
MG,ITUTINGA,46892,3564,907,1066,1716,1807,177,159,91,68,37.104
MG,MACHACALIS,47775,5818,1385,1544,2654,2828,138,159,174,-15,35.316
MG,PALMÓPOLIS,40525,6357,848,1007,2737,3008,206,159,271,-112,25.081
MG,SANTA ROSA DA SERRA,51934,3517,979,1138,1238,1240,94,159,2,157,47.855
MS,PARAÍSO DAS ÁGUAS,55050,4332,1905,2064,888,795,175,159,-93,252,72.193
PE,CORRENTES,23930,14608,1210,1369,7801,7901,271,159,100,59,14.768
RN,MONTANHAS,17531,9639,1366,1525,5307,5597,309,159,290,-131,21.413
RS,PROTÁSIO ALVES,85405,1940,1146,1305,280,310,124,159,30,129,80.805
RS,SÉRIO,87904,2073,726,885,736,741,164,159,5,154,54.428
SC,CHAPADÃO DO LAGEADO,81701,2709,1382,1541,701,723,102,159,22,137,68.065
SC,RIO RUFINO,80608,2423,1015,1174,698,696,136,159,-2,161,62.781
TO,MONTE DO CARMO,94692,5120,1128,1287,2206,2193,270,159,-13,172,36.983
BA,ITIRUÇU,36390,8971,1582,1740,4863,5074,254,158,211,-53,25.536
CE,MULUNGU,14834,9774,1435,1593,5192,5363,332,158,171,-13,22.901
GO,GOUVELÂNDIA,92266,4015,987,1145,1720,1717,153,158,-3,161,40.007
GO,HEITORAÍ,93874,4200,1450,1608,1371,1421,166,158,50,108,53.087
GO,VILA PROPÍCIO,93505,6036,1801,1959,1834,1881,200,158,47,111,51.016
MG,CONCEIÇÃO DA BARRA DE MINAS,43036,3682,1026,1184,1636,1760,179,158,124,34,40.217
MG,MARIPÁ DE MINAS,48038,3154,1049,1207,1113,1160,109,158,47,111,50.993
MG,SANTO ANTÔNIO DO RETIRO,41521,6694,1075,1233,2919,3109,199,158,190,-32,28.397
PR,ADRIANÓPOLIS,74039,5794,1379,1537,2414,2468,135,158,54,104,38.377
RS,ALEGRIA,85545,3219,1216,1374,1277,1306,167,158,29,129,51.269
RS,TIRADENTES DO SUL,87963,4725,1446,1604,1941,1934,171,158,-7,165,45.336
SC,ANITÁPOLIS,80217,3346,1495,1653,870,910,205,158,40,118,64.495
SC,SUL BRASIL,80446,2416,964,1122,924,971,152,158,47,111,53.607
BA,MALHADA,37052,13188,2601,2758,7190,7343,271,157,153,4,27.304
MG,EWBANK DA CÂMARA,44997,4505,953,1110,2228,2286,122,157,58,99,32.686
MG,PRESIDENTE JUSCELINO,50636,4081,708,865,1700,1790,129,157,90,67,32.58
MS,SELVÍRIA,98116,7251,1842,1999,2835,2718,261,157,-117,274,42.379
MT,NOVA BRASILÂNDIA,89818,3834,1156,1313,1346,1379,168,157,33,124,48.774
PR,PATO BRAGADO,74624,4513,2698,2855,792,825,173,157,33,124,77.582
RS,ESMERALDA,86452,2891,996,1153,948,950,115,157,2,155,54.826
RS,NOVA ALVORADA,86169,2808,1553,1710,623,629,92,157,6,151,73.108
RS,NOVA BRÉSCIA,87637,2811,1624,1781,483,515,144,157,32,125,77.57
RS,SILVEIRA MARTINS,84956,2156,912,1069,715,719,127,157,4,153,59.787
RS,VICTOR GRAEFF,89699,2534,1226,1383,696,693,134,157,-3,160,66.618
SC,PRESIDENTE NEREU,82775,2239,1100,1257,487,509,112,157,22,135,71.178
AL,FLEXEIRAS,27553,8545,2685,2841,3001,2795,315,156,-206,362,50.408
AL,PÃO DE AÇÚCAR,28274,18906,2810,2966,9991,9656,764,156,-335,491,23.499
BA,MORPARÁ,37338,7642,1343,1499,4139,4196,115,156,57,99,26.321
CE,PIQUET CARNEIRO,15199,12131,1251,1407,7778,8179,358,156,401,-245,14.678
GO,ISRAELÂNDIA,94013,2993,935,1091,1004,1016,127,156,12,144,51.78
MG,BRAÚNAS,41750,4395,1020,1176,1703,1827,135,156,124,32,39.161
MG,CATUJI,40100,8505,1114,1270,4024,4196,224,156,172,-16,23.235
MG,DATAS,44199,5151,678,834,2603,2774,168,156,171,-15,23.115
MG,DIOGO DE VASCONCELOS,44334,3866,524,680,2089,2178,134,156,89,67,23.793
MG,GONZAGA,45497,4589,987,1143,1716,1885,169,156,169,-13,37.748
MG,PRATINHA,50598,3317,1267,1423,785,853,142,156,68,88,62.522
MG,SANTANA DE CATAGUASES,51675,3387,1123,1279,1276,1414,144,156,138,18,47.494
MT,ARAGUAIANA,98639,3262,1036,1192,1117,1093,125,156,-24,180,52.166
PE,TUPANATINGA,26158,16657,1713,1869,9516,9787,336,156,271,-115,16.035
PR,SANTA LÚCIA,74764,3294,1273,1429,1121,1148,140,156,27,129,55.452
RN,PATU,17850,10007,1630,1786,5652,5793,349,156,141,15,23.565
RN,PUREZA,18074,8512,1311,1467,4479,4585,285,156,106,50,24.24
RO,NOVA UNIÃO,744,5344,2129,2285,1749,1754,148,156,5,151,56.573
RS,CORONEL BARROS,86622,2673,1240,1396,720,739,184,156,19,137,65.386
RS,PIRAPÓ,84778,2350,552,708,950,976,153,156,26,130,42.043
RS,SANTA CECÍLIA DO SUL,89247,1941,930,1086,466,478,107,156,12,144,69.437
SE,CEDRO DE SÃO JOÃO,31313,5361,1197,1353,2910,2910,167,156,0,156,31.738
TO,SÍTIO NOVO DO TOCANTINS,96130,8096,1740,1896,4127,4138,274,156,11,145,31.422
BA,MAIQUINIQUE,37010,7281,1929,2084,3295,3345,158,155,50,105,38.386
GO,CASTELÂNDIA,92967,4004,1147,1302,1391,1449,66,155,58,97,47.328
GO,DAMIANÓPOLIS,93351,4045,1203,1358,1199,1286,230,155,87,68,51.362
MG,AMPARO DO SERRA,40495,4540,710,865,2551,2658,143,155,107,48,24.553
MG,GALILÉIA,45454,5435,1677,1832,1824,1932,97,155,108,47,48.672
PB,PAULISTA,21199,11032,1824,1979,5536,5642,305,155,106,49,25.968
PR,ALTO PARAÍSO,74926,3275,1138,1293,935,908,107,155,-27,182,58.746
RN,BAÍA FORMOSA,16276,7430,1806,1961,3327,3471,276,155,144,11,36.101
RN,UMARIZAL,18872,8877,1143,1298,5270,5458,309,155,188,-33,19.213
RS,PEJUÇARA,87890,3110,1412,1567,1008,983,122,155,-25,180,61.451
SC,BELMONTE,80748,2399,1010,1165,752,766,149,155,14,141,60.331
SC,PONTE ALTA DO NORTE,80926,2641,969,1124,857,887,89,155,30,125,55.893
SP,ALTAIR,61174,2956,1172,1327,1008,1037,115,155,29,126,56.134
SP,ALTO ALEGRE,61212,3665,1719,1874,800,898,161,155,98,57,67.605
SP,ESPÍRITO SANTO DO TURVO,61140,3545,1189,1344,1190,1198,132,155,8,147,52.872
SP,IPORANGA,65250,3358,853,1008,1279,1345,123,155,66,89,42.839
GO,ALVORADA DO NORTE,92150,6807,2126,2280,2448,2494,270,154,46,108,47.759
MG,CASA GRANDE,42978,3021,956,1110,920,997,178,154,77,77,52.682
MG,LAMIM,47570,3524,580,734,1907,2059,129,154,152,2,26.28
MG,RIACHO DOS MACHADOS,50890,8040,1362,1516,3755,3878,195,154,123,31,28.105
MG,VIEIRAS,54291,4009,1140,1294,1720,1722,128,154,2,152,42.905
PB,AREIAL,19232,6612,1029,1183,3300,3502,282,154,202,-48,25.251
PB,SUMÉ,22276,14212,1885,2039,8323,8400,386,154,77,77,19.533
PR,FLOR DA SERRA DO SUL,74349,4381,1559,1713,1917,1934,153,154,17,137,46.97
PR,OURIZONA,77291,2845,905,1059,1178,1207,127,154,29,125,46.734
SE,CARIRA,31275,17112,3124,3278,9020,9276,670,154,256,-102,26.111
SP,INDIANA,65137,4066,1870,2024,1105,1191,154,154,86,68,62.955
GO,RIO QUENTE,92827,4436,1554,1707,1149,1138,206,153,-11,164,60.0
MG,PATROCÍNIO DO MURIAÉ,49638,5097,1554,1707,2186,2284,184,153,98,55,42.771
MG,PEDRAS DE MARIA DA CRUZ,40541,8136,1046,1199,3983,4075,147,153,92,61,22.734
MG,SANTA HELENA DE MINAS,41505,5384,814,967,2551,2859,135,153,308,-155,25.274
MG,SANTANA DO DESERTO,51713,3541,781,934,1692,1765,138,153,73,80,34.605
MG,VERÍSSIMO,54232,3226,815,968,1224,1270,120,153,46,107,43.253
MS,RIO NEGRO,91456,4182,1399,1552,1338,1340,208,153,2,151,53.665
MS,SANTA RITA DO PARDO,91863,5541,1721,1874,1613,1619,279,153,6,147,53.65
PR,CAMPO BONITO,74780,3698,1219,1372,1489,1524,144,153,35,118,47.376
PR,FÊNIX,75515,3859,1347,1500,1455,1537,185,153,82,71,49.391
PR,TAPIRA,79731,4690,1873,2026,1576,1646,169,153,70,83,55.174
RN,RIACHUELO,18155,6926,1288,1441,3667,3750,206,153,83,70,27.76
RS,PINHEIRINHO DO VALE,87408,3809,1416,1569,1439,1421,173,153,-18,171,52.475
RS,RELVADO,85766,2192,1017,1170,425,471,127,153,46,107,71.298
SP,PARANAPUÃ,68195,3384,1421,1574,1133,1182,152,153,49,104,57.112
BA,MAETINGA,39756,6764,786,938,3395,3578,245,152,183,-31,20.771
BA,SÍTIO DO QUINTO,39900,9949,1075,1227,5885,6172,298,152,287,-135,16.583
MA,PARAIBANO,8532,14998,1588,1740,8551,8950,269,152,399,-247,16.277
MT,JANGADA,90565,7474,1963,2115,3230,2991,224,152,-239,391,41.422
PR,ALTAMIRA DO PARANÁ,84557,3449,995,1147,1391,1407,166,152,16,136,44.91
PR,ESPIGÃO ALTO DO IGUAÇU,75329,4421,1795,1947,1278,1294,128,152,16,136,60.074
PR,HONÓRIO SERPA,74365,4368,1284,1436,2060,2034,117,152,-26,178,41.383
PR,LIDIANÓPOLIS,74489,3462,1487,1639,939,1040,125,152,101,51,61.18
PR,NOVA AMÉRICA DA COLINA,77178,3357,1223,1375,1184,1154,136,152,-30,182,54.369
RN,POÇO BRANCO,18015,11678,1506,1658,6922,7098,348,152,176,-24,18.936
RN,SERRA DE SÃO BENTO,18635,6199,1032,1184,2991,3079,217,152,88,64,27.774
SP,SÃO JOSÉ DO BARREIRO,70939,3584,1056,1208,1572,1643,185,152,71,81,42.371
SP,UBIRAJARA,72117,3996,1617,1769,1303,1340,108,152,37,115,56.899
AL,CAJUEIRO,27251,14489,2840,2991,6482,6416,593,151,-66,217,31.795
BA,BIRITINGA,33715,13280,1017,1168,7882,8156,305,151,274,-123,12.527
BA,DOM MACEDO COSTA,35033,4870,823,974,2505,2526,134,151,21,130,27.829
BA,POTIRAGUÁ,38091,7886,1902,2053,3628,3648,188,151,20,131,36.011
GO,FORMOSO,93637,4725,1456,1607,1758,1799,158,151,41,110,47.181
GO,MAIRIPOTABA,94471,3496,1000,1151,916,885,131,151,-31,182,56.532
GO,PROFESSOR JAMIL,93041,3604,956,1107,1195,1235,155,151,40,111,47.267
MS,ALCINÓPOLIS,55018,3812,1123,1274,1306,1320,186,151,14,137,49.113
MT,UNIÃO DO SUL,90840,3635,1416,1567,741,695,63,151,-46,197,69.275
PA,GURUPÁ,4618,24594,4414,4565,12035,11516,819,151,-519,670,28.388
RS,SALDANHA MARINHO,85561,2533,1275,1426,825,837,157,151,12,139,63.014
SC,CUNHATAÍ,81620,1868,877,1028,452,481,165,151,29,122,68.125
SC,SANTA HELENA,80721,2211,917,1068,797,830,172,151,33,118,56.27
SP,LAVÍNIA,66311,3889,1421,1572,1293,1355,159,151,62,89,53.707
SP,MOTUCA,61069,3383,1157,1308,1319,1367,171,151,48,103,48.897
SP,PEDRINHAS PAULISTA,61247,2733,1276,1427,694,719,146,151,25,126,66.496
BA,CAPELA DO ALTO ALEGRE,30813,9798,1527,1677,5117,5318,337,150,201,-51,23.974
BA,IBIPITANGA,35513,13147,2025,2175,6784,6981,311,150,197,-47,23.755
GO,MOIPORÁ,94650,2517,923,1073,670,647,108,150,-23,173,62.384
MG,SÃO SEBASTIÃO DO RIO VERDE,52973,2163,886,1036,595,654,137,150,59,91,61.302
PE,IBIMIRIM,24317,21782,1474,1624,13032,12969,243,150,-63,213,11.129
PE,QUIPAPÁ,25291,15475,1817,1967,8622,8821,276,150,199,-49,18.233
PE,SANTA CRUZ DA BAIXA VERDE,23043,9930,918,1068,6064,6151,174,150,87,63,14.794
RS,DONA FRANCISCA,86312,3068,1166,1316,1066,1092,191,150,26,124,54.651
RS,MORMAÇO,87106,2767,1129,1279,917,897,132,150,-20,170,58.778
RS,NOVA RAMADA,88560,2039,903,1053,636,658,132,150,22,128,61.543
SC,PAINEL,81264,2599,937,1087,827,870,177,150,43,107,55.544
SP,GAVIÃO PEIXOTO,62308,4169,1142,1292,1700,1765,218,150,65,85,42.264
BA,ITAGUAÇU DA BAHIA,36080,10854,1072,1221,6766,6826,170,149,60,89,15.173
BA,VÁRZEA DO POÇO,39616,7321,1152,1301,3717,3800,241,149,83,66,25.505
BA,ÁGUA FRIA,33073,13443,1461,1610,7125,7361,397,149,236,-87,17.947
MA,POÇÃO DE PEDRAS,8753,14842,2643,2792,7826,8083,392,149,257,-108,25.674
MA,VILA NOVA DOS MARTÍRIOS,8621,8930,2058,2207,3864,3794,257,149,-70,219,36.777
MG,GOIABEIRA,42145,3104,1138,1287,903,970,85,149,67,82,57.023
PB,COREMAS,19976,12951,1788,1937,6736,6917,322,149,181,-32,21.877
RS,ERNESTINA,85022,2932,1149,1298,1030,1042,162,149,12,137,55.47
RS,NOVO MACHADO,87289,3087,1544,1693,941,938,118,149,-3,152,64.348
RS,ÁUREA,84735,3222,1485,1634,1014,1084,159,149,70,79,60.118
SP,CÁSSIA DOS COQUEIROS,63193,2675,909,1058,855,944,130,149,89,60,52.847
SP,MURUTINGA DO SUL,67431,3345,1503,1652,964,1014,115,149,50,99,61.965
MA,ALTO ALEGRE DO PINDARÉ,7048,20276,2385,2533,12209,12460,406,148,251,-103,16.895
MA,ANAJATUBA,7137,20603,2104,2252,11650,11941,447,148,291,-143,15.867
MG,QUARTEL GERAL,50733,3761,901,1049,1497,1499,168,148,2,146,41.17
MG,SÃO JOSÉ DA SAFIRA,52590,4194,894,1042,1576,1610,112,148,34,114,39.291
RS,CHUÍ,88846,4891,920,1068,1989,1973,211,148,-16,164,35.12
RS,MULITERNO,87165,2245,723,871,801,809,128,148,8,140,51.845
AL,POÇO DAS TRINCHEIRAS,28436,11270,880,1027,6285,6302,448,147,17,130,14.013
BA,GUARATINGA,35351,15747,2958,3105,7396,7618,398,147,222,-75,28.956
GO,AURILÂNDIA,92517,3303,957,1104,1287,1337,103,147,50,97,45.227
MG,ALVARENGA,40436,4527,1369,1516,1823,1862,97,147,39,108,44.879
MG,TAPARUBA,42420,4090,990,1137,1587,1636,110,147,49,98,41.003
MT,RIO BRANCO,89958,3902,1523,1670,1211,1248,147,147,37,110,57.231
PE,POÇÃO,25232,10344,987,1134,6160,6232,184,147,72,75,15.395
PE,SÃO JOSÉ DA COROA GRANDE,25674,17814,4567,4714,6724,6524,278,147,-200,347,41.947
PI,SANTANA DO PIAUÍ,10480,4235,442,589,2671,2720,122,147,49,98,17.8
PR,CAMPINA DO SIMÃO,75183,3733,859,1006,1750,1759,130,147,9,138,36.383
RS,NOVA PÁDUA,87220,2413,1672,1819,206,225,81,147,19,128,88.992
RS,PINHAL DA SERRA,89362,2593,901,1048,773,822,159,147,49,98,56.043
SC,SÃO CRISTÓVÃO DO SUL,80942,3554,1360,1507,1139,1082,119,147,-57,204,58.208
SP,ANHUMAS,61476,3322,1400,1547,1019,1051,123,147,32,115,59.546
AL,COQUEIRO SECO,27430,5564,1300,1446,2367,2270,248,146,-97,243,38.913
BA,MILAGRES,37273,8855,1517,1663,5078,5062,159,146,-16,162,24.729
BA,ÉRICO CARDOSO,33090,8511,1029,1175,4619,4915,225,146,296,-150,19.294
MA,LAJEADO NOVO,7862,6699,1800,1946,2829,2876,195,146,47,99,40.357
MG,RIBEIRÃO VERMELHO,50938,3464,917,1063,1445,1559,196,146,114,32,40.542
MG,VEREDINHA,42544,5300,818,964,2517,2692,159,146,175,-29,26.368
MS,JUTI,91820,5990,1793,1939,2084,2016,133,146,-68,214,49.027
MT,NOVA LACERDA,90867,4971,1760,1906,1144,1137,116,146,-7,153,62.636
PI,SÃO FÉLIX DO PIAUÍ,11916,3989,566,712,2163,1953,184,146,-210,356,26.717
RS,COXILHA,86649,2868,1123,1269,1009,983,91,146,-26,172,56.35
RS,UNISTALDA,88480,2697,956,1102,972,923,127,146,-49,195,54.42
SP,AVAÍ,61859,4185,1354,1500,1485,1527,172,146,42,104,49.554
SP,NOVAIS,61409,3921,1563,1709,1064,1080,109,146,16,130,61.276
GO,DIORAMA,93432,2506,950,1095,684,729,155,145,45,100,60.033
MA,MIRANDA DO NORTE,9695,17052,2711,2856,8884,8836,464,145,-48,193,24.427
MA,PASTOS BONS,8591,15244,2011,2156,8569,8976,263,145,407,-262,19.368
MG,LEME DO PRADO,40967,4425,620,765,1980,2083,151,145,103,42,26.861
MG,SÃO JOSÉ DO MANTIMENTO,52710,3079,774,919,1274,1329,74,145,55,90,40.881
MG,VIRGOLÂNDIA,54399,4625,688,833,2094,2245,174,145,151,-6,27.063
PI,SÃO JOÃO DO PIAUÍ,11991,15186,2075,2220,9220,9359,459,145,139,6,19.173
RN,FLORÂNIA,16756,8443,1428,1573,4771,4871,302,145,100,45,24.41
RN,RAFAEL GODEIRO,18937,3707,958,1103,1767,1714,137,145,-53,198,39.155
RN,SÃO JOSÉ DO SERIDÓ,18457,4528,714,859,2689,2791,196,145,102,43,23.534
SE,ROSÁRIO DO CATETE,32212,9003,1399,1544,4579,4808,411,145,229,-84,24.307
AM,URUCARÁ,2852,12755,1764,1908,6686,6317,322,144,-369,513,23.198
GO,URUTAÍ,96377,3966,1112,1256,1295,1312,193,144,17,127,48.91
MA,BACABEIRA,7129,16106,2033,2177,8952,9141,441,144,189,-45,19.235
MA,FORTUNA,7811,13074,1493,1637,7247,7475,335,144,228,-84,17.965
MG,JUVENÍLIA,40940,5582,1049,1193,2438,2526,130,144,88,56,32.079
PR,SANTO INÁCIO,78654,4804,1688,1832,1875,1862,147,144,-13,157,49.594
RO,PRIMAVERA DE RONDÔNIA,728,3032,1486,1630,581,559,113,144,-22,166,74.463
RS,SANTA MARGARIDA DO SUL,89443,2840,889,1033,1026,1031,178,144,5,139,50.048
SC,BRUNÓPOLIS,81787,2907,1092,1236,1010,1022,129,144,12,132,54.739
SE,GARARU,31496,9614,996,1140,5852,6050,305,144,198,-54,15.855
SP,RIBEIRÃO DO SUL,69655,3932,1452,1596,1452,1509,133,144,57,87,51.401
SP,SALMOURÃO,70033,3879,1602,1746,1234,1248,141,144,14,130,58.317
TO,APARECIDA DO RIO NEGRO,96970,4695,1293,1437,1780,1775,128,144,-5,149,44.738
AL,SANTANA DO MUNDAÚ,28614,9426,1295,1438,4696,4843,327,143,147,-4,22.894
BA,BOQUIRA,33812,16714,879,1022,10579,11154,263,143,575,-432,8.394
PI,AVELINO LOPES,10219,9598,1392,1535,5165,5290,370,143,125,18,22.491
PR,CONSELHEIRO MAIRINCK,75191,3226,1053,1196,1086,1130,138,143,44,99,51.419
PR,ÂNGULO,74128,2816,1294,1437,713,729,123,143,16,127,66.343
RS,MARIANO MORO,87416,2218,764,907,847,866,124,143,19,124,51.156
SP,PLANALTO,68934,3964,1463,1606,1432,1472,104,143,40,103,52.177
TO,NOVA ROSALÂNDIA,92401,2882,1031,1174,1014,952,105,143,-62,205,55.221
AM,JUTAÍ,2496,16085,2080,2222,6454,6872,591,142,418,-276,24.434
AM,NOVA OLINDA DO NORTE,2658,20022,2531,2673,10813,10114,616,142,-699,841,20.904
GO,MONTE ALEGRE DE GOIÁS,94676,5634,1047,1189,2692,2659,215,142,-33,175,30.899
MA,ALTO PARNAÍBA,7099,8168,1653,1795,4010,4147,209,142,137,5,30.209
MA,JOSELÂNDIA,8117,12562,1794,1936,7018,7196,274,142,178,-36,21.2
MG,CUPARAQUE,41980,3958,1564,1706,1083,1100,95,142,17,125,60.798
MG,QUELUZITO,50750,2784,754,896,1057,1123,171,142,66,76,44.378
PB,SÃO JOSÉ DE PRINCESA,19445,3249,229,371,2131,2044,85,142,-87,229,15.362
PI,GUADALUPE,10898,8738,1064,1206,4828,4943,247,142,115,27,19.613
RO,TEIXEIRÓPOLIS,752,3924,1746,1888,1106,1100,105,142,-6,148,63.186
RS,EUGÊNIO DE CASTRO,85448,2557,1039,1181,767,790,129,142,23,119,59.919
RS,TIO HUGO,89508,2711,1099,1241,860,879,162,142,19,123,58.538
TO,MARIANÓPOLIS DO TOCANTINS,92304,3797,1067,1209,1444,1414,88,142,-30,172,46.092
BA,BREJOLÂNDIA,33871,8477,1442,1583,4217,4290,238,141,73,68,26.954
BA,SANTA BRÍGIDA,38539,11963,1050,1191,7219,7389,282,141,170,-29,13.881
MA,BREJO,7390,26011,3355,3496,14561,14751,563,141,190,-49,19.159
MA,BREJO DE AREIA,7307,8486,1117,1258,3928,4162,213,141,234,-93,23.21
MA,LORETO,8214,8591,1267,1408,4751,4891,219,141,140,1,22.353
MG,COMERCINHO,43397,6705,805,946,3386,3594,182,141,208,-67,20.837
MG,JURAMENTO,47350,4677,930,1071,2366,2434,152,141,68,73,30.556
MS,NOVO HORIZONTE DO SUL,55042,3613,1275,1416,1431,1429,185,141,-2,143,49.772
PA,ANAJÁS,4138,22723,6827,6968,7161,7201,1291,141,40,101,49.178
PI,NAZÁRIA,12726,11573,1537,1678,7137,7156,327,141,19,122,18.995
RN,SENADOR ELÓI DE SOUZA,18597,5763,1079,1220,3123,3210,165,141,87,54,27.54
TO,CRISTALÂNDIA,93238,5575,1724,1865,2295,2213,195,141,-82,223,45.733
BA,MALHADA DE PEDRAS,37079,7911,1422,1562,4332,4502,185,140,170,-30,25.759
MA,ANAPURUS,7153,14156,1926,2066,8398,8630,368,140,232,-92,19.316
MG,CATUTI,41866,4596,707,847,2221,2369,164,140,148,-8,26.337
MG,NOVA BELÉM,41149,3554,1007,1147,1347,1439,88,140,92,48,44.354
MG,SENADOR JOSÉ BENTO,53155,2485,894,1034,685,713,97,140,28,112,59.187
MG,SÃO FÉLIX DE MINAS,41564,3816,981,1121,1226,1266,85,140,40,100,46.963
MS,DOURADINA,98051,4924,2222,2362,1553,1552,170,140,-1,141,60.347
PB,PEDRO RÉGIS,19747,5743,828,968,2641,2784,210,140,143,-3,25.8
RN,SÃO JOÃO DO SABUGI,18392,5346,870,1010,3157,3276,251,140,119,21,23.565
RN,SÃO VICENTE,18570,5402,1020,1160,2788,2913,174,140,125,15,28.48
RS,SANTO ANTÔNIO DO PLANALTO,87661,2168,1098,1238,486,504,154,140,18,122,71.068
SC,ALTO BELA VISTA,81302,1769,847,987,474,502,130,140,28,112,66.286
SC,SALTINHO,81523,3279,871,1011,1581,1582,115,140,1,139,38.99
SP,CAIABU,62790,3334,1227,1367,1251,1338,174,140,87,53,50.536
TO,ALMAS,92070,5603,1108,1248,2546,2534,185,140,-12,152,32.998
BA,PIRIPÁ,37958,9005,1130,1269,4667,4807,314,139,140,-1,20.885
MG,GUARARÁ,45691,3685,1042,1181,1425,1512,167,139,87,52,43.854
MG,SÃO FRANCISCO DE SALES,52256,4630,1284,1423,2125,2206,109,139,81,58,39.212
MT,CURVELÂNDIA,89800,4405,1934,2073,1203,1219,125,139,16,123,62.971
PR,DIAMANTE D OESTE,75400,0,1066,1205,1718,1750,149,139,32,107,40.778
PR,NOSSA SENHORA DAS GRAÇAS,77135,3174,917,1056,1390,1433,121,139,43,96,42.427
PR,PITANGUEIRAS,74667,2624,1173,1312,705,750,96,139,45,94,63.628
PR,SULINA,75787,2948,983,1122,1191,1214,126,139,23,116,48.031
SP,MARAPOAMA,61867,2797,1472,1611,491,504,97,139,13,126,76.17
SP,SÃO FRANCISCO,70815,2507,900,1039,781,831,123,139,50,89,55.561
TO,BABAÇULÂNDIA,92592,6645,1461,1600,3419,3404,227,139,-15,154,31.974
BA,ANDORINHA,33260,13514,825,963,8676,8929,214,138,253,-115,9.735
BA,SANTA LUZIA,39870,9055,1708,1846,4055,4059,232,138,4,134,31.262
CE,MIRAÍMA,14680,12206,1149,1287,7647,7875,515,138,228,-90,14.047
MG,SANTA RITA DE JACUTINGA,51853,4366,1110,1248,2006,2129,162,138,123,15,36.956
MG,SANTANA DOS MONTES,51810,3862,952,1090,1685,1804,185,138,119,19,37.664
MS,JATEÍ,91014,4351,1527,1665,1537,1551,239,138,14,124,51.772
MT,BOM JESUS DO ARAGUAIA,90905,5658,1960,2098,1328,1272,115,138,-56,194,62.255
PB,SÃO JOÃO DO RIO DO PEIXE,19135,14605,1697,1835,8822,9107,440,138,285,-147,16.77
RS,NOVO BARREIRO,87262,3803,1333,1471,1591,1595,104,138,4,134,47.978
SC,SANTA TEREZINHA DO PROGRESSO,81507,2454,685,823,1016,1103,141,138,87,51,42.731
SP,PRESIDENTE ALVES,69230,3403,1375,1513,978,1040,187,138,62,76,59.264
BA,JANDAÍRA,36595,9097,902,1039,5061,5066,199,137,5,132,17.019
BA,TANQUINHO,39217,7726,1087,1224,4621,4627,177,137,6,131,20.92
CE,AIUABA,13072,11480,824,961,7010,7398,472,137,388,-251,11.497
CE,PACUJÁ,14990,6709,441,578,3788,4028,446,137,240,-103,12.549
MA,FEIRA NOVA DO MARANHÃO,7528,6418,1464,1601,3120,3239,221,137,119,18,33.079
MT,NOVA MARINGÁ,90123,4629,2012,2149,875,868,50,137,-7,144,71.23
PB,NATUBA,20990,6850,1059,1196,3498,3651,266,137,153,-16,24.675
PI,SÃO FRANCISCO DO PIAUÍ,11932,6234,1090,1227,3104,3074,165,137,-30,167,28.528
RS,ALMIRANTE TAMANDARÉ DO SUL,89001,1983,857,994,619,622,129,137,3,134,61.51
RS,ARROIO DO PADRE,89028,2783,1785,1922,375,389,141,137,14,123,83.167
RS,VALE VERDE,88668,3296,1063,1200,1157,1181,183,137,24,113,50.399
BA,GLÓRIA,35270,13043,1004,1140,8601,8843,211,136,242,-106,11.419
BA,MACAJUBA,36935,10086,1375,1511,5138,5268,255,136,130,6,22.289
MA,NOVA COLINAS,7986,4516,712,848,2482,2564,159,136,82,54,24.853
MG,CARVALHÓPOLIS,42935,3410,1344,1480,1094,1139,88,136,45,91,56.51
MG,CORONEL PACHECO,43915,3075,820,956,1247,1327,137,136,80,56,41.875
PR,SANTA CECÍLIA DO PAVÃO,78417,3123,1112,1248,1085,1109,152,136,24,112,52.949
RN,VÁRZEA,18910,5615,1202,1338,2540,2523,159,136,-17,153,34.654
RS,DEZESSEIS DE NOVEMBRO,85049,2624,750,886,1082,1105,158,136,23,113,44.5
RS,VANINI,84913,2024,972,1108,545,560,111,136,15,121,66.427
SC,IPUAÇU,80829,5711,1363,1499,2884,3010,190,136,126,10,33.245
SP,PRATÂNIA,62146,4725,1794,1930,1469,1524,161,136,55,81,55.877
TO,ITACAJÁ,94056,5486,1367,1503,2666,2655,189,136,-11,147,36.147
TO,SÃO MIGUEL DO TOCANTINS,73180,9849,2091,2227,4089,4074,241,136,-15,151,35.344
BA,NOVA ITARANA,37575,6609,976,1111,3576,3700,148,135,124,11,23.093
GO,APARECIDA DO RIO DOCE,93009,3443,956,1091,1049,1077,94,135,28,107,50.323
GO,CAMPESTRE DE GOIÁS,92916,4044,1322,1457,1310,1335,163,135,25,110,52.185
GO,FAINA,92223,6632,1838,1973,2544,2606,242,135,62,73,43.088
MG,BONITO DE MINAS,41742,8637,815,950,4342,4523,237,135,181,-46,17.358
MG,FRANCISCÓPOLIS,40223,5009,819,954,2233,2352,127,135,119,16,28.857
MT,ACORIZAL,90018,7340,2220,2355,2986,2838,203,135,-148,283,45.35
PB,SÃO MAMEDE,21997,7139,1276,1411,3752,3859,289,135,107,28,26.774
PI,BOCAINA,10359,5643,807,942,3438,3307,163,135,-131,266,22.17
RS,SALVADOR DAS MISSÕES,87580,2751,1231,1366,842,856,127,135,14,121,61.476
SC,VARGEÃO,83755,3001,1203,1338,1110,1130,124,135,20,115,54.214
SE,MACAMBIRA,31739,6863,1295,1430,3477,3669,262,135,192,-57,28.045
SP,SAGRES,69957,2097,673,808,734,744,121,135,10,125,52.062
AL,SENADOR RUI PALMEIRA,28916,9697,867,1001,5175,5282,426,134,107,27,15.932
BA,SANTANÓPOLIS,38679,9616,974,1108,5558,5623,232,134,65,69,16.461
MA,MIRADOR,8338,16432,1916,2050,9566,9859,241,134,293,-159,17.214
MG,JOSÉ RAYDAN,42323,4384,826,960,1650,1767,125,134,117,17,35.204
MG,MARMELÓPOLIS,48070,3077,1005,1139,1019,1147,190,134,128,6,49.825
PB,SANTA TERESINHA,21776,5786,938,1072,3189,3293,213,134,104,30,24.559
RN,JAÇANÃ,16977,6343,964,1098,3478,3632,225,134,154,-20,23.214
RS,BOZANO,89087,2632,1189,1323,702,702,106,134,0,134,65.333
RS,LAGOA BONITA DO SUL,89281,2317,760,894,996,985,90,134,-11,145,47.578
SP,MONÇÕES,67210,2124,806,940,576,610,127,134,34,100,60.645
SP,NOVA INDEPENDÊNCIA,67652,3489,1238,1372,1145,1150,115,134,5,129,54.401
TO,NATIVIDADE,94811,6851,1731,1865,2943,2928,265,134,-15,149,38.911
BA,VEREDA,39640,6727,1353,1486,3198,3312,176,133,114,19,30.971
CE,POTENGI,15253,8120,443,576,5108,5263,283,133,155,-22,9.865
GO,CÓRREGO DO OURO,93157,3119,1511,1644,636,689,141,133,53,80,70.467
MA,CARUTAPERA,7552,19183,3361,3494,9630,9608,569,133,-22,155,26.668
MA,GOVERNADOR EUGÊNIO BARROS,7897,10717,1396,1529,6449,6687,230,133,238,-105,18.61
MA,IGARAPÉ GRANDE,8010,8513,2098,2231,4204,4292,281,133,88,45,34.202
MG,CAJURI,42030,4779,860,993,2503,2640,131,133,137,-4,27.333
MG,ROMARIA,51276,3435,806,939,1592,1634,107,133,42,91,36.494
MG,SANTA EFIGÊNIA DE MINAS,51497,3997,708,841,1554,1737,116,133,183,-50,32.622
MT,FIGUEIRÓPOLIS D OESTE,99031,0,1512,1645,493,539,81,133,46,87,75.321
PB,CUITEGI,20052,6103,839,972,3143,3309,215,133,166,-33,22.705
PB,DONA INÊS,20150,9304,816,949,5653,5719,184,133,66,67,14.232
PI,BOA HORA,10669,6903,769,902,3817,3877,229,133,60,73,18.874
RS,VISTA ALEGRE DO PRATA,85863,1662,880,1013,279,342,134,133,63,70,74.76
SC,BARRA BONITA,81760,1857,679,812,636,661,103,133,25,108,55.126
SC,NOVO HORIZONTE,80764,2571,1088,1221,910,895,87,133,-15,148,57.703
SP,LUPÉRCIO,66575,3317,1229,1362,1193,1205,132,133,12,121,53.058
SP,NOVA LUZITÂNIA,67679,2640,872,1005,1092,1065,120,133,-27,160,48.551
SP,SANTA RITA D OESTE,70491,0,929,1062,746,802,146,133,56,77,56.974
BA,CAATIBA,33952,5865,1221,1353,2950,3047,219,132,97,35,30.75
BA,MANOEL VITORINO,37095,13217,1392,1524,7707,7951,376,132,244,-112,16.084
MA,PAULINO NEVES,8044,15098,1625,1757,8834,8867,491,132,33,99,16.538
MG,CANTAGALO,41823,3857,563,695,1741,1859,129,132,118,14,27.212
PR,GUAPIRAMA,75752,4068,1440,1572,1338,1370,138,132,32,100,53.433
RS,SANTO EXPEDITO DO SUL,87688,2248,1012,1144,702,705,90,132,3,129,61.871
RS,SÃO PEDRO DO BUTIÁ,87823,2667,1202,1334,816,825,129,132,9,123,61.788
RS,TUNAS,84840,3350,864,996,1703,1690,119,132,-13,145,37.081
AL,CAPELA,27332,12914,3392,3523,5477,5228,564,131,-249,380,40.258
BA,BARRO PRETO,33650,5801,959,1090,3067,3085,215,131,18,113,26.108
BA,PRESIDENTE JÂNIO QUADROS,38156,10692,1107,1238,5966,6308,257,131,342,-211,16.406
CE,ABAIARA,13013,7779,594,725,4870,5025,212,131,155,-24,12.609
GO,SANTA FÉ DE GOIÁS,92568,4213,1466,1597,1367,1394,141,131,27,104,53.394
MG,JORDÂNIA,47295,7758,1694,1825,3128,3372,193,131,244,-113,35.116
PB,MONTADAS,20915,5376,934,1065,2679,2808,185,131,129,2,27.498
RS,PAULO BENTO,89346,2282,1050,1181,564,610,149,131,46,85,65.941
SE,RIACHUELO,32174,8236,1396,1527,4501,4568,254,131,67,64,25.053
AL,CACIMBINHAS,27235,8783,1310,1440,4189,4147,431,130,-42,172,25.774
GO,VILA BOA,93289,4030,805,935,1724,1721,163,130,-3,133,35.203
MA,BEQUIMÃO,7374,18715,2095,2225,10841,11047,567,130,206,-76,16.765
MG,SANTO ANTÔNIO DO RIO ABAIXO,52094,2403,436,566,886,962,79,130,76,54,37.042
MG,VERDELÂNDIA,42528,6982,1083,1213,3399,3498,136,130,99,31,25.748
PB,ITATUBA,20451,9126,1505,1635,4743,4883,234,130,140,-10,25.084
PE,MIRANDIBA,24856,11993,1426,1556,6891,6904,167,130,13,117,18.392
PR,BOM SUCESSO DO SUL,74160,3023,1428,1558,914,901,98,130,-13,143,63.359
PR,SANTO ANTONIO DO CAIUÁ,78611,0,618,748,1072,1133,103,130,61,69,39.766
RS,CRISTAL DO SUL,88528,2666,795,925,1126,1137,135,130,11,119,44.859
RS,MUITOS CAPÕES,88544,2854,1332,1462,647,641,112,130,-6,136,69.52
SP,CÂNDIDO RODRIGUES,63037,2858,1162,1292,608,636,116,130,28,102,67.012
SP,PONTALINDA,61808,3156,1062,1192,1192,1247,104,130,55,75,48.872
TO,PONTE ALTA DO TOCANTINS,95532,5652,1786,1916,2104,2091,193,130,-13,143,47.816
CE,GUARAMIRANGA,14036,6647,875,1004,3579,3714,308,129,135,-6,21.28
GO,MATRINCHÃ,92320,3957,1266,1395,1433,1471,168,129,38,91,48.674
MG,INGAÍ,46159,2821,718,847,1148,1209,146,129,61,68,41.196
MG,TAPIRAÍ,53635,1976,583,712,771,768,88,129,-3,132,48.108
PR,CRUZEIRO DO IGUAÇU,74241,3631,1194,1323,1598,1543,119,129,-55,184,46.162
RS,BARRA DO QUARAÍ,88625,3357,871,1000,1299,1220,105,129,-79,208,45.045
RS,PONTE PRETA,87440,1829,891,1020,464,505,167,129,41,88,66.885
RS,SÃO MARTINHO DA SERRA,87785,3160,1275,1404,927,986,148,129,59,70,58.745
SP,BURITIZAL,62650,4133,1895,2024,844,917,133,129,73,56,68.82
TO,PEIXE,95273,7306,1635,1764,3477,3454,204,129,-23,152,33.806
BA,RIBEIRÃO DO LARGO,38342,8816,1280,1408,4371,4482,218,128,111,17,23.905
CE,JATI,14451,7124,651,779,4221,4442,287,128,221,-93,14.921
MA,ÁGUA DOCE DO MARANHÃO,7005,11543,1168,1296,6530,6618,268,128,88,40,16.376
MG,ARAÇAÍ,40630,2834,657,785,1048,1099,165,128,51,77,41.667
MT,ALTO BOA VISTA,90042,4146,2047,2175,716,717,100,128,1,127,75.207
PB,MULUNGU,20974,9112,1480,1608,5197,5309,366,128,112,16,23.247
RS,BOA VISTA DO CADEADO,89044,2070,1010,1138,554,558,115,128,4,124,67.099
SE,MALHADOR,31771,10450,1867,1995,5660,5833,347,128,173,-45,25.485
MG,GAMELEIRAS,42102,4726,941,1068,2249,2348,120,127,99,28,31.265
MG,MARILAC,48011,4695,885,1012,1924,1977,103,127,53,74,33.857
MG,SÃO GONÇALO DO RIO PRETO,45098,3143,339,466,1480,1613,121,127,133,-6,22.415
MG,SÃO SEBASTIÃO DA VARGEM ALEGRE,42340,3045,837,964,1216,1302,121,127,86,41,42.542
PE,IATI,24295,16340,1312,1439,8795,9037,275,127,242,-115,13.736
PI,MASSAPÊ DO PIAUÍ,12467,6473,288,415,3945,4107,262,127,162,-35,9.177
RS,SENADOR SALGADO FILHO,88765,2671,1478,1605,584,633,165,127,49,78,71.716
SP,IARAS,61085,4366,1252,1379,1589,1596,150,127,7,120,46.353
AL,CANAPI,27316,14836,1239,1365,7512,7473,453,126,-39,165,15.445
BA,SANTA INÊS,38598,8265,770,896,4772,4930,175,126,158,-32,15.379
GO,ARENÓPOLIS,96717,3630,1165,1291,1265,1233,136,126,-32,158,51.149
GO,SANTA CRUZ DE GOIÁS,95796,3512,1151,1277,1098,1107,178,126,9,117,53.565
MA,BOM LUGAR,7285,11483,1828,1954,6592,6571,164,126,-21,147,22.921
MG,ALVORADA DE MINAS,40479,4954,598,724,2159,2284,141,126,125,1,24.069
MG,PADRE CARVALHO,41262,5100,776,902,2098,2205,87,126,107,19,29.031
MG,PATIS,41300,5252,610,736,2976,2958,130,126,-18,144,19.924
MG,URUANA DE MINAS,42463,3692,1068,1194,1268,1316,112,126,48,78,47.57
MT,CONQUISTA D OESTE,91006,0,1442,1568,590,581,68,126,-9,135,72.964
PE,MANARI,23248,14259,852,978,8167,8230,176,126,63,63,10.621
PI,SUSSUAPARA,12513,6751,697,823,4247,4398,179,126,151,-25,15.763
PR,IRACEMA DO OESTE,74403,2429,826,952,923,916,77,126,-7,133,50.964
RS,MATO QUEIMADO,89303,1620,576,702,609,611,108,126,2,124,53.465
RS,SANTO ANTÔNIO DO PALMA,87645,2081,746,872,740,730,107,126,-10,136,54.432
RS,SÃO VALENTIM DO SUL,87840,2229,1261,1387,385,436,104,126,51,75,76.083
SP,JUMIRIM,62324,2458,1059,1185,598,613,117,126,15,111,65.907
SP,ÁLVARO DE CARVALHO,61271,2760,968,1094,1002,1017,107,126,15,111,51.824
GO,PANAMÁ,95176,3038,834,959,901,983,141,125,82,43,49.382
MA,LAGO VERDE,8176,12217,1390,1515,7427,7534,212,125,107,18,16.742
MG,DOM VIÇOSO,44555,3159,1099,1224,1039,1111,146,125,72,53,52.42
MG,FREI GASPAR,45357,5975,1052,1177,2475,2587,107,125,112,13,31.27
MG,JENIPAPO DE MINAS,42285,6089,767,892,2556,2744,144,125,188,-63,24.532
MG,NATALÂNDIA,41106,3573,789,914,1430,1452,84,125,22,103,38.631
MG,SANTA BÁRBARA DO MONTE VERDE,41440,3606,819,944,1522,1673,132,125,151,-26,36.072
PB,SÃO MIGUEL DE TAIPU,22012,6584,1798,1923,2743,2868,167,125,125,0,40.138
PB,UMBUZEIRO,22411,7824,973,1098,3915,4100,188,125,185,-60,21.124
PR,BRASILÂNDIA DO SUL,74187,3354,1009,1134,1307,1346,99,125,39,86,45.726
RN,OURO BRANCO,17698,4602,770,895,2565,2603,152,125,38,87,25.586
RS,GRAMADO XAVIER,86789,3050,968,1093,1261,1295,165,125,34,91,45.771
RS,IPIRANGA DO SUL,85243,2107,1195,1320,347,358,80,125,11,114,78.665
SE,INDIAROBA,31550,13683,1631,1756,7479,7646,406,125,167,-42,18.677
SP,ANALÂNDIA,61395,4687,1859,1984,944,992,238,125,48,77,66.667
SP,EMBAÚBA,61182,2449,965,1090,748,761,85,125,13,112,58.887
SP,ÓLEO,67776,2423,1038,1163,622,671,144,125,49,76,63.413
AL,ESTRELA DE ALAGOAS,27049,13057,1077,1201,6284,6374,427,124,90,34,15.855
MA,MATA ROMA,8273,16320,2048,2172,9298,9421,403,124,123,1,18.735
MG,OLHOS D ÁGUA,41203,0,780,904,2811,2939,148,124,128,-4,23.523
MG,VOLTA GRANDE,54437,4447,975,1099,1849,1948,119,124,99,25,36.068
PR,FAROL,74306,2839,1026,1150,1066,1080,95,124,14,110,51.57
PR,JUNDIAÍ DO SUL,76511,2916,732,856,1147,1184,93,124,37,87,41.961
PR,MUNHOZ DE MELO,77119,0,1430,1554,1132,1176,134,124,44,80,56.923
RN,CAIÇARA DO NORTE,16047,5571,1184,1308,2746,2695,199,124,-51,175,32.675
RN,CAMPO GRANDE,16250,8839,1747,1871,4692,4784,338,124,92,32,28.114
RN,ITAJÁ,16080,7304,1255,1379,3661,3694,202,124,33,91,27.183
RN,TENENTE LAURENTINO CRUZ,16004,5592,976,1100,2903,3045,200,124,142,-18,26.538
RN,TIMBAÚBA DOS BATISTAS,18830,2773,562,686,1424,1404,85,124,-20,144,32.823
RS,CAMPO NOVO,85790,3978,1411,1535,1634,1622,124,124,-12,136,48.622
RS,ESPERANÇA DO SUL,88285,3319,953,1077,1411,1340,131,124,-71,195,44.559
RS,FORQUETINHA,89222,2588,1245,1369,630,636,89,124,6,118,68.279
SC,PAIAL,81442,2001,641,765,795,804,109,124,9,115,48.757
SE,SANTO AMARO DAS BROTAS,32310,10475,1056,1180,5644,5718,245,124,74,50,17.106
SP,POPULINA,69094,3698,1094,1218,1529,1594,159,124,65,59,43.314
TO,ALIANÇA DO TOCANTINS,96954,4311,1322,1446,1735,1685,144,124,-50,174,46.183
AM,SANTO ANTÔNIO DO IÇÁ,2739,18646,3027,3150,8905,8849,440,123,-56,179,26.252
BA,CATURAMA,34509,7333,635,758,4477,4643,146,123,166,-43,14.034
CE,DEPUTADO IRAPUAN PINHEIRO,15989,7508,552,675,4840,5105,391,123,265,-142,11.678
MG,DOM BOSCO,42048,3780,1307,1430,1219,1251,91,123,32,91,53.338
MT,CANABRAVA DO NORTE,90085,4172,1641,1764,785,818,115,123,33,90,68.319
MT,COCALINHO,98671,5458,1693,1816,1393,1341,53,123,-52,175,57.523
PB,CABACEIRAS,19631,5259,1131,1254,2555,2704,267,123,149,-26,31.683
PB,GURINHÉM,20290,11449,1912,2035,6346,6489,335,123,143,-20,23.874
SC,BOM JESUS DO OESTE,81469,1882,937,1060,508,563,127,123,55,68,65.311
SP,ITAJU,65412,3178,1319,1442,799,849,123,123,50,73,62.942
SP,TAQUARAL,62260,2274,919,1042,698,730,93,123,32,91,58.804
MG,ACAIACA,40070,3527,665,787,1702,1783,119,122,81,41,30.623
MG,CRISÓLITA,41963,4729,706,828,2330,2441,125,122,111,11,25.329
MG,CÓRREGO DANTA,43958,3397,1050,1172,1016,1050,98,122,34,88,52.745
MS,TAQUARUSSU,98175,3948,1131,1253,1516,1461,103,122,-55,177,46.168
PA,CURUÁ,4740,11443,1789,1911,6415,6397,491,122,-18,140,23.002
PB,CATURITÉ,19801,5520,773,895,2998,3105,227,122,107,15,22.375
PE,TACARATU,25950,18272,1480,1602,11169,11201,305,122,32,90,12.513
RN,BARCELONA,16292,4693,1254,1376,2201,2211,181,122,10,112,38.361
RS,CAPÃO DO CIPÓ,89141,3109,867,989,1252,1285,134,122,33,89,43.492
SP,GLICÉRIO,64432,3995,1556,1678,1178,1216,119,122,38,84,57.982
BA,PRESIDENTE DUTRA,38130,12011,981,1102,8203,8398,226,121,195,-74,11.6
MG,SENHORA DO PORTO,53210,3329,652,773,1317,1439,101,121,122,-1,34.946
MG,SERRA AZUL DE MINAS,53295,3729,435,556,1510,1642,107,121,132,-11,25.296
MT,SANTA TEREZINHA,91979,5348,1359,1480,1854,1842,153,121,-12,133,44.551
PB,JUNCO DO SERIDÓ,20575,6036,870,991,3305,3360,248,121,55,66,22.776
PB,SÃO JOSÉ DA LAGOA TAPADA,21857,7155,779,900,4162,4180,156,121,18,103,17.717
PE,BELÉM DE MARIA,23299,9188,1671,1792,5315,5248,214,121,-67,188,25.455
PI,BELA VISTA DO PIAUÍ,10626,3465,321,442,2310,2387,238,121,77,44,15.624
PI,JOAQUIM PIRES,11070,11841,1835,1956,6789,6896,237,121,107,14,22.097
RS,ALTO ALEGRE,84808,1854,695,816,573,648,187,121,75,46,55.738
SC,IBIAM,81400,1988,901,1022,540,550,77,121,10,111,65.013
AM,BARREIRINHA,2119,22867,1207,1327,14691,14079,471,120,-612,732,8.614
GO,APORÉ,92290,3465,1131,1251,958,986,118,120,28,92,55.923
GO,NOVA AURORA,94935,2333,654,774,900,974,131,120,74,46,44.279
MG,ARICANDUVA,41700,5192,849,969,2172,2308,155,120,136,-16,29.57
MG,BERIZAL,41726,4324,740,860,1991,2162,194,120,171,-51,28.458
MG,CONSOLAÇÃO,43699,2031,625,745,600,653,99,120,53,67,53.29
MG,JAGUARAÇU,46990,3211,1161,1281,1110,1174,101,120,64,56,52.179
PE,CAPOEIRAS,23752,16561,1202,1322,9595,9863,281,120,268,-148,11.819
PI,CALDEIRÃO GRANDE DO PIAUÍ,10146,5190,549,669,3448,3465,238,120,17,103,16.183
PI,JOCA MARQUES,12408,5603,563,683,3035,2982,120,120,-53,173,18.636
PR,PLANALTINA DO PARANÁ,77739,3455,1129,1249,1338,1394,126,120,56,64,47.257
RO,CASTANHEIRAS,531,3395,1236,1356,887,862,105,120,-25,145,61.136
RS,UNIÃO DA SERRA,88048,1526,880,1000,256,267,94,120,11,109,78.927
SP,MOMBUCA,67199,3151,1511,1631,750,776,145,120,26,94,67.761
BA,BARRA DO MENDES,33596,12163,824,943,8342,8585,296,119,243,-124,9.897
CE,ANTONINA DO NORTE,13153,7147,534,653,4157,4418,336,119,261,-142,12.877
GO,SÃO DOMINGOS,95915,7311,1580,1699,3182,3291,224,119,109,10,34.048
MA,CAPINZAL DO NORTE,7404,8707,1465,1584,4840,5128,264,119,288,-169,23.6
MG,IBIRACATU,42200,5859,710,829,2916,2913,157,119,-3,122,22.154
MG,NOVA MÓDICA,48976,3607,833,952,1493,1532,116,119,39,80,38.325
MG,PASSA VINTE,49557,2497,729,848,928,1000,156,119,72,47,45.887
PB,MANAÍRA,20818,9141,661,780,5412,5611,248,119,199,-80,12.205
PR,CRUZMALTINA,75264,2731,1129,1248,827,867,123,119,40,79,59.007
PR,LARANJAL,74985,4701,1068,1187,2344,2326,132,119,-18,137,33.789
PR,RANCHO ALEGRE D OESTE,74721,0,937,1056,802,838,82,119,36,83,55.755
SE,SANTA LUZIA DO ITANHY,32255,12177,1415,1534,6239,6426,348,119,187,-68,19.271
SP,APARECIDA D OESTE,61514,0,1425,1544,1345,1409,129,119,64,55,52.286
SP,ELISIÁRIO,61760,2737,1321,1440,657,697,126,119,40,79,67.384
SP,MARIÁPOLIS,66796,2873,1195,1314,930,971,144,119,41,78,57.505
TO,CARIRI DO TOCANTINS,73300,3800,1219,1338,1413,1360,137,119,-53,172,49.592
BA,ICHU,35670,6039,875,993,3632,3728,178,118,96,22,21.034
BA,JABORANDI,30678,10198,1471,1589,5184,5236,176,118,52,66,23.282
BA,PALMEIRAS,37710,7919,721,839,5087,5261,135,118,174,-56,13.754
CE,SABOEIRO,15393,12665,1329,1447,7398,7660,353,118,262,-144,15.889
GO,CAVALCANTE,93050,7989,766,884,4134,4188,193,118,54,64,17.429
GO,DAVINÓPOLIS,93394,4156,887,1005,1547,1581,168,118,34,84,38.863
GO,NOVO PLANALTO,92444,4139,1308,1426,1256,1257,156,118,1,117,53.149
MG,CHAPADA DO NORTE,43214,9280,749,867,4354,4735,179,118,381,-263,15.477
PA,CACHOEIRA DO PIRIÁ,4766,14445,2516,2634,7535,7329,579,118,-206,324,26.438
PB,TAVARES,22330,11982,811,929,7058,7216,219,118,158,-40,11.406
PR,ITAÚNA DO SUL,76198,2791,682,800,1338,1347,97,118,9,109,37.261
RS,CHARRUA,86568,2515,921,1039,935,980,103,118,45,73,51.461
SC,ERMO,81167,2717,1317,1435,486,498,86,118,12,106,74.237
SE,PACATUBA,31976,11851,1320,1438,6565,6566,383,118,1,117,17.966
TO,DOIS IRMÃOS DO TOCANTINS,93459,5092,1149,1267,2404,2419,168,118,15,103,34.373
AL,MARAVILHA,27910,8992,1005,1122,4282,4326,326,117,44,73,20.595
AL,MONTEIRÓPOLIS,28070,6433,783,900,3008,3086,343,117,78,39,22.579
BA,FLORESTA AZUL,35190,7852,1211,1328,4280,4359,232,117,79,38,23.352
BA,MATINA,37222,9569,673,790,6273,6611,154,117,338,-221,10.674
CE,JAGUARIBARA,14370,9030,1170,1287,5341,5508,270,117,167,-50,18.94
GO,MUTUNÓPOLIS,94790,3636,1389,1506,1054,1128,92,117,74,43,57.175
GO,SANTA RITA DO NOVO DESTINO,93440,3055,942,1059,1082,1125,103,117,43,74,48.489
MG,ARANTINA,40711,2874,538,655,1386,1477,114,117,91,26,30.722
MG,SANTA RITA DE IBITIPOCA,51870,3391,532,649,1729,1822,182,117,93,24,26.265
MG,VARGEM BONITA,54119,2606,1030,1147,747,765,82,117,18,99,59.99
MT,SÃO JOSÉ DO XINGU,90247,5350,1536,1653,1224,1210,81,117,-14,131,57.737
PE,VERTENTE DO LÉRIO,23086,8321,1013,1130,4693,4788,190,117,95,22,19.094
PI,MIGUEL LEÃO,11258,1892,350,467,903,767,55,117,-136,253,37.844
RS,CORONEL PILAR,89184,1571,858,975,264,275,91,117,11,106,78.0
RS,CRUZALTENSE,89206,1933,1025,1142,525,541,107,117,16,101,67.855
SC,MIRIM DOCE,80365,2269,1233,1350,567,589,87,117,22,95,69.624
SC,UNIÃO DO OESTE,80144,2462,1165,1282,734,801,156,117,67,50,61.546
SP,CABRÁLIA PAULISTA,62677,3701,1212,1329,1153,1228,144,117,75,42,51.975
SP,JOÃO RAMALHO,66133,3514,1288,1405,1151,1193,118,117,42,75,54.08
BA,IBIPEBA,35475,13692,1374,1490,8933,9212,273,116,279,-163,13.923
BA,ITAQUARA,36358,6773,1004,1120,3447,3615,144,116,168,-52,23.654
BA,RIO DO PIRES,38393,11367,1126,1242,4915,5035,198,116,120,-4,19.787
MG,ESTRELA DO INDAIÁ,44938,2734,929,1045,988,1031,124,116,43,73,50.337
MG,MATA VERDE,40428,7582,1801,1917,2780,3005,201,116,225,-109,38.948
PB,CAPIM,19062,7270,1085,1201,3519,3595,265,116,76,40,25.042
PE,LAGOA DO OURO,24716,12063,1063,1179,6690,6778,174,116,88,28,14.817
PI,SÃO JOÃO DO ARRAIAL,10987,7635,1338,1454,3964,4059,129,116,95,21,26.374
PR,PORTO RICO,77836,3008,1206,1322,820,796,71,116,-24,140,62.417
RS,TRAVESSEIRO,87980,1984,836,952,706,701,112,116,-5,121,57.592
RS,VISTA ALEGRE,85600,2613,831,947,1174,1155,107,116,-19,135,45.052
SP,CRUZÁLIA,63673,1970,917,1033,560,569,107,116,9,107,64.482
TO,DIVINÓPOLIS DO TOCANTINS,92185,5787,1513,1629,2507,2518,136,116,11,105,39.281
BA,CAEM,34010,8177,823,938,4810,5077,208,115,267,-152,15.594
GO,BURITINÓPOLIS,93262,3521,921,1036,1217,1306,193,115,89,26,44.236
PA,SAPUCAIA,4847,5438,1576,1691,1913,1769,159,115,-144,259,48.873
PB,RIACHO DOS CAVALOS,21571,8480,889,1004,5084,5124,208,115,40,75,16.384
PB,SÃO VICENTE DO SERIDÓ,22098,9265,1228,1343,5048,5274,330,115,226,-111,20.296
PI,BOM PRINCÍPIO DO PIAUÍ,10065,6788,908,1023,3850,3789,173,115,-61,176,21.259
PI,DOM INOCÊNCIO,10685,7584,447,562,5273,5252,166,115,-21,136,9.666
PR,BARRA DO JACARÉ,74519,2806,970,1085,985,1006,119,115,21,94,51.889
PR,SÃO JOSÉ DAS PALMEIRAS,84719,3463,1098,1213,1375,1447,144,115,72,43,45.602
RN,LAGOA D ANTA,17230,0,877,992,3345,3466,182,115,121,-6,22.252
RS,GENTIL,86746,1682,881,996,349,341,84,115,-8,123,74.495
RS,ROLADOR,89400,2400,729,844,1006,1036,144,115,30,85,44.894
SC,OURO VERDE,80845,2041,933,1048,604,601,59,115,-3,118,63.554
SC,SÃO MIGUEL DA BOA VISTA,80780,1759,575,690,687,717,106,115,30,85,49.041
SE,SÃO DOMINGOS,32352,8624,1770,1885,3893,4130,165,115,237,-122,31.338
SP,INDIAPORÃ,65153,3179,1099,1214,1141,1189,143,115,48,67,50.52
AL,ÁGUA BRANCA,27014,16536,890,1004,9295,9400,559,114,105,9,9.65
GO,ALTO HORIZONTE,92940,6421,2426,2540,1840,1825,174,114,-15,129,58.19
MA,SÃO PEDRO DOS CRENTES,8400,4698,2065,2179,1317,1317,126,114,0,114,62.328
MG,ORATÓRIOS,41220,4330,671,785,2440,2523,151,114,83,31,23.73
MG,PEQUERI,49891,3373,929,1043,1369,1396,119,114,27,87,42.763
PB,CAIÇARA,19739,6553,1168,1282,3188,3256,218,114,68,46,28.25
PB,CUBATI,20010,6971,1084,1198,3677,3809,225,114,132,-18,23.927
PB,PILÕES,21334,7126,962,1076,3866,3926,234,114,60,54,21.511
PR,ITAGUAJÉ,76112,3515,1154,1268,1397,1444,111,114,47,67,46.755
PR,IVATUBA,76252,3155,1152,1266,725,763,121,114,38,76,62.395
PR,RAMILÂNDIA,74705,3761,1146,1260,1418,1433,105,114,15,99,46.788
SP,BOM SUCESSO DE ITARARÉ,61786,3288,1007,1121,1357,1384,143,114,27,87,44.75
SP,MONTE CASTELO,67334,3332,1306,1420,1288,1315,113,114,27,87,51.92
BA,MASCOTE,37192,9201,1558,1671,4796,4802,234,113,6,107,25.815
GO,CUMARI,93335,2616,672,785,1125,1205,101,113,80,33,39.447
MG,CONGONHAS DO NORTE,43613,4427,561,674,1952,2128,95,113,176,-63,24.054
MG,MORRO DO PILAR,48739,3994,660,773,1746,1893,129,113,147,-34,28.995
MG,PEDRA DO ANTA,49751,3520,616,729,1793,1970,142,113,177,-64,27.01
PI,RIBEIRO GONÇALVES,11770,5612,876,989,3063,2979,130,113,-84,197,24.924
PI,SÃO JOÃO DA FRONTEIRA,12009,5382,539,652,3127,3039,150,113,-88,201,17.665
SP,GUZOLÂNDIA,64793,3561,1157,1270,1295,1409,174,113,114,-1,47.406
SP,RUBINÉIA,69914,3925,1322,1435,852,912,135,113,60,53,61.142
AM,COARI,2259,52010,12717,12829,20449,19841,1544,112,-608,720,39.268
BA,GAVIÃO,30937,4405,776,888,2253,2328,188,112,75,37,27.612
BA,JITAÚNA,36676,13018,2108,2220,6397,6671,315,112,274,-162,24.969
GO,GUARAÍTA,93149,2791,989,1101,997,1034,113,112,37,75,51.569
GO,IPIRANGA DE GOIÁS,93548,3155,1256,1368,1013,1008,130,112,-5,117,57.576
MA,GOVERNADOR LUIZ ROCHA,7625,6423,1154,1266,3209,3418,143,112,209,-97,27.028
MG,PAULISTAS,49670,4239,444,556,2207,2340,145,112,133,-21,19.199
MG,SALTO DA DIVISA,51411,4995,988,1100,2224,2351,155,112,127,-15,31.875
MT,SÃO JOSÉ DO POVO,90026,3014,1020,1132,883,916,113,112,33,79,55.273
PA,PRIMAVERA,5215,11360,1823,1935,5811,5905,551,112,94,18,24.681
RO,RIO CRESPO,647,3506,1640,1752,599,590,100,112,-9,121,74.808
RS,LAGOA DOS TRÊS CANTOS,86886,1719,900,1012,334,342,95,112,8,104,74.742
RS,NICOLAU VERGUEIRO,87181,2411,1014,1126,613,617,104,112,4,108,64.601
RS,NOVO TIRADENTES,87300,1974,574,686,799,815,122,112,16,96,45.703
SP,CORONEL MACEDO,63533,3808,1032,1144,1793,1840,147,112,47,65,38.338
SP,SÃO JOÃO DAS DUAS PONTES,70858,2243,645,757,945,981,102,112,36,76,43.556
AL,OLIVENÇA,28193,10357,1564,1675,5042,5074,420,111,32,79,24.818
BA,MUNIZ FERREIRA,37451,8225,1125,1236,4795,4950,230,111,155,-44,19.981
GO,SÃO JOÃO DA PARAÚNA,92622,2199,895,1006,650,668,86,111,18,93,60.096
GO,TROMBAS,92789,3072,971,1082,1046,1048,149,111,2,109,50.798
MG,CORDISLÂNDIA,43796,2971,799,910,1110,1205,122,111,95,16,43.026
MG,FREI LAGONEGRO,42064,3680,668,779,1623,1751,111,111,128,-17,30.791
MG,GUARACIAMA,42188,5332,546,657,3102,3312,136,111,210,-99,16.553
PE,SANTA TEREZINHA,25550,8068,859,970,4990,5042,181,111,52,59,16.134
PE,TUPARETAMA,26174,8028,753,864,5347,5424,140,111,77,34,13.74
PI,CARAÚBAS DO PIAUÍ,12670,5364,761,872,2998,3036,156,111,38,73,22.313
PI,QUEIMADA NOVA,10421,7235,607,718,4792,4975,175,111,183,-72,12.612
PI,SÃO JOÃO DA VARJOTA,12025,4143,422,533,2530,2454,78,111,-76,187,17.844
PR,NOVA SANTA BÁRBARA,74608,3760,1153,1264,1417,1451,150,111,34,77,46.556
SC,CALMON,80667,3187,681,792,1567,1518,89,111,-49,160,34.286
SP,NANTES,62340,2204,767,878,854,861,85,111,7,104,50.489
TO,FILADÉLFIA,93556,6286,1621,1732,2958,2909,225,111,-49,160,37.32
AL,PASSO DE CAMARAGIBE,28290,12522,3278,3388,5249,5016,408,110,-233,343,40.314
MG,CARMÉSIA,42757,2715,567,677,1028,1089,83,110,61,49,38.335
MG,FRONTEIRA DOS VALES,49352,4401,538,648,2156,2372,133,110,216,-106,21.457
PI,SANTA CRUZ DO PIAUÍ,11819,5927,518,628,3770,3709,124,110,-61,171,14.48
PI,SÃO GONÇALO DO PIAUÍ,11959,5211,730,840,2611,2642,184,110,31,79,24.124
SP,BRAÚNA,62553,4232,2165,2275,1006,1030,126,110,24,86,68.835
SP,TORRE DE PEDRA,62049,2551,1137,1247,546,589,139,110,43,67,67.919
TO,FIGUEIRÓPOLIS,96679,4692,1649,1759,1678,1682,188,110,4,106,51.119
BA,NOVA IBIÁ,39969,5524,1195,1304,2504,2487,158,109,-17,126,34.397
GO,GUARANI DE GOIÁS,93831,4813,929,1038,2141,2205,187,109,64,45,32.007
MG,BIAS FORTES,41351,3821,626,735,1960,2033,161,109,73,36,26.553
MG,ITAMBÉ DO MATO DENTRO,46558,2728,501,610,1221,1320,147,109,99,10,31.606
MG,MORRO DA GARÇA,48712,3044,515,624,1414,1465,96,109,51,58,29.871
MG,SANTA MARIA DO SALTO,51616,4616,987,1096,1703,1825,124,109,122,-13,37.521
PE,JUCATI,23124,10188,986,1095,6301,6504,244,109,203,-94,14.41
PI,GILBUÉS,10871,8693,1020,1129,4997,5033,200,109,36,73,18.322
PI,SÃO JOSÉ DO DIVINO,10529,5077,501,610,3328,3308,194,109,-20,129,15.569
PR,BELA VISTA DA CAROBA,75124,2983,899,1008,1413,1443,94,109,30,79,41.126
RN,JAPI,17051,5753,631,740,3445,3559,175,109,114,-5,17.213
RS,FLORIANO PEIXOTO,88242,1812,724,833,675,687,94,109,12,97,54.803
RS,SEDE NOVA,85707,2514,929,1038,968,972,137,109,4,105,51.642
SE,JAPOATÃ,31674,11471,1840,1949,6362,6340,316,109,-22,131,23.513
TO,SANTA FÉ DO ARAGUAIA,73350,5519,1580,1689,2308,2264,175,109,-44,153,42.727
BA,AURELINO LEAL,33472,9636,1617,1725,5086,5114,295,108,28,80,25.223
BA,LAJEDO DO TABOCAL,36820,6292,765,873,3716,3895,152,108,179,-71,18.31
CE,ALTANEIRA,13110,6971,350,458,4283,4532,342,108,249,-141,9.178
GO,AVELINÓPOLIS,92550,4473,1481,1589,1026,1049,164,108,23,85,60.235
MG,SÃO JOSÉ DO DIVINO,52655,3175,1073,1181,1082,1164,86,108,82,26,50.362
MT,SÃO PEDRO DA CIPA,90409,3898,1318,1426,1230,1248,113,108,18,90,53.328
PB,ALCANTIL,19763,5002,1309,1417,2261,2395,258,108,134,-26,37.172
PI,LAGOA DO PIAUÍ,12424,5251,626,734,2838,2875,180,108,37,71,20.338
PI,MATIAS OLÍMPIO,11215,9192,1143,1251,4928,5074,218,108,146,-38,19.779
PI,SÃO LUIS DO PIAUÍ,12629,3598,267,375,1908,1831,92,108,-77,185,16.999
RS,BARRA DO RIO AZUL,86380,1752,674,782,653,668,102,108,15,93,53.931
SC,JUPIÁ,81540,2258,919,1027,791,827,124,108,36,72,55.394
BA,ANDARAÍ,33251,9838,894,1001,6190,6423,149,107,233,-126,13.483
BA,BARRA DO ROCHA,33618,4440,856,963,1893,1974,187,107,81,26,32.789
MA,PIRAPEMAS,8737,12945,1412,1519,7301,7452,257,107,151,-44,16.932
MA,SÃO JOÃO DO SOTER,8346,14355,1128,1235,8723,9003,249,107,280,-173,12.063
MG,CHÁCARA,43176,4381,1070,1177,1725,1761,148,107,36,71,40.061
MG,CÔNEGO MARINHO,41904,6352,564,671,3391,3635,229,107,244,-137,15.583
MG,SERRANÓPOLIS DE MINAS,42382,4144,734,841,2020,2149,118,107,129,-22,28.127
MG,SÃO PEDRO DO SUAÇUÍ,52817,4690,1061,1168,2068,2231,128,107,163,-56,34.363
MT,SALTO DO CÉU,89974,3083,1369,1476,737,768,94,107,31,76,65.775
PI,ALAGOINHA DO PIAUÍ,12319,6163,979,1086,3648,3755,183,107,107,0,22.433
PI,FRANCISCO SANTOS,10839,7134,760,867,4498,4616,267,107,118,-11,15.813
RN,SÃO FERNANDO,18350,3730,671,778,2096,2154,156,107,58,49,26.535
RS,BOA VISTA DO INCRA,89060,2198,976,1083,756,718,87,107,-38,145,60.133
RS,FAXINALZINHO,86029,2422,1019,1126,747,747,73,107,0,107,60.117
RS,NOVO XINGU,89320,1593,558,665,617,649,117,107,32,75,50.609
SC,TIGRINHOS,81680,2050,768,875,742,770,104,107,28,79,53.191
SP,QUEIROZ,69370,3296,1185,1292,1042,1037,77,107,-5,112,55.474
SP,SARUTAIÁ,71250,3208,923,1030,1307,1306,110,107,-1,108,44.092
GO,DIVINÓPOLIS DE GOIÁS,93092,5167,1037,1143,2188,2215,160,106,27,79,34.038
MA,RIBAMAR FIQUENE,8184,6287,1501,1607,3231,3281,196,106,50,56,32.876
MG,SÃO JOÃO DO PACUÍ,40762,4051,535,641,2090,2207,144,106,117,-11,22.507
PB,GADO BRAVO,19623,8113,891,997,4626,4710,272,106,84,22,17.47
PB,SERRA REDONDA,22179,6488,1020,1126,3593,3689,281,106,96,10,23.385
PR,PRADO FERREIRA,75566,3190,1218,1324,1169,1224,126,106,55,51,51.962
PR,RIO BRANCO DO IVAÍ,75620,3528,1236,1342,1183,1191,134,106,8,98,52.981
PR,SÃO MANOEL DO PARANÁ,74845,2072,889,995,562,607,97,106,45,61,62.11
RN,PARAZINHO,17752,5536,1040,1146,2834,2858,162,106,24,82,28.621
SP,RIBEIRA,69574,2895,817,923,1307,1329,113,106,22,84,40.986
SP,TIMBURI,71935,2437,815,921,766,796,142,106,30,76,53.64
TO,BERNARDO SAYÃO,92002,3615,1295,1401,1278,1227,128,106,-51,157,53.311
AM,ALVARÃES,2895,12567,1997,2102,6014,5978,414,105,-36,141,26.015
BA,PIRAÍ DO NORTE,37940,7110,1153,1258,3760,3779,228,105,19,86,24.975
GO,ESTRELA DO NORTE,93513,3227,1012,1117,1113,1162,147,105,49,56,49.013
GO,PILAR DE GOIÁS,95354,3953,1054,1159,1533,1459,143,105,-74,179,44.27
MG,JOSÉ GONÇALVES DE MINAS,42307,3806,563,668,1740,1765,135,105,25,80,27.456
MG,MIRAVÂNIA,41068,4132,506,611,1833,1952,103,105,119,-14,23.839
MS,CORGUINHO,90611,4482,1384,1489,1352,1342,219,105,-10,115,52.596
MT,TORIXORÉU,91634,3724,1278,1383,1200,1231,128,105,31,74,52.907
PB,MATARACA,20877,8744,1610,1715,4270,4273,229,105,3,102,28.641
PI,CAJUEIRO DA PRAIA,12572,7644,990,1095,4368,4418,190,105,50,55,19.862
PI,FRONTEIRAS,10855,9600,1276,1381,5857,5704,291,105,-153,258,19.492
SP,GABRIEL MONTEIRO,64319,2682,1308,1413,546,615,124,105,69,36,69.675
SP,NOVA CANAÃ PAULISTA,61425,2278,642,747,651,702,114,105,51,54,51.553
SP,PEDRANÓPOLIS,68390,2685,938,1043,778,826,96,105,48,57,55.805
BA,SANTA TEREZINHA,38695,9467,1108,1212,5242,5282,234,104,40,64,18.663
CE,CATUNDA,13447,9353,774,878,5611,5848,429,104,237,-133,13.054
GO,CAMPINAÇU,96873,3776,1153,1257,1335,1334,135,104,-1,105,48.514
MA,LAGO DOS RODRIGUES,7803,8303,1371,1475,4843,4858,174,104,15,89,23.291
MG,SILVEIRÂNIA,53457,2980,567,671,1391,1433,139,104,42,62,31.892
MG,SÃO GERALDO DO BAIXIO,41580,3221,905,1009,1169,1227,84,104,58,46,45.125
MT,GLÓRIA D OESTE,90204,0,1250,1354,651,654,67,104,3,101,67.43
PE,IGUARACY,24376,9134,841,945,5644,5738,194,104,94,10,14.14
PI,PARNAGUÁ,11517,7658,716,820,4577,4577,169,104,0,104,15.194
SP,GASTÃO VIDIGAL,64378,2873,879,983,1229,1267,126,104,38,66,43.689
TO,COMBINADO,92142,3895,1285,1389,1465,1480,109,104,15,89,48.414
BA,ANGUERA,33294,10325,1024,1127,5840,5963,199,103,123,-20,15.896
MG,GLAUCILÂNDIA,42129,4018,744,847,2132,2167,130,103,35,68,28.102
PB,JURU,20613,8225,629,732,4819,4918,179,103,99,4,12.956
PB,PEDRA LAVRADA,21237,5956,829,932,3664,3787,284,103,123,-20,19.75
PI,JARDIM DO MULATO,10308,4552,601,704,2655,2598,126,103,-57,160,21.32
PI,SEBASTIÃO LEAL,12068,4234,1018,1121,2176,2207,78,103,31,72,33.684
PR,PORTO BARREIRO,75540,3149,1085,1188,1349,1306,107,103,-43,146,47.634
RS,PORTO MAUÁ,87467,2262,1086,1189,644,656,83,103,12,91,64.444
SC,GALVÃO,81094,2752,1192,1295,920,949,124,103,29,74,57.709
SP,ITAPURA,65617,3645,589,692,1721,1807,185,103,86,17,27.691
SP,SÃO JOÃO DO PAU D ALHO,70874,0,633,736,828,853,92,103,25,78,46.318
TO,GOIANORTE,92240,4503,1486,1589,1903,1748,163,103,-155,258,47.618
AL,BARRA DE SÃO MIGUEL,27111,8084,2769,2871,2739,2699,344,102,-40,142,51.544
BA,CAETANOS,34029,11224,719,821,6535,6863,209,102,328,-226,10.685
BA,ELÍSIO MEDRADO,35050,7684,1276,1378,4017,4215,188,102,198,-96,24.638
MA,CONCEIÇÃO DO LAGO-AÇU,7501,11901,1810,1912,6455,6492,306,102,37,65,22.751
MG,CONCEIÇÃO DE IPANEMA,43478,4492,1238,1340,1830,1918,89,102,88,14,41.13
MG,PASSABÉM,49492,1909,416,518,813,871,106,102,58,44,37.293
MG,SERRANOS,53392,2082,551,653,916,933,102,102,17,85,41.173
PA,BANNACH,4588,3167,1238,1340,848,790,90,102,-58,160,62.911
PI,GEMINIANO,10782,6484,617,719,4138,4226,174,102,88,14,14.54
PI,PAES LANDIM,11452,4545,710,812,2183,2187,160,102,4,98,27.076
PR,MARQUINHO,75485,3877,1171,1273,1727,1716,134,102,-11,113,42.589
SP,ALVINLÂNDIA,61298,2638,972,1074,903,957,90,102,54,48,52.88
SP,SANTA CRUZ DA ESPERANÇA,62189,2343,804,906,650,661,97,102,11,91,57.817
TO,TABOCÃO,73199,3076,964,1066,1270,1258,122,102,-12,114,45.869
BA,JUSSARI,30694,4662,1082,1183,2119,2111,111,101,-8,109,35.914
BA,RODELAS,38431,7649,893,994,4823,4774,158,101,-49,150,17.233
BA,SEBASTIÃO LARANJEIRAS,38997,7221,1167,1268,3931,4161,176,101,230,-129,23.356
MA,JENIPAPO DOS VIEIRAS,7765,13268,1810,1911,7311,7576,348,101,265,-164,20.143
MG,BELMIRO BRAGA,41211,3222,694,795,1532,1613,119,101,81,20,33.015
MT,GENERAL CARNEIRO,90778,4700,1425,1526,1496,1501,101,101,5,96,50.413
PE,BREJINHO,23493,7824,716,817,4510,4672,167,101,162,-61,14.884
PE,PARNAMIRIM,25070,18599,1200,1301,12525,12468,300,101,-57,158,9.449
PI,LAGOA ALEGRE,10324,8610,744,845,5495,5478,256,101,-17,118,13.364
PI,WALL FERRAZ,12564,4316,574,675,2665,2576,81,101,-89,190,20.763
PR,CAFEARA,74659,2223,696,797,1016,1022,72,101,6,95,43.815
RS,BARRA DO GUARITA,86363,2599,847,948,1119,1091,66,101,-28,129,46.493
SC,CERRO NEGRO,80381,3207,911,1012,1489,1569,117,101,80,21,39.21
SE,PEDRINHAS,32018,7937,1319,1420,3933,4024,202,101,91,10,26.084
TO,DUERÉ,93475,3668,902,1003,1558,1573,139,101,15,86,38.936
AL,BRANQUINHA,27219,9128,1471,1571,4230,4041,394,100,-189,289,27.994
AL,PAULO JACINTO,28312,6635,1147,1247,3234,3059,268,100,-175,275,28.96
BA,BOM JESUS DA SERRA,33782,9388,673,773,5451,5690,223,100,239,-139,11.96
BA,LAMARÃO,36838,8534,529,629,5014,4997,146,100,-17,117,11.18
MG,LAGOA DOS PATOS,47457,3777,836,936,1524,1626,100,100,102,-2,36.534
MG,OLIVEIRA FORTES,49131,2740,447,547,1363,1409,110,100,46,54,27.965
MT,NOVA NAZARÉ,90964,3538,894,994,737,851,69,100,114,-14,53.875
PB,OLIVEDOS,21113,4085,683,783,2215,2275,203,100,60,40,25.605
PB,SERRARIA,22195,4603,642,742,2286,2342,171,100,56,44,24.06
PI,BURITI DOS MONTES,10103,6989,533,633,4640,4606,219,100,-34,134,12.082
PR,GODOY MOREIRA,74004,2852,719,819,1217,1251,112,100,34,66,39.565
RS,GUABIJU,84867,1400,778,878,271,290,63,100,19,81,75.171
SP,FLOREAL,64190,2680,1045,1145,862,908,122,100,46,54,55.772
SP,MARABÁ PAULISTA,66753,3193,800,900,1305,1328,117,100,23,77,40.395
TO,ARRAIAS,92479,8232,1361,1461,4051,4241,222,100,190,-90,25.623
AC,SANTA ROSA DO PURUS,1031,3965,1028,1127,1357,1217,102,99,-140,239,48.08
BA,CANÁPOLIS,34215,8806,1115,1214,5233,5389,150,99,156,-57,18.386
BA,WAGNER,39675,6835,969,1068,3884,3993,163,99,109,-10,21.103
MA,MATINHA,8290,20136,3230,3329,11072,11061,480,99,-11,110,23.134
MA,SANTA FILOMENA DO MARANHÃO,8206,6142,780,879,3657,3653,132,99,-4,103,19.395
MG,LUISLÂNDIA,41009,6798,676,775,3633,3724,132,99,91,8,17.226
MG,ROCHEDO DE MINAS,51233,2919,840,939,907,954,102,99,47,52,49.604
PE,GRANITO,24252,6963,608,707,4547,4689,218,99,142,-43,13.102
PI,COIVARAS,10189,5680,706,805,3435,3386,205,99,-49,148,19.208
PR,FLÓRIDA,75590,2411,891,990,916,934,117,99,18,81,51.455
RS,LINHA NOVA,86924,1512,685,784,358,372,107,99,14,85,67.82
RS,MONTAURI,85820,1517,849,948,269,290,56,99,21,78,76.575
RS,QUEVEDOS,87521,2392,710,809,985,1018,130,99,33,66,44.28
RS,SETE DE SETEMBRO,88706,1811,636,735,741,755,107,99,14,85,49.329
AM,CAREIRO,2232,27556,5472,5570,10450,9949,944,98,-501,599,35.891
AP,LARANJAL DO JARI,6130,28236,7198,7296,12198,11222,1210,98,-976,1074,39.4
BA,GUAJERU,30953,6440,498,596,4004,4208,150,98,204,-106,12.406
BA,ITAPEBI,36277,8403,1265,1363,4103,4137,201,98,34,64,24.782
ES,PONTO BELO,56200,6500,1516,1614,2901,2956,199,98,55,43,35.317
MG,FORTUNA DE MINAS,45276,3012,719,817,1330,1340,123,98,10,88,37.877
MG,SANTO ANTÔNIO DO ITAMBÉ,52035,3864,383,481,1623,1764,123,98,141,-43,21.425
PB,SÃO JOSÉ DO SABUGI,21954,4240,767,865,2514,2533,150,98,19,79,25.456
PE,BREJÃO,23477,9711,1160,1258,5644,5727,136,98,83,15,18.01
PI,AGRICOLÂNDIA,10014,5560,542,640,3135,3165,168,98,30,68,16.82
RS,ENTRE RIOS DO SUL,85928,2664,954,1052,966,1029,99,98,63,35,50.553
SP,JÚLIO MESQUITA,66176,3697,1188,1286,1541,1567,131,98,26,72,45.075
SP,OSCAR BRESSANE,67911,2457,1182,1280,551,594,130,98,43,55,68.303
GO,SANTA TEREZA DE GOIÁS,95877,3848,982,1079,1160,1236,152,97,76,21,46.609
MA,CURURUPU,7714,26416,2952,3049,15506,15297,600,97,-209,306,16.619
MA,ITAIPAVA DO GRAJAÚ,7706,11256,1638,1735,5820,5768,220,97,-52,149,23.124
MG,ARACITABA,40657,2849,572,669,1185,1149,135,97,-36,133,36.799
PB,PILÕEZINHOS,21350,5901,636,733,3104,3288,195,97,184,-87,18.229
PR,ESPERANÇA NOVA,75302,2122,981,1078,501,509,78,97,8,89,67.927
RN,MARCELINO VIEIRA,17450,7093,608,705,4655,4754,166,97,99,-2,12.914
SC,MAREMA,82066,2218,1034,1131,600,586,106,97,-14,111,65.871
SP,FLORÍNEA,64238,2681,905,1002,1021,1016,116,97,-5,102,49.653
SP,INÚBIA PAULISTA,65170,3162,1656,1753,603,668,115,97,65,32,72.408
AL,BELÉM,27154,5058,790,886,2442,2406,238,96,-36,132,26.914
MT,LAMBARI D OESTE,90301,0,1478,1574,1393,1455,155,96,62,34,51.964
PB,CALDAS BRANDÃO,19771,5452,869,965,3136,3130,170,96,-6,102,23.565
PB,IMACULADA,20354,9137,722,818,5274,5445,193,96,171,-75,13.061
PB,SANTANA DOS GARROTES,21733,6377,854,950,3250,3331,248,96,81,15,22.191
PE,IBIRAJUBA,24333,6828,868,964,4089,4176,130,96,87,9,18.755
PE,SANTA FILOMENA,23329,12113,1003,1099,7786,8032,342,96,246,-150,12.036
PI,COCAL DE TELHA,12360,4647,310,406,2902,2951,101,96,49,47,12.094
RS,RIO DOS ÍNDIOS,87548,2860,855,951,1292,1320,109,96,28,68,41.876
RS,TUPANCI DO SUL,88021,1486,649,745,430,436,61,96,6,90,63.082
SE,MALHADA DOS BOIS,31755,4307,580,676,2300,2269,110,96,-31,127,22.954
TO,ARAPOEMA,92452,4639,1407,1503,1980,1955,135,96,-25,121,43.464
AM,JURUÁ,2470,7727,1706,1801,3019,2870,360,95,-149,244,38.557
BA,LAJEDÃO,36790,4282,1179,1274,1890,1934,101,95,44,51,39.713
GO,NOVA IGUAÇU DE GOIÁS,93084,2681,954,1049,979,977,81,95,-2,97,51.777
MG,MATERLÂNDIA,48119,4529,503,598,1955,2053,95,95,98,-3,22.558
MG,PONTO CHIQUE,41408,3915,436,531,1961,2001,90,95,40,55,20.972
PA,BREJO GRANDE DO ARAGUAIA,5932,6828,2035,2130,2898,2811,213,95,-87,182,43.109
PE,LAGOA DOS GATOS,24732,11212,1656,1751,6728,6821,245,95,93,2,20.427
PE,PARANATAMA,25054,11960,1064,1159,6968,7075,236,95,107,-12,14.076
PI,CARACOL,10499,8425,736,831,5319,5493,186,95,174,-79,13.14
PR,SANTO ANTÔNIO DO PARAÍSO,78638,2252,751,846,837,862,127,95,25,70,49.532
RS,SÃO JOSÉ DAS MISSÕES,87769,2447,621,716,1072,1091,91,95,19,76,39.624
TO,COUTO MAGALHÃES,93211,4818,1140,1235,2092,2054,91,95,-38,133,37.549
GO,NOVO BRASIL,95010,3622,1349,1443,1144,1126,123,94,-18,112,56.17
MA,ARAGUANÃ,7102,8017,906,1000,4510,4562,196,94,52,42,17.979
MG,SENADOR CORTES,53112,2550,619,713,1132,1175,111,94,43,51,37.765
PB,BARRA DE SÃO MIGUEL,19356,6053,1159,1253,3331,3418,197,94,87,7,26.825
PB,TACIMA,22292,8170,1220,1314,4188,4352,217,94,164,-70,23.191
SP,GUARANI D OESTE,64610,0,541,635,661,687,90,94,26,68,48.033
SP,TURIÚBA,72052,1671,747,841,426,437,64,94,11,83,65.806
AL,MAR VERMELHO,27979,3651,659,752,1942,1871,193,93,-71,164,28.669
MG,PIEDADE DE PONTE NOVA,50032,3814,745,838,1919,2048,104,93,129,-36,29.037
MS,FIGUEIRÃO,55069,2810,884,977,876,871,151,93,-5,98,52.868
PB,CASSERENGUE,19607,6414,602,695,3531,3594,225,93,63,30,16.204
PB,SÃO JOSÉ DOS RAMOS,19046,5948,834,927,3153,3240,168,93,87,6,22.246
PE,SÃO BENEDITO DO SUL,25577,7843,1045,1138,4117,4249,159,93,132,-39,21.125
PI,COCAL DOS ALVES,12696,5606,304,397,3758,3912,132,93,154,-61,9.213
RN,SÃO BENTO DO TRAIRÍ,18333,4468,697,790,2310,2423,145,93,113,-20,24.588
RS,JACUIZINHO,89265,2061,636,729,912,898,97,93,-14,107,44.806
SP,JERIQUARA,66095,3345,1047,1140,1221,1257,122,93,36,57,47.559
TO,PIUM,95478,5971,2064,2157,2236,2093,148,93,-143,236,50.753
GO,MIMOSO DE GOIÁS,92347,3361,1046,1138,1206,1182,165,92,-24,116,49.052
PI,LAGOA DE SÃO FRANCISCO,10863,6051,591,683,3633,3741,195,92,108,-16,15.439
PR,INAJÁ,76015,2548,646,738,1127,1110,103,92,-17,109,39.935
RN,SÃO RAFAEL,18538,7544,1388,1480,4033,4159,311,92,126,-34,26.246
RS,SÃO JOSÉ DO HERVAL,85588,2238,637,729,803,785,94,92,-18,110,48.151
SC,CORONEL MARTINS,81108,2015,793,885,774,771,88,92,-3,95,53.442
SC,SÃO BERNARDINO,81485,2579,862,954,1059,1075,111,92,16,76,47.018
SE,GRACCHO CARDOSO,31518,6460,808,900,3879,3960,213,92,81,11,18.519
SP,FERNÃO,62286,1691,680,772,388,406,63,92,18,74,65.535
AP,OIAPOQUE,6092,24266,4353,4444,8885,8150,717,91,-735,826,35.287
CE,ARNEIROZ,13293,6992,797,888,4093,4181,340,91,88,3,17.518
MA,IGARAPÉ DO MEIO,7684,10876,1274,1365,6721,6735,248,91,14,77,16.852
MT,PLANALTO DA SERRA,90344,3119,885,976,992,993,85,91,1,90,49.568
PB,APARECIDA,19844,7276,1158,1249,4090,4196,233,91,106,-15,22.938
PR,FOZ DO JORDÃO,75361,4359,1079,1170,2098,2059,97,91,-39,130,36.234
PR,SÃO PEDRO DO PARANÁ,78930,2701,1232,1323,648,657,69,91,9,82,66.818
RN,PEDRO AVELINO,17930,6602,1058,1149,3395,3319,244,91,-76,167,25.716
SC,BOM JESUS,81388,2601,1000,1091,958,984,61,91,26,65,52.578
SC,FLOR DO SERTÃO,81604,1774,608,699,673,695,95,91,22,69,50.143
SP,BARÃO DE ANTONINA,62014,2933,902,993,928,1031,134,91,103,-12,49.061
SP,PLATINA,68950,2775,1215,1306,696,737,97,91,41,50,63.926
BA,CATOLÂNDIA,34479,4190,559,649,2448,2477,94,90,29,61,20.761
BA,ITAGIMIRIM,36072,6641,1172,1262,2838,2853,213,90,15,75,30.668
GO,HIDROLINA,93912,3885,1239,1329,1538,1544,138,90,6,84,46.258
GO,MARZAGÃO,94536,3009,899,989,918,945,97,90,27,63,51.138
MG,JAMPRUCA,40304,4253,781,871,1996,2086,89,90,90,0,29.456
PB,LOGRADOURO,19160,4814,897,987,2102,2111,160,90,9,81,31.859
PI,JATOBÁ DO PIAUÍ,12394,6908,643,733,4332,4294,183,90,-38,128,14.581
PI,PAQUETÁ,10944,4183,454,544,2716,2676,110,90,-40,130,16.894
RN,OLHO D ÁGUA DO BORGES,17671,0,501,591,2712,2801,160,90,89,1,17.423
RS,BOA VISTA DAS MISSÕES,86428,2080,667,757,789,816,95,90,27,63,48.125
RS,BRAGA,85510,2871,787,877,1354,1304,116,90,-50,140,40.211
RS,HERVEIRAS,88323,2629,674,764,1303,1298,93,90,-5,95,37.051
RS,PEDRAS ALTAS,89567,1984,418,508,1006,997,108,90,-9,99,33.754
SC,MACIEIRA,80900,2366,667,757,694,682,59,90,-12,102,52.606
SC,PRESIDENTE CASTELLO BRANCO,82732,1671,1012,1102,286,298,65,90,12,78,78.714
SE,NEÓPOLIS,31879,14416,2381,2471,7538,7507,375,90,-31,121,24.764
SP,AREIAS,61697,3475,856,946,1545,1587,148,90,42,48,37.347
SP,PIQUEROBI,68691,3117,1060,1150,1102,1171,123,90,69,21,49.548
BA,PEDRÃO,37834,6584,453,542,4272,4327,188,89,55,34,11.132
MG,FRUTA DE LEITE,42080,5152,507,596,2254,2500,110,89,246,-157,19.251
MT,NOVA SANTA HELENA,89826,3395,1499,1588,625,608,63,89,-17,106,72.313
MT,SANTO AFONSO,90328,2662,901,990,717,689,83,89,-28,117,58.964
PI,CRISTINO CASTRO,10618,8632,1026,1115,4773,4748,179,89,-25,114,19.018
SC,IRATI,80861,2038,757,846,815,846,92,89,31,58,50.0
SP,ESTRELA DO NORTE,64076,2470,774,863,1031,1062,133,89,31,58,44.831
BA,IUIU,30660,8661,1137,1225,5186,5342,174,88,156,-68,18.654
CE,ERERÉ,13200,5613,515,603,3494,3630,219,88,136,-48,14.245
GO,JESÚPOLIS,92983,2727,1065,1153,694,719,91,88,25,63,61.592
MA,MIRINZAL,8354,12087,1537,1625,6405,6494,326,88,89,-1,20.015
MG,RIO DOCE,50997,2635,557,645,1245,1314,100,88,69,19,32.925
PB,CURRAL DE CIMA,19100,6239,650,738,3402,3402,238,88,0,88,17.826
PB,LIVRAMENTO,20710,5965,869,957,3234,3297,197,88,63,25,22.496
PE,SALOÁ,25453,13684,929,1017,7637,7785,204,88,148,-60,11.554
PI,PADRE MARCOS,11436,6046,686,774,3842,3893,189,88,51,37,16.585
PR,SANTA MÔNICA,74829,2718,883,971,1146,1187,106,88,41,47,44.995
RS,SANTA TEREZA,87629,1749,963,1051,390,389,74,88,-1,89,72.986
SP,ARCO-ÍRIS,62065,2337,977,1065,561,632,112,88,71,17,62.758
SP,BOREBI,61026,2399,889,977,674,701,109,88,27,61,58.224
SP,PAULISTÂNIA,62405,1997,800,888,512,515,84,88,3,85,63.293
SP,PONTES GESTAL,69078,2363,914,1002,698,748,83,88,50,38,57.257
AL,MINADOR DO NEGRÃO,28053,5122,793,880,2486,2489,227,87,3,84,26.121
AM,BOA VISTA DO RAMOS,2976,13831,985,1072,8269,7837,252,87,-432,519,12.033
BA,APUAREMA,33405,6390,1125,1212,3122,3256,160,87,134,-47,27.126
BA,ARATACA,30732,6572,1149,1236,3091,2988,188,87,-103,190,29.261
BA,FIRMINO ALVES,35173,5564,1025,1112,2440,2445,127,87,5,82,31.262
MG,SERITINGA,53279,2062,504,591,815,844,62,87,29,58,41.185
PA,PALESTINA DO PARÁ,4162,5871,1687,1774,2651,2580,179,87,-71,158,40.744
PB,DESTERRO,20095,7745,946,1033,4426,4419,199,87,-7,94,18.947
PB,MARIZÓPOLIS,19461,6310,1201,1288,3448,3530,218,87,82,5,26.733
PB,SANTA CECÍLIA,20001,7094,1215,1302,4000,4220,269,87,220,-133,23.578
PB,ÁGUA BRANCA,19011,8427,672,759,4946,4992,183,87,46,41,13.198
PI,ACAUÃ,12327,6401,448,535,4647,4694,186,87,47,40,10.231
PI,ASSUNÇÃO DO PIAUÍ,12106,7664,443,530,4316,4459,194,87,143,-56,10.623
RN,RUY BARBOSA,18198,4191,1304,1391,1701,1613,127,87,-88,175,46.305
RN,SÃO PEDRO,18511,6483,1196,1283,3439,3493,213,87,54,33,26.863
RS,CENTENÁRIO,86541,2656,1123,1210,1018,1081,111,87,63,24,52.815
SP,EMILIANÓPOLIS,61387,2729,1022,1109,990,1043,69,87,53,34,51.533
TO,ARAGOMINAS,73334,4451,1190,1277,2201,2120,129,87,-81,168,37.592
TO,BARRA DO OURO,73610,4022,864,951,1812,1710,115,87,-102,189,35.738
TO,JAÚ DO TOCANTINS,73369,3096,881,968,1211,1143,79,87,-68,155,45.855
BA,ANTÔNIO GONÇALVES,33359,8696,1355,1441,4885,5044,210,86,159,-73,22.221
GO,SÃO PATRÍCIO,93483,2462,1098,1184,588,662,116,86,74,12,64.139
MA,BERNARDO DO MEARIM,7200,5029,875,961,2872,2951,148,86,79,7,24.565
MG,COUTO DE MAGALHÃES DE MINAS,44016,3927,477,563,1938,2043,126,86,105,-19,21.604
MG,DOURADOQUARA,44695,2136,567,653,885,928,119,86,43,43,41.303
MT,SANTO ANTÔNIO DO LESTE,89843,2730,1042,1128,642,654,71,86,12,74,63.3
PB,RIACHÃO DO BACAMARTE,19127,5003,720,806,2569,2607,145,86,38,48,23.616
PB,SÃO JOSÉ DO BREJO DO CRUZ,19542,2620,429,515,1273,1236,86,86,-37,123,29.412
PE,MOREILÂNDIA,25852,9954,732,818,6161,6448,244,86,287,-201,11.258
PE,TEREZINHA,26018,6636,696,782,3870,3974,120,86,104,-18,16.442
PI,ALVORADA DO GURGUÉIA,12084,4660,545,631,2826,2823,102,86,-3,89,18.269
PI,PATOS DO PIAUÍ,10383,5570,413,499,3556,3586,164,86,30,56,12.215
RN,RODOLFO FERNANDES,18171,4662,555,641,2611,2701,172,86,90,-4,19.18
SE,SIRIRI,32433,6798,1157,1243,3764,3855,250,86,91,-5,24.382
SP,TEJUPÁ,71854,3464,1147,1233,1408,1487,133,86,79,7,45.331
TO,CASEARA,92088,3954,1054,1140,1815,1757,93,86,-58,144,39.351
TO,PRAIA NORTE,92525,5875,1195,1281,2794,2794,141,86,0,86,31.436
AM,ATALAIA DO NORTE,2054,9644,1051,1136,4724,4660,231,85,-64,149,19.6
BA,AIQUARA,33111,4350,634,719,2193,2254,101,85,61,24,24.184
BA,ALMADINA,33170,4951,615,700,2736,2767,98,85,31,54,20.19
BA,PLANALTINO,37990,6984,804,889,4038,4190,170,85,152,-67,17.503
GO,ADELÂNDIA,96911,2971,1432,1517,613,651,110,85,38,47,69.972
GO,NOVA AMÉRICA,94919,2775,1005,1090,863,853,79,85,-10,95,56.099
GO,UIRAPURU,93246,3086,782,867,1116,1098,97,85,-18,103,44.122
MA,MORROS,8419,16724,2344,2429,9620,9263,381,85,-357,442,20.775
MG,ITACAMBIRA,46396,4845,581,666,2624,2644,150,85,20,65,20.121
PR,BOA ESPERANÇA DO IGUAÇU,74144,2318,636,721,1200,1201,93,85,1,84,37.513
RN,CORONEL EZEQUIEL,16551,4901,662,747,2609,2688,196,85,79,6,21.747
RN,JANDAÍRA,16993,6402,1151,1236,3289,3269,181,85,-20,105,27.436
SE,MONTE ALEGRE DE SERGIPE,31836,12779,2211,2296,6595,6670,341,85,75,10,25.608
SP,BENTO DE ABREU,62235,2147,898,983,641,689,84,85,48,37,58.792
SP,LOURDES,62022,1879,803,888,529,553,82,85,24,61,61.624
SP,SANDOVALINA,70114,4894,863,948,1562,1610,118,85,48,37,37.06
SP,SANTO EXPEDITO,70670,2688,1006,1091,954,997,89,85,43,42,52.251
AL,CARNEIROS,27359,7766,726,810,3945,3888,341,84,-57,141,17.241
AM,NOVO ARIPUANÃ,2674,13369,2021,2105,6804,6747,327,84,-57,141,23.78
MA,SÃO FRANCISCO DO MARANHÃO,9156,9163,722,806,5811,6228,190,84,417,-333,11.459
MG,PEDRA DOURADA,49794,2735,740,824,1262,1327,131,84,65,19,38.308
PB,SÃO FRANCISCO,19860,4154,621,705,2459,2570,153,84,111,-27,21.527
PE,JATOBÁ,23264,11644,1072,1156,6707,6795,205,84,88,-4,14.539
PI,MORRO DO CHAPÉU DO PIAUÍ,12459,5889,625,709,3301,3304,118,84,3,81,17.668
RN,SANTA MARIA,16241,5125,918,1002,2560,2566,147,84,6,78,28.083
RS,UBIRETAMA,88609,1895,1001,1085,453,518,150,84,65,19,67.686
SE,ARAUÁ,31070,9672,1397,1481,5429,5581,320,84,152,-68,20.971
SE,SANTANA DO SÃO FRANCISCO,31003,6382,1054,1138,3143,3188,167,84,45,39,26.306
SP,VITÓRIA BRASIL,62227,1673,662,746,547,567,57,84,20,64,56.816
MG,FARIA LEMOS,45055,3334,819,902,1494,1502,110,83,8,75,37.521
MG,OLARIA,49077,2314,470,553,1116,1180,89,83,64,19,31.91
PI,ANGICAL DO PIAUÍ,10111,6654,853,936,4092,4205,193,83,113,-30,18.207
RS,CANUDOS DO VALE,89109,1944,571,654,876,881,118,83,5,78,42.606
RS,LAJEADO DO BUGRE,86860,2110,579,662,919,924,60,83,5,78,41.74
SP,PARISI,61824,3087,1191,1274,754,814,109,83,60,23,61.015
TO,BREJINHO DE NAZARÉ,92738,4224,1248,1331,1679,1682,154,83,3,80,44.175
TO,LAJEADO,73407,3515,1082,1165,1313,1258,106,83,-55,138,48.081
AL,ROTEIRO,28550,5782,1380,1462,2381,2250,216,82,-131,213,39.386
BA,TEODORO SAMPAIO,39276,6885,463,545,4580,4631,190,82,51,31,10.529
CE,GENERAL SAMPAIO,13935,8291,955,1037,4645,4708,308,82,63,19,18.05
GO,MORRO AGUDO DE GOIÁS,92169,3067,1310,1392,861,878,105,82,17,65,61.322
MG,CRISTÁLIA,44059,5209,769,851,2467,2589,152,82,122,-40,24.738
MG,DORESÓPOLIS,44679,2222,726,808,681,733,78,82,52,30,52.433
MG,MONTE FORMOSO,41084,4623,532,614,1976,2136,126,82,160,-78,22.327
MT,TESOURO,91618,2775,849,931,1075,1002,150,82,-73,155,48.163
PB,BAÍA DA TRAIÇÃO,19291,8449,892,974,4775,4760,188,82,-15,97,16.986
PB,CARAÚBAS,19240,4544,597,679,2678,2725,155,82,47,35,19.947
RN,BENTO FERNANDES,16314,4936,725,807,3026,3044,155,82,18,64,20.956
RN,DOUTOR SEVERIANO,16632,6357,580,662,3970,4117,221,82,147,-65,13.852
RN,ITAÚ,16950,5233,744,826,2984,3053,182,82,69,13,21.294
RS,QUATRO IRMÃOS,89389,1735,775,857,523,514,60,82,-9,91,62.509
SC,MATOS COSTA,82090,2466,756,838,982,959,80,82,-23,105,46.633
SP,SANTA CLARA D OESTE,70238,0,926,1008,735,754,69,82,19,63,57.208
SP,ZACARIAS,61921,2572,1034,1116,687,720,81,82,33,49,60.784
BA,ITAPITANGA,36331,5957,1084,1165,3198,3297,174,81,99,-18,26.109
BA,LENÇÓIS,36870,7938,815,896,4989,5147,127,81,158,-77,14.827
MA,BELA VISTA DO MARANHÃO,7188,10107,1408,1489,5591,5673,206,81,82,-1,20.79
MG,ÁGUA COMPRIDA,40134,2705,923,1004,744,755,65,81,11,70,57.078
PB,JERICÓ,20494,6972,732,813,4328,4387,183,81,59,22,15.635
PE,INAJÁ,24392,15927,940,1021,9507,9502,160,81,-5,86,9.703
PE,VERDEJANTE,26212,8435,604,685,5269,5286,161,81,17,64,11.472
PI,JUREMA,10847,5204,364,445,3240,3287,131,81,47,34,11.924
PR,ENTRE RIOS DO OESTE,74284,3727,2159,2240,771,768,90,81,-3,84,74.468
PR,NOVA ALIANÇA DO IVAÍ,77151,1569,529,610,589,569,61,81,-20,101,51.739
SC,SANTIAGO DO SUL,81205,1540,570,651,560,591,71,81,31,50,52.415
SP,ARAPEÍ,61646,2510,791,872,864,922,107,81,58,23,48.606
SP,BREJO ALEGRE,62081,2881,817,898,1034,1044,67,81,10,71,46.241
SP,CAMPOS NOVOS PAULISTA,62979,3804,1676,1757,1012,1071,97,81,59,22,62.129
BA,NORDESTINA,39799,10598,1177,1257,5932,6280,191,80,348,-268,16.678
CE,TARRAFAS,13366,7433,527,607,4652,4871,268,80,219,-139,11.081
GO,SÍTIO D ABADIA,96113,0,748,828,1135,1163,150,80,28,52,41.587
MA,BENEDITO LEITE,7358,4652,554,634,2440,2526,85,80,86,-6,20.063
MG,CAMPO AZUL,41807,4527,488,568,2135,2137,98,80,2,78,20.998
MG,CEDRO DO ABAETÉ,43117,1431,390,470,432,420,64,80,-12,92,52.809
PB,LAGOA DE DENTRO,20656,7884,1067,1147,3998,4079,239,80,81,-1,21.948
PI,CAMPO GRANDE DO PIAUÍ,10723,5318,396,476,3279,3391,155,80,112,-32,12.309
RN,CAMPO REDONDO,16411,8632,1004,1084,5316,5332,212,80,16,64,16.895
RS,CAPÃO BONITO DO SUL,89125,2118,722,802,802,860,128,80,58,22,48.255
SC,ENTRE RIOS,81426,3102,651,731,1594,1647,117,80,53,27,30.74
SP,RIBEIRÃO DOS ÍNDIOS,62421,1924,620,700,733,765,69,80,32,48,47.782
TO,PEQUIZEIRO,92487,4377,1317,1397,1920,1851,120,80,-69,149,43.011
AC,ACRELÂNDIA,1120,10224,5238,5317,1516,1460,309,79,-56,135,78.457
BA,MANSIDÃO,39772,10618,1021,1100,5517,5491,268,79,-26,105,16.689
BA,MARCIONÍLIO SOUZA,37176,7783,956,1035,4252,4412,133,79,160,-81,19.001
GO,BURITI DE GOIÁS,93106,3505,1575,1654,837,856,130,79,19,60,65.896
MA,CANTANHEDE,7510,14236,1524,1603,7941,8048,256,79,107,-28,16.61
MA,LAGO DO JUNCO,8150,8477,1374,1453,4766,4796,145,79,30,49,23.252
MA,LAGOA DO MATO,7820,8295,720,799,4924,5252,134,79,328,-249,13.204
PB,MARCAÇÃO,19968,7926,770,849,4570,4669,171,79,99,-20,15.386
PI,AROEIRAS DO ITAIM,12734,4359,456,535,2633,2652,84,79,19,60,16.787
PI,PAU D ARCO DO PIAUÍ,12718,0,515,594,3297,3337,156,79,40,39,15.111
SP,SANTANA DA PONTE PENSA,70459,1933,628,707,449,491,79,79,42,37,59.015
BA,DÁRIO MEIRA,34991,8548,1099,1177,4307,4490,233,78,183,-105,20.769
MG,CÓRREGO NOVO,43990,3929,813,891,1657,1692,74,78,35,43,34.495
MG,NACIP RAYDAN,48836,2844,512,590,1119,1213,58,78,94,-16,32.723
MG,SIMÃO PEREIRA,53490,3148,930,1008,1337,1382,126,78,45,33,42.176
PB,BOA VENTURA,19437,5234,587,665,3060,3024,162,78,-36,114,18.027
PI,IPIRANGA DO PIAUÍ,10952,7765,597,675,5007,5159,186,78,152,-74,11.57
SP,DIRCE REIS,61123,1707,564,642,583,590,94,78,7,71,52.11
SP,MIRA ESTRELA,67016,2894,1021,1099,843,895,110,78,52,26,55.115
SP,SUZANÁPOLIS,61301,2989,908,986,1145,1184,138,78,39,39,45.438
TO,BOM JESUS DO TOCANTINS,73121,3687,1059,1137,1409,1393,85,78,-16,94,44.941
TO,SANDOLÂNDIA,73156,3573,1244,1322,1258,1222,104,78,-36,114,51.965
AM,UARINI,98493,9899,1859,1936,4335,4087,346,77,-248,325,32.143
MG,SANTANA DO GARAMBÉU,51730,2351,430,507,1208,1289,72,77,81,-4,28.229
PB,BARAÚNA,19305,4664,520,597,2743,2821,146,77,78,-1,17.466
PE,CALÇADO,23655,7911,647,724,5071,5190,197,77,119,-42,12.242
PR,PARANAPOEMA,77470,2105,615,692,990,1009,108,77,19,58,40.682
RS,GRAMADO DOS LOUREIROS,86762,2634,664,741,1044,1044,79,77,0,77,41.513
SE,MURIBECA,31852,7504,1371,1448,3936,3899,286,77,-37,114,27.081
SP,SANTA SALETE,62200,1841,852,929,425,427,75,77,2,75,68.51
TO,MONTE SANTO DO TOCANTINS,73563,2555,978,1055,824,801,86,77,-23,100,56.843
BA,GENTIO DO OURO,35254,9741,996,1072,6387,6496,215,76,109,-33,14.165
MA,SATUBINHA,8460,7487,1091,1167,3915,4035,247,76,120,-44,22.434
MG,PIAU,50016,3251,765,841,1496,1599,127,76,103,-27,34.467
MG,RIO DO PRADO,51012,4353,518,594,2197,2341,106,76,144,-68,20.239
MG,SANTA CRUZ DO ESCALVADO,51470,4890,948,1024,2543,2667,135,76,124,-48,27.743
MG,UNIÃO DE MINAS,42447,3159,882,958,1432,1478,72,76,46,30,39.327
MT,RESERVA DO CABAÇAL,98914,1835,689,765,554,567,91,76,13,63,57.432
MT,RIBEIRÃOZINHO,90441,2480,771,847,770,775,89,76,5,71,52.219
PB,TRIUNFO,22373,7622,588,664,4750,4900,199,76,150,-74,11.934
PE,SALGADINHO,25410,7158,1095,1171,3891,3921,156,76,30,46,22.997
PI,LAGOA DO BARRO DO PIAUÍ,10340,4657,324,400,3053,3109,83,76,56,20,11.399
AC,XAPURI,1490,12788,5142,5217,3774,3634,387,75,-140,215,58.942
BA,SÃO JOSÉ DA VITÓRIA,39926,5272,1266,1341,2139,2135,174,75,-4,79,38.579
BA,VARZEDO,39624,9478,1554,1629,5045,5264,287,75,219,-144,23.633
GO,ALOÂNDIA,92096,2170,789,864,705,748,103,75,43,32,53.598
MA,SAMBAÍBA,8931,5423,1150,1225,2998,2809,120,75,-189,264,30.367
MA,SÃO JOÃO DO CARÚ,8303,10152,1638,1713,5229,5304,234,75,75,0,24.412
MG,SEM PEIXE,40827,3769,647,722,1752,1679,124,75,-73,148,30.071
PB,BOM SUCESSO,19470,4882,344,419,3112,3124,192,75,12,63,11.826
PI,JÚLIO BORGES,12203,5247,343,418,2997,3040,175,75,43,32,12.088
PI,LANDRI SALES,11118,5137,432,507,2846,2828,92,75,-18,93,15.202
RS,ANDRÉ DA ROCHA,86100,1406,658,733,327,320,79,75,-7,82,69.611
SE,SANTA ROSA DE LIMA,32298,4660,765,840,2320,2310,160,75,-10,85,26.667
SP,TRABIJU,62448,1648,468,543,639,659,92,75,20,55,45.175
AL,OLHO D ÁGUA DO CASADO,28150,0,523,597,4522,4553,258,74,31,43,11.592
BA,LAFAIETE COUTINHO,36757,4485,512,586,2497,2584,108,74,87,-13,18.486
MA,GOVERNADOR ARCHER,7870,8100,1003,1077,4754,4931,230,74,177,-103,17.926
MT,NOVA MARILÂNDIA,90166,3028,1116,1190,779,773,83,74,-6,80,60.621
PB,SOSSÊGO,19283,3676,305,379,2189,2227,125,74,38,36,14.543
PI,SÃO JOÃO DA SERRA,11975,6920,782,856,4026,4008,243,74,-18,92,17.599
RS,CARLOS GOMES,86525,1397,512,586,574,591,52,74,17,57,49.788
RS,POUSO NOVO,85421,1660,698,772,593,606,68,74,13,61,56.023
SC,JARDINÓPOLIS,81140,1699,778,852,511,553,105,74,42,32,60.641
TO,TOCANTÍNIA,96199,5440,1035,1109,2854,2845,92,74,-9,83,28.048
MA,AXIXÁ,7218,11567,1480,1553,6314,6297,272,73,-17,90,19.783
MG,SÃO SEBASTIÃO DO RIO PRETO,52957,2059,500,573,695,716,74,73,21,52,44.453
MT,VALE DE SÃO DOMINGOS,91022,2725,1365,1438,468,472,42,73,4,69,75.288
PB,CUITÉ DE MAMANGUAPE,19089,7699,834,907,4137,4192,195,73,55,18,17.788
PB,IGARACY,19534,5976,662,735,3172,3147,246,73,-25,98,18.934
PB,SÃO JOSÉ DE ESPINHARAS,21890,4459,594,667,2664,2664,125,73,0,73,20.024
SE,NOSSA SENHORA APARECIDA,31356,7656,1878,1951,3625,3846,263,73,221,-148,33.655
SP,DOLCINÓPOLIS,63851,2361,586,659,994,1021,85,73,27,46,39.226
SP,NOVA GUATAPORANGA,67636,2015,654,727,713,773,57,73,60,13,48.467
TO,AGUIARNÓPOLIS,73512,3959,966,1039,1862,1860,123,73,-2,75,35.84
BA,CANUDOS,30856,13133,1434,1506,7993,8166,248,72,173,-101,15.571
BA,CARDEAL DA SILVA,34398,8051,500,572,4743,4812,152,72,69,3,10.624
MG,BERTÓPOLIS,41319,4079,750,822,2069,2201,86,72,132,-60,27.192
MG,PEDRO TEIXEIRA,49875,2511,363,435,1407,1495,132,72,88,-16,22.539
MT,SANTA RITA DO TRIVELATO,91049,2626,1032,1104,522,511,75,72,-11,83,68.359
PB,MATINHAS,19143,4881,603,675,2566,2674,138,72,108,-36,20.155
PI,SIGEFREDO PACHECO,10545,9292,967,1039,5811,5755,259,72,-56,128,15.293
RS,BOM PROGRESSO,86444,2596,788,860,983,921,74,72,-62,134,48.287
SP,LUTÉCIA,66591,2377,919,991,865,888,68,72,23,49,52.741
SP,SÃO JOÃO DE IRACEMA,61883,1814,508,580,709,754,77,72,45,27,43.478
MG,CAMPANÁRIO,42153,3383,643,714,1413,1482,86,71,69,2,32.514
MG,MONJOLOS,48496,2644,468,539,981,1038,73,71,57,14,34.179
MG,PAIVA,49310,1866,372,443,852,872,104,71,20,51,33.688
PB,SÃO JOSÉ DO BONFIM,21938,4547,715,786,2363,2382,117,71,19,52,24.811
PI,NOVO ORIENTE DO PIAUÍ,11371,5158,345,416,3359,3394,132,71,35,36,10.919
PR,ARIRANHA DO IVAÍ,75086,2521,716,787,1040,1068,103,71,28,43,42.426
RN,TENENTE ANANIAS,18791,8231,1280,1351,4700,4674,201,71,-26,97,22.423
RS,DOIS IRMÃOS DAS MISSÕES,86681,2077,678,749,840,835,77,71,-5,76,47.285
RS,SÃO VALÉRIO DO SUL,87866,2351,613,684,1068,1049,55,71,-19,90,39.469
SP,ASPÁSIA,61522,1881,787,858,577,615,82,71,38,33,58.248
BA,FEIRA DA MATA,35149,5209,1347,1417,2518,2581,114,70,63,7,35.443
BA,ITANAGRA,36196,6685,698,768,3575,3621,149,70,46,24,17.498
MT,SANTA CRUZ DO XINGU,90980,2267,821,891,419,404,38,70,-15,85,68.803
PB,BELÉM DO BREJO DO CRUZ,19410,6684,1077,1147,3502,3472,221,70,-30,100,24.832
PB,CATINGUEIRA,19852,5447,821,891,2842,2813,201,70,-29,99,24.055
PB,CONDADO,19917,5819,667,737,3380,3413,166,70,33,37,17.759
PI,FRANCISCO AYRES,10812,5186,440,510,2863,2857,201,70,-6,76,15.147
SE,CUMBE,31372,4504,1127,1197,2098,2145,210,70,47,23,35.817
SP,SANTA MERCEDES,70432,2680,905,975,884,900,103,70,16,54,52.0
AL,MARIBONDO,27952,11167,2356,2425,4974,4770,373,69,-204,273,33.704
GO,SÃO LUIZ DO NORTE,92649,5119,1526,1595,1838,1916,152,69,78,-9,45.429
GO,ÁGUA LIMPA,92037,2635,885,954,787,787,95,69,0,69,54.796
MA,DUQUE BACELAR,7757,9666,701,770,6259,6278,227,69,19,50,10.925
MA,SENADOR ALEXANDRE COSTA,8486,8471,1170,1239,4503,4671,157,69,168,-99,20.964
MG,CACHOEIRA DOURADA,41955,2815,528,597,1206,1227,80,69,21,48,32.73
MG,PESCADOR,49999,3588,705,774,1433,1532,96,69,99,-30,33.565
MG,SANTA CRUZ DE SALINAS,41483,4507,391,460,2226,2435,121,69,209,-140,15.889
PB,BREJO DOS SANTOS,19593,6030,1121,1190,3335,3359,179,69,24,45,26.16
PI,MURICI DOS PORTELAS,12475,6071,733,802,3525,3622,240,69,97,-28,18.128
PR,SANTA AMÉLIA,78395,3053,1193,1262,1064,1075,82,69,11,58,54.001
PB,PRATA,21458,4266,744,812,2310,2297,119,68,-13,81,26.118
PB,RIACHÃO DO POÇO,19003,4876,902,970,2376,2514,162,68,138,-70,27.842
RN,BODÓ,16101,3795,473,541,2055,2152,100,68,97,-29,20.089
RN,RAFAEL FERNANDES,18090,4959,598,666,3193,3352,122,68,159,-91,16.575
RN,SANTANA DO SERIDÓ,18252,2655,614,682,1317,1414,171,68,97,-29,32.538
RS,ITAPUCA,86843,1824,806,874,558,553,53,68,-5,73,61.247
SE,SÃO FRANCISCO,32379,3806,612,680,2035,2037,131,68,2,66,25.028
SP,MESÓPOLIS,61964,1890,691,759,578,580,74,68,2,66,56.684
TO,CRIXÁS DO TOCANTINS,73555,1827,533,601,709,670,63,68,-39,107,47.286
AL,PARICONHA,27022,9801,495,562,5663,5771,336,67,108,-41,8.874
MA,SÃO BENEDITO DO RIO PRETO,9059,16375,1560,1627,9726,9571,260,67,-155,222,14.529
MG,PRESIDENTE KUBITSCHEK,50652,3091,274,341,1797,1864,78,67,67,0,15.465
PB,CONGO,19950,5408,655,722,3395,3385,198,67,-10,77,17.58
RN,ENCANTO,16659,5164,472,539,3231,3337,106,67,106,-39,13.906
SP,FLORA RICA,64173,1430,509,576,563,555,36,67,-8,75,50.928
AL,JOAQUIM GOMES,27758,15493,2685,2751,7065,6755,491,66,-310,376,28.94
MA,SÃO RAIMUNDO DO DOCA BEZERRA,8427,5182,663,729,2944,3070,165,66,126,-60,19.189
MG,SANTO HIPÓLITO,52116,3399,492,558,1388,1446,110,66,58,8,27.844
PB,NOVA OLINDA,21059,5949,491,557,3011,3064,145,66,53,13,15.382
PI,ARRAIAL,10197,4391,409,475,2696,2710,156,66,14,52,14.914
PI,JUAZEIRO DO PIAUÍ,12416,5445,693,759,3458,3420,226,66,-38,104,18.162
PI,MONTE ALEGRE DO PIAUÍ,11312,9459,886,952,5680,5704,244,66,24,42,14.303
PR,MANFRINÓPOLIS,75469,3124,712,778,1609,1569,84,66,-40,106,33.149
RN,JUNDIÁ,16306,4789,950,1016,2176,2176,187,66,0,66,31.83
RS,PORTO VERA CRUZ,87483,1763,661,727,632,655,75,66,23,43,52.605
GO,AMARALINA,93386,2982,929,994,1251,1315,135,65,64,1,43.049
GO,PALMELO,95133,2415,860,925,758,795,120,65,37,28,53.779
MT,BARÃO DE MELGAÇO,90310,6867,1636,1701,3010,2917,213,65,-93,158,36.834
PB,CACIMBAS,19364,6662,513,578,3693,3667,127,65,-26,91,13.616
PI,BARRO DURO,10278,6432,1038,1103,3229,3294,178,65,65,0,25.085
PI,MANOEL EMÍDIO,11177,4919,462,527,3011,2985,136,65,-26,91,15.006
PI,PALMEIRAIS,11495,13363,1214,1279,8267,8211,303,65,-56,121,13.477
PR,PINHAL DE SÃO BENTO,74640,2574,477,542,1337,1378,82,65,41,24,28.229
PR,UNIFLOR,79391,2160,767,832,906,929,71,65,23,42,47.246
RN,FELIPE GUERRA,16730,7096,845,910,4594,4769,235,65,175,-110,16.024
SP,ITAOCA,61603,2996,859,924,1149,1179,95,65,30,35,43.937
SP,RUBIÁCEA,69892,2392,993,1058,658,713,121,65,55,10,59.74
TO,ESPERANTINA,73296,6635,1192,1257,3242,3212,146,65,-30,95,28.127
BA,GONGOGI,35297,5402,730,794,2733,2752,136,64,19,45,22.391
CE,BAIXIO,13358,5496,479,543,3512,3673,272,64,161,-97,12.88
ES,MUCURICI,56715,5149,1288,1352,2324,2335,171,64,11,53,36.669
GO,COLINAS DO SUL,92126,3862,697,761,1602,1553,148,64,-49,113,32.887
PB,MATURÉIA,19984,5826,532,596,3355,3420,153,64,65,-1,14.841
PE,CEDRO,23850,10210,735,799,6160,5956,227,64,-204,268,11.828
PI,RIO GRANDE DO PIAUÍ,11797,5450,495,559,3406,3486,124,64,80,-16,13.82
PI,SANTA LUZ,11851,5296,895,959,2906,3023,142,64,117,-53,24.083
PI,SÃO JOSÉ DO PIAUÍ,12033,6020,602,666,3882,3947,87,64,65,-1,14.437
RS,BENJAMIN CONSTANT DO SUL,88420,2132,582,646,1021,1010,40,64,-11,75,39.01
TO,SUCUPIRA,73377,1763,548,612,694,661,80,64,-33,97,48.075
BA,MACURURÉ,36994,6581,603,666,4209,4186,213,63,-23,86,13.726
BA,MIRANTE,37303,8316,985,1048,4593,4783,212,63,190,-127,17.973
PA,SÃO JOÃO DA PONTA,4820,6385,1286,1349,3182,3122,322,63,-60,123,30.172
PB,JUAREZ TÁVORA,20532,7975,1234,1297,4321,4467,208,63,146,-83,22.502
RN,SÍTIO NOVO,18716,5172,641,704,3021,3067,141,63,46,17,18.669
SP,MARINÓPOLIS,66834,1760,668,731,608,638,82,63,30,33,53.397
SP,TURMALINA,72079,1964,562,625,697,735,98,63,38,25,45.956
TO,TALISMÃ,73504,2564,809,872,1045,982,65,63,-63,126,47.033
CE,SENADOR SÁ,15571,7045,1036,1098,3852,4030,421,62,178,-116,21.412
GO,BALIZA,92614,3345,751,813,1252,1200,84,62,-52,114,40.387
MS,JAPORÃ,55034,6587,1169,1231,3049,3092,117,62,43,19,28.476
PB,SÃO JOÃO DO CARIRI,21814,4598,530,592,2679,2685,150,62,6,56,18.065
PE,PALMEIRINA,25011,6520,612,674,3427,3507,133,62,80,-18,16.121
PI,ANTÔNIO ALMEIDA,10154,3072,586,648,1626,1596,82,62,-30,92,28.877
PI,DOMINGOS MOURÃO,11410,4279,330,392,2804,2815,114,62,11,51,12.223
RN,EQUADOR,16675,4780,999,1061,2459,2595,168,62,136,-74,29.021
TO,DARCINÓPOLIS,73032,4750,1068,1130,1988,1960,142,62,-28,90,36.57
TO,PAU D ARCO,73261,0,1124,1186,1420,1307,78,62,-113,175,47.573
TO,PINDORAMA DO TOCANTINS,95370,3715,1012,1074,1659,1633,105,62,-26,88,39.675
AL,CAMPO GRANDE,27294,9167,1136,1197,5082,5048,318,61,-34,95,19.167
AL,DOIS RIACHOS,27499,9513,1399,1460,4778,4705,344,61,-73,134,23.682
AL,QUEBRANGULO,28517,10449,1672,1733,5252,5173,336,61,-79,140,25.094
AM,TONANTINS,98515,11813,1237,1298,6363,6307,285,61,-56,117,17.068
GO,CACHOEIRA DE GOIÁS,92835,2074,643,704,634,644,94,61,10,51,52.226
MA,GRAÇA ARANHA,7919,6304,861,922,3672,3635,132,61,-37,98,20.233
MT,RONDOLÂNDIA,89960,3089,968,1029,804,819,85,61,15,46,55.682
PA,PIÇARRA,4782,9421,3548,3609,3322,3208,330,61,-114,175,52.941
PB,DAMIÃO,19275,4891,430,491,2703,2853,154,61,150,-89,14.683
PB,SÃO DOMINGOS,19429,3304,478,539,1800,1837,144,61,37,24,22.685
PI,CAMPO LARGO DO PIAUÍ,10740,5867,649,710,3232,3261,155,61,29,32,17.88
PI,MARCOS PARENTE,11193,4349,773,834,2174,2168,131,61,-6,67,27.781
MA,SUCUPIRA DO RIACHÃO,8540,4720,330,390,2779,2962,99,60,183,-123,11.635
PI,BETÂNIA DO PIAUÍ,12122,5869,317,377,3881,3955,125,60,74,-14,8.703
RN,LAGOA DE VELHOS,17272,3335,724,784,1644,1678,126,60,34,26,31.844
RN,SÃO BENTO DO NORTE,18317,4271,617,677,2198,2188,151,60,-10,70,23.63
TO,MAURILÂNDIA DO TOCANTINS,73059,3590,544,604,1824,1830,123,60,6,54,24.815
BA,CONTENDAS DO SINCORÁ,34754,4549,647,706,2475,2516,141,59,41,18,21.912
PA,FARO,4596,7169,883,942,3988,3772,153,59,-216,275,19.983
PB,BONITO DE SANTA FÉ,19496,7956,1269,1328,4223,4281,202,59,58,1,23.676
PI,NOSSA SENHORA DE NAZARÉ,10928,6129,498,557,3855,3869,134,59,14,45,12.585
PR,GUAPOREMA,75779,1978,823,882,655,685,61,59,30,29,56.286
RO,PARECIS,701,3861,1346,1405,957,904,112,59,-53,112,60.849
RS,GARRUCHOS,86720,2526,673,732,1201,1219,100,59,18,41,37.519
SE,CANHOBA,31216,4715,612,671,2632,2657,131,59,25,34,20.162
AL,JARAMATAIA,27731,5244,702,760,2843,2802,196,58,-41,99,21.336
AL,PALESTINA,28231,5012,600,658,2442,2354,229,58,-88,146,21.846
MG,BANDEIRA,41033,4594,515,573,2329,2578,97,58,249,-191,18.185
PB,DUAS ESTRADAS,20176,3911,564,622,2051,2064,116,58,13,45,23.157
PI,MADEIRO,12440,6716,716,774,3744,3798,131,58,54,4,16.929
RN,AFONSO BEZERRA,16055,10579,1884,1942,5383,5344,401,58,-39,97,26.654
RN,SÃO FRANCISCO DO OESTE,18210,4116,552,610,2358,2569,206,58,211,-153,19.188
SE,NOSSA SENHORA DE LOURDES,31933,6295,831,889,3556,3635,141,58,79,-21,19.651
MG,ARGIRITA,40878,3036,607,664,1531,1585,85,57,54,3,29.524
MG,MATHIAS LOBATO,54313,3366,811,868,1410,1414,49,57,4,53,38.037
PA,ALMEIRIM,4090,23961,4798,4855,11781,11451,750,57,-330,387,29.774
PB,BORBOREMA,19550,4904,616,673,2576,2643,140,57,67,-10,20.296
PB,CACIMBA DE AREIA,19690,4351,494,551,2455,2523,82,57,68,-11,17.925
PB,SANTA HELENA,21679,5985,454,511,3763,3928,131,57,165,-108,11.512
PI,CAXINGÓ,12688,5781,571,628,3560,3641,227,57,81,-24,14.711
PI,SÃO JOÃO DA CANABRAVA,11088,4522,422,479,3242,3171,129,57,-71,128,13.123
PI,SÃO JULIÃO,12050,5632,1170,1227,2885,2860,171,57,-25,82,30.022
PR,JARDIM OLINDA,76457,1353,280,337,670,689,67,57,19,38,32.846
MG,ANTÔNIO PRADO DE MINAS,40614,1922,536,592,842,863,70,56,21,35,40.687
PB,SERTÃOZINHO,19186,5127,665,721,2532,2631,142,56,99,-43,21.51
PI,COLÔNIA DO PIAUÍ,10227,6186,547,603,3907,3941,137,56,34,22,13.27
SP,UNIÃO PAULISTA,72150,1705,623,679,512,503,50,56,-9,65,57.445
TO,PALMEIRANTE,73083,4310,889,945,1968,1902,125,56,-66,122,33.193
GO,LAGOA SANTA,93602,1789,610,665,437,438,51,55,1,54,60.29
MG,JOSENÓPOLIS,40924,3586,475,530,1554,1618,77,55,64,-9,24.674
PI,CAJAZEIRAS DO PIAUÍ,12343,3679,313,368,2280,2203,107,55,-77,132,14.313
PI,JACOBINA DO PIAUÍ,10286,5230,522,577,3538,3606,165,55,68,-13,13.794
SP,BALBINOS,61930,1408,584,639,452,442,47,55,-10,65,59.112
AL,CHÃ PRETA,27375,6933,909,963,3193,3126,241,54,-67,121,23.551
AL,MATRIZ DE CAMARAGIBE,28010,18673,6749,6803,5531,5615,619,54,84,-30,54.783
AP,PORTO GRANDE,6025,15572,4058,4112,5510,5120,676,54,-390,444,44.541
BA,LAJEDINHO,36811,3631,411,465,2110,2161,77,54,51,3,17.708
GO,CAMPOS VERDES,92061,4506,907,961,1951,1927,140,54,-24,78,33.276
MA,PRESIDENTE JUSCELINO,8818,10028,1095,1149,5957,5859,243,54,-98,152,16.396
MT,PONTE BRANCA,91332,2043,504,558,843,826,65,54,-17,71,40.318
PB,CACHOEIRA DOS ÍNDIOS,19674,7919,742,796,4870,5004,205,54,134,-80,13.724
PB,PASSAGEM,21156,2854,382,436,1522,1524,94,54,2,52,22.245
PI,SANTA ROSA DO PIAUÍ,10464,5006,691,745,2531,2626,110,54,95,-41,22.1
RN,FRUTUOSO GOMES,17515,4209,475,529,2653,2634,112,54,-19,73,16.725
RS,INHACORÁ,86827,2078,708,762,789,775,63,54,-14,68,49.577
SC,LAJEADO GRANDE,80586,1596,743,797,469,485,56,54,16,38,62.168
TO,CARMOLÂNDIA,73326,2414,639,693,1098,1098,110,54,0,54,38.693
BA,IBIQUERA,35530,4211,352,405,2371,2316,115,53,-55,108,14.884
CE,POTIRETAMA,13269,5873,619,672,4029,4002,132,53,-27,80,14.377
MA,SUCUPIRA DO NORTE,9318,8333,1257,1310,5035,5169,159,53,134,-81,20.219
PI,ANÍSIO DE ABREU,10138,7185,582,635,4814,4913,183,53,99,-46,11.446
PI,BRASILEIRA,10006,8750,811,864,4716,4864,182,53,148,-95,15.084
PI,LAGOINHA DO PIAUÍ,12432,3252,368,421,1965,1960,82,53,-5,58,17.682
RN,PORTO DO MANGUE,16284,5105,686,739,3001,3027,181,53,26,27,19.623
AM,SANTA ISABEL DO RIO NEGRO,2372,9468,1253,1305,3824,3703,251,52,-121,173,26.058
BA,CANDEAL,34274,7814,1165,1217,4651,4718,179,52,67,-15,20.505
BA,CHORROCHÓ,34533,9132,854,906,5651,5672,197,52,21,31,13.773
BA,ITAJU DO COLÔNIA,36099,6267,1489,1541,2269,2206,127,52,-63,115,41.126
GO,TERESINA DE GOIÁS,92762,3275,571,623,1219,1236,94,52,17,35,33.513
MA,JATOBÁ,7749,7231,812,864,4005,4094,111,52,89,-37,17.426
MA,SÃO JOSÉ DOS BASÍLIOS,8362,6406,646,698,4069,4099,121,52,30,22,14.551
MG,UMBURATIBA,54054,2753,445,497,1228,1285,63,52,57,-5,27.89
PB,FREI MARTINHO,20257,2954,510,562,1619,1636,109,52,17,35,25.569
PI,TANQUE DO PIAUÍ,12521,2737,274,326,1518,1524,88,52,6,46,17.622
TO,NAZARÉ,94838,4135,775,827,2271,2248,218,52,-23,75,26.894
TO,PORTO ALEGRE DO TOCANTINS,92509,2647,431,483,1162,1150,95,52,-12,64,29.577
TO,SÃO VALÉRIO,92681,4077,699,751,2025,2013,101,52,-12,64,27.171
AL,BELO MONTE,27170,6056,1006,1057,3192,3113,245,51,-79,130,25.348
MA,MARAJÁ DO SENA,7900,6782,926,977,3404,3443,150,51,39,12,22.104
MT,ARAGUAINHA,90239,1236,314,365,465,416,27,51,-49,100,46.735
PB,MONTE HOREBE,20931,4338,339,390,2399,2476,165,51,77,-26,13.608
PE,SOLIDÃO,25879,5556,441,492,3713,3752,54,51,39,12,11.593
PI,FRANCINÓPOLIS,10790,4596,342,393,2783,2783,102,51,0,51,12.374
PR,IGUATU,74381,2135,724,775,838,863,57,51,25,26,47.314
SE,ILHA DAS FLORES,31534,7763,1060,1111,4168,3910,178,51,-258,309,22.127
TO,MURICILÂNDIA,73342,2871,701,752,1363,1295,82,51,-68,119,36.737
TO,PALMEIRAS DO TOCANTINS,73040,4247,1105,1156,1966,1920,132,51,-46,97,37.581
TO,PUGMIL,73571,2326,783,834,741,737,65,51,-4,55,53.087
TO,TUPIRAMA,73458,1854,517,568,881,815,60,51,-66,117,41.07
AM,BORBA,2178,24598,3231,3281,12422,12371,479,50,-51,101,20.962
AM,NOVO AIRÃO,2011,13384,3677,3727,4505,4166,428,50,-339,389,47.219
MA,PENALVA,8630,26098,2295,2345,15401,15341,511,50,-60,110,13.259
PB,AGUIAR,19038,4807,571,621,2965,2946,136,50,-19,69,17.41
PB,EMAS,20192,3859,486,536,1875,1892,125,50,17,33,22.076
PB,RIACHÃO,19208,3568,439,489,1842,1947,94,50,105,-55,20.074
PI,BELÉM DO PIAUÍ,12335,3336,329,379,2038,2062,117,50,24,26,15.526
PI,JERUMENHA,11053,4842,604,654,2867,2788,116,50,-79,129,19.001
PI,OLHO D ÁGUA DO PIAUÍ,12483,0,280,330,1447,1482,89,50,35,15,18.212
PI,PIMENTEIRAS,11614,9433,1091,1141,5589,5701,248,50,112,-62,16.676
PR,MIRASELVA,77054,1852,759,809,668,668,66,50,0,50,54.773
SE,ITABI,31615,4742,843,893,2491,2565,186,50,74,-24,25.824
SP,LUCIANÓPOLIS,66516,2146,767,817,780,777,63,50,-3,53,51.255
TO,ITAPIRATINS,73202,3404,840,890,1608,1608,132,50,0,50,35.629
TO,PONTE ALTA DO BOM JESUS,95516,3675,719,769,1691,1772,131,50,81,-31,30.264
GO,NOVA ROMA,94951,3030,508,557,1385,1403,120,49,18,31,28.418
PB,MÃE D ÁGUA,20753,0,455,504,2363,2430,107,49,67,-18,17.178
PE,TERRA NOVA,26034,8871,460,509,6081,6122,173,49,41,8,7.676
PI,ALEGRETE DO PIAUÍ,10022,4544,587,636,2665,2584,117,49,-81,130,19.752
PI,CURRAIS,10766,6304,644,693,3492,3470,129,49,-22,71,16.647
RN,JANDUÍS,17019,4486,579,628,2802,2795,80,49,-7,56,18.346
RN,LUÍS GOMES,17396,7399,622,671,4712,4907,192,49,195,-146,12.029
RS,ENGENHO VELHO,86703,1181,370,419,520,534,40,49,14,35,43.966
SP,PRACINHA,62120,1485,536,585,471,476,42,49,5,44,55.137
TO,SANTA MARIA DO TOCANTINS,73130,2558,789,838,1101,1035,79,49,-66,115,44.741
MG,SANTA FÉ DE MINAS,51519,3728,506,554,1744,1734,106,48,-10,58,24.213
PB,CAMALAÚ,19798,6310,441,489,4047,4252,126,48,205,-157,10.314
PB,PEDRA BRANCA,21210,4114,601,649,2011,2090,140,48,79,-31,23.695
PE,CARNAUBEIRA DA PENHA,23167,12616,615,663,7994,7945,127,48,-49,97,7.702
PE,INGAZEIRA,24414,4256,353,401,2843,2859,52,48,16,32,12.301
PR,MIRADOR,77038,2162,548,596,1022,1011,71,48,-11,59,37.088
RN,PEDRA GRANDE,17892,4351,695,743,2405,2290,144,48,-115,163,24.497
SP,PONGAÍ,69035,2956,1527,1575,688,755,81,48,67,-19,67.597
TO,SÃO SALVADOR DO TOCANTINS,73393,2715,436,484,1174,1120,89,48,-54,102,30.175
GO,GUARINOS,92860,3073,587,634,1110,1101,94,47,-9,56,36.542
MT,PORTO ESTRELA,90182,3331,770,817,1467,1475,93,47,8,39,35.646
PA,SANTARÉM NOVO,5371,6806,1159,1206,3767,3631,240,47,-136,183,24.933
PI,BARRA D ALCÂNTARA,10600,0,328,375,2111,2178,88,47,67,-20,14.689
PI,LAGOA DO SÍTIO,12220,4870,447,494,2907,3011,129,47,104,-57,14.094
PI,VÁRZEA BRANCA,10588,4700,303,350,3219,3255,111,47,36,11,9.709
RS,COQUEIRO BAIXO,89168,1353,823,870,215,232,82,47,17,30,78.947
TO,SÃO SEBASTIÃO DO TOCANTINS,96032,3373,626,673,1799,1768,94,47,-31,78,27.571
PB,RIACHO DE SANTO ANTÔNIO,19828,2842,537,583,1360,1355,74,46,-5,51,30.083
PB,SÃO BENTINHO,19402,3813,376,422,2378,2423,110,46,45,1,14.833
PB,SÃO JOÃO DO TIGRE,21830,3966,468,514,2406,2513,95,46,107,-61,16.981
PI,VÁRZEA GRANDE,12270,4199,454,500,2315,2319,104,46,4,42,17.737
SP,NOVA CASTILHO,62367,1376,571,617,355,367,50,46,12,34,62.703
TO,BANDEIRANTES DO TOCANTINS,73580,2800,1055,1101,1044,985,69,46,-59,105,52.78
TO,NOVO ACORDO,94994,4149,1176,1222,1670,1626,128,46,-44,90,42.907
CE,GRANJEIRO,13978,6346,454,499,3705,3790,190,45,85,-40,11.634
MA,PRESIDENTE MÉDICI,8125,5763,652,697,3083,3203,194,45,120,-75,17.872
MT,LUCIARA,91057,2409,836,881,739,730,64,45,-9,54,54.687
PI,SÃO LOURENÇO DO PIAUÍ,10561,4875,286,331,3555,3647,154,45,92,-47,8.321
PI,VILA NOVA DO PIAUÍ,12548,3011,369,414,1873,1849,130,45,-24,69,18.294
PR,SANTA INÊS,78476,1687,573,618,762,774,60,45,12,33,44.397
RN,VILA FLOR,18996,3255,536,581,1783,1824,87,45,41,4,24.158
TO,OLIVEIRA DE FÁTIMA,73466,1694,454,499,685,652,48,45,-33,78,43.354
MS,PORTO MURTINHO,91375,8686,2697,2741,2596,2451,191,44,-145,189,52.793
PB,VISTA SERRANA,20117,3493,482,526,1722,1756,142,44,34,10,23.05
PE,MARAIAL,24830,8012,1595,1639,4229,4040,158,44,-189,233,28.861
PI,FRANCISCO MACEDO,12378,2845,278,322,1762,1820,98,44,58,-14,15.033
RN,SERRINHA DOS PINTOS,16209,4223,478,522,2669,2811,116,44,142,-98,15.662
TO,AURORA DO TOCANTINS,92533,3334,729,773,1482,1439,113,44,-43,87,34.946
TO,BRASILÂNDIA DO TOCANTINS,73245,1996,558,602,851,793,57,44,-58,102,43.154
TO,RIO DOS BOIS,73415,2667,655,699,1220,1198,90,44,-22,66,36.848
TO,SANTA TEREZINHA DO TOCANTINS,73539,2107,514,558,1040,1020,102,44,-20,64,35.361
AP,MAZAGÃO,6076,22268,4924,4967,9808,8466,1232,43,-1342,1385,36.976
GO,JAUPACI,94358,3165,933,976,1022,1061,127,43,39,4,47.914
PB,GURJÃO,20311,3229,339,382,2055,2058,96,43,3,40,15.656
SE,GENERAL MAYNARD,31470,3349,496,539,1611,1646,122,43,35,8,24.668
TO,SANTA ROSA DO TOCANTINS,92584,4259,881,924,2284,2150,101,43,-134,177,30.059
MA,LUÍS DOMINGUES,8230,6099,1269,1311,2799,2859,203,42,60,-18,31.439
MS,PARANHOS,91847,9449,2346,2388,3419,3295,246,42,-124,166,42.02
PB,ASSUNÇÃO,19321,4227,638,680,2379,2365,118,42,-14,56,22.332
PE,QUIXABA,23000,6231,429,471,4288,4340,72,42,52,-10,9.79
PI,ELISEU MARTINS,10715,4051,444,486,2217,2270,122,42,53,-11,17.634
PI,TAMBORIL DO PIAUÍ,12530,3006,257,299,1694,1770,83,42,76,-34,14.451
TO,FÁTIMA,96830,3391,1246,1288,1228,1185,90,42,-43,85,52.082
TO,LAGOA DO TOCANTINS,73113,3313,707,749,1567,1537,97,42,-30,72,32.765
AL,JACARÉ DOS HOMENS,27677,5264,610,651,2829,2788,167,41,-41,82,18.93
GO,BONÓPOLIS,93408,3738,989,1030,1357,1317,102,41,-40,81,43.886
PB,CAJAZEIRINHAS,19380,3784,464,505,2353,2355,93,41,2,39,17.657
PB,POÇO DE JOSÉ DE MOURA,19526,4445,422,463,2491,2557,111,41,66,-25,15.331
PI,DIRCEU ARCOVERDE,12297,6704,421,462,4214,4242,144,41,28,13,9.821
PI,RIACHO FRIO,12300,4502,299,340,2846,2832,94,41,-14,55,10.719
PR,DIAMANTE DO SUL,74268,3481,1137,1178,1201,1181,88,41,-20,61,49.936
RN,JOSÉ DA PENHA,17175,5273,485,526,3446,3603,137,41,157,-116,12.739
RO,PIMENTEIRAS DO OESTE,787,2286,902,943,502,495,70,41,-7,48,65.577
TO,CHAPADA DA NATIVIDADE,73482,3117,448,489,1581,1570,74,41,-11,52,23.749
AL,SÃO MIGUEL DOS MILAGRES,28738,8282,2407,2447,2718,2648,288,40,-70,110,48.027
GO,MONTIVIDIU DO NORTE,93181,3729,1246,1286,1283,1256,105,40,-27,67,50.59
PB,MALTA,20770,5294,491,531,3251,3316,143,40,65,-25,13.803
PB,NOVA PALMEIRA,21075,3696,345,385,2282,2410,154,40,128,-88,13.775
PB,VIEIRÓPOLIS,19887,5476,623,663,3037,3091,154,40,54,-14,17.661
PB,VÁRZEA,22438,2871,300,340,1773,1765,73,40,-8,48,16.152
PI,NAZARÉ DO PIAUÍ,11339,6707,430,470,4412,4484,139,40,72,-32,9.487
PI,PAVUSSU,12289,3922,242,282,2492,2534,74,40,42,-2,10.014
RN,PARAÚ,17736,4371,811,851,2515,2431,160,40,-84,124,25.929
TO,JUARINA,73253,2288,663,703,936,877,61,40,-59,99,44.494
MA,PRESIDENTE VARGAS,8834,10375,892,931,6375,6213,240,39,-162,201,13.032
PB,SERRA DA RAIZ,22136,3175,545,584,1598,1646,157,39,48,-9,26.188
PB,SÃO JOSÉ DOS CORDEIROS,21970,3795,405,444,2150,2165,91,39,15,24,17.018
PI,BOQUEIRÃO DO PIAUÍ,12149,6096,495,534,3412,3473,164,39,61,-22,13.327
PI,BREJO DO PIAUÍ,10642,3903,252,291,2743,2745,48,39,2,37,9.585
PI,CURRALINHOS,12580,5303,484,523,3390,3344,134,39,-46,85,13.525
RN,FRANCISCO DANTAS,16772,2888,350,389,1778,1859,82,39,81,-42,17.304
RN,TRIUNFO POTIGUAR,16128,4247,859,898,2244,2240,120,39,-4,43,28.617
AM,SILVES,2771,9689,1043,1081,5151,4771,220,38,-380,418,18.472
MA,NINA RODRIGUES,8435,10559,1148,1186,5987,5832,258,38,-155,193,16.899
MG,ESTRELA DALVA,44911,2928,678,716,1275,1248,87,38,-27,65,36.456
PB,BOM JESUS,19453,3062,230,268,2059,2140,88,38,81,-43,11.13
PE,BETÂNIA,23353,10119,721,759,6128,5988,126,38,-140,178,11.249
PI,CAMPO ALEGRE DO FIDALGO,12351,4543,328,366,3174,3196,79,38,22,16,10.275
RN,MAJOR SALES,16160,3228,356,394,2024,2066,103,38,42,-4,16.016
BA,NOVA REDENÇÃO,37583,6449,508,545,4042,4224,141,37,182,-145,11.428
MA,ALTAMIRA DO MARANHÃO,7072,5786,824,861,2905,2936,112,37,31,6,22.676
MA,NOVA IORQUE,8451,4145,495,532,2381,2377,92,37,-4,41,18.288
PA,AVEIRO,4197,11881,2953,2990,4740,4475,411,37,-265,302,40.054
PB,QUIXABA,21539,2511,469,506,1301,1318,69,37,17,20,27.741
RN,IPUEIRA,16934,2223,304,341,1289,1316,93,37,27,10,20.579
SP,URU,72192,1623,700,737,364,388,70,37,24,13,65.511
TO,RECURSOLÂNDIA,73229,2955,550,587,1615,1577,72,37,-38,75,27.126
MA,MATÕES DO NORTE,7943,7680,675,711,4050,4103,151,36,53,-17,14.769
PB,SANTO ANDRÉ,19267,3056,354,390,1779,1817,97,36,38,-2,17.671
PB,SÃO DOMINGOS DO CARIRI,19224,3134,527,563,1593,1645,140,36,52,-16,25.498
PI,ISAÍAS COELHO,10979,6487,348,384,4322,4469,162,36,147,-111,7.913
PI,PALMEIRA DO PIAUÍ,11479,4944,697,733,2654,2689,174,36,35,1,21.42
RN,RIACHO DE SANTANA,18139,3870,393,429,2529,2616,95,36,87,-51,14.089
RN,TABOLEIRO GRANDE,18732,2779,500,536,1743,1714,94,36,-29,65,23.822
TO,PIRAQUÊ,73016,2398,617,653,1006,974,109,36,-32,68,40.135
TO,SANTA TEREZA DO TOCANTINS,92606,3075,1074,1110,1167,1170,134,36,3,33,48.684
MA,JUNCO DO MARANHÃO,7781,5110,646,681,2822,2879,100,35,57,-22,19.129
MS,CARACOL,90530,4736,1771,1806,1550,1483,128,35,-67,102,54.91
PB,LAGOA,20630,4718,461,496,2933,2905,116,35,-28,63,14.584
PB,SANTA CRUZ,21652,5568,648,683,3669,3752,147,35,83,-48,15.4
PI,FARTURA DO PIAUÍ,10260,4766,229,264,3310,3266,69,35,-44,79,7.479
PI,SEBASTIÃO BARROS,12041,4646,499,534,2727,2800,138,35,73,-38,16.017
AM,AMATURÁ,2917,7577,1148,1182,3857,3880,222,34,23,11,23.35
AM,FONTE BOA,2330,17411,2446,2480,8484,8421,412,34,-63,97,22.75
BA,CRAVOLÂNDIA,34894,4653,422,456,2376,2467,99,34,91,-57,15.6
MA,GOVERNADOR NEWTON BELLO,7641,7708,992,1026,4420,4451,189,34,31,3,18.733
MT,INDIAVAÍ,99074,2030,795,829,624,620,61,34,-4,38,57.212
PB,CURRAL VELHO,20079,2343,320,354,1302,1338,120,34,36,-2,20.922
PB,NAZAREZINHO,21016,7124,700,734,4549,4661,197,34,112,-78,13.605
PE,SANTA CRUZ,23108,12836,1140,1174,8429,8645,227,34,216,-182,11.956
RN,LUCRÉCIA,17370,3489,404,438,2300,2307,109,34,7,27,15.956
TO,ITAGUATINS,94099,4730,1046,1080,2231,2249,133,34,18,16,32.442
TO,SAMPAIO,92541,4163,754,788,1866,1833,85,34,-33,67,30.065
PB,DIAMANTE,20133,5948,651,684,3144,3123,171,33,-21,54,17.967
PI,BONFIM DO PIAUÍ,10081,4977,254,287,3526,3582,126,33,56,-23,7.418
PI,FLORES DO PIAUÍ,10758,4349,446,479,2525,2538,116,33,13,20,15.877
PI,FLORESTA DO PIAUÍ,12637,2610,195,228,1622,1635,58,33,13,20,12.238
PI,JOÃO COSTA,12386,3938,331,364,2236,2311,100,33,75,-42,13.607
PI,PORTO ALEGRE DO PIAUÍ,12599,2112,279,312,1209,1204,74,33,-5,38,20.58
PI,NOVA SANTA RITA,10960,4158,222,254,2942,2934,93,32,-8,40,7.967
PI,PAJEÚ DO PIAUÍ,12262,3424,358,390,2057,2136,101,32,79,-47,15.439
SE,DIVINA PASTORA,31399,4410,600,632,2372,2396,125,32,24,8,20.872
TO,ANGICO,73075,2820,753,785,1158,1124,117,32,-34,66,41.121
TO,CHAPADA DE AREIA,73474,2544,817,849,881,812,64,32,-69,101,51.114
SE,FEIRA NOVA,31437,6296,977,1008,3479,3505,181,31,26,5,22.335
SE,TELHA,32450,3652,869,900,1912,1925,92,31,13,18,31.858
PI,CORONEL JOSÉ DIAS,10243,5417,285,315,3579,3597,109,30,18,12,8.052
PI,HUGO NAPOLEÃO,10910,4447,544,574,2701,2554,130,30,-147,177,18.35
RS,SÃO PEDRO DAS MISSÕES,89486,1650,566,596,667,679,37,30,12,18,46.745
TO,ITAPORÃ DO TOCANTINS,94170,2708,786,816,1076,979,78,30,-97,127,45.46
TO,SANTA RITA DO TOCANTINS,73547,2128,711,741,831,774,84,30,-57,87,48.911
PA,QUATIPURU,4685,10519,1673,1702,5259,5260,433,29,1,28,24.447
PB,COXIXOLA,19704,2052,258,286,1196,1249,64,28,53,-25,18.632
PB,MATO GROSSO,19488,3326,176,204,1969,1946,46,28,-23,51,9.488
PE,CALUMBI,23671,7399,555,583,4423,4456,63,28,33,-5,11.57
PI,CARIDADE DO PIAUÍ,12165,5029,355,383,3257,3133,152,28,-124,152,10.893
PI,SANTO ANTÔNIO DOS MILAGRES,12653,1961,216,244,1262,1223,27,28,-39,67,16.633
PB,SÃO SEBASTIÃO DO UMBUZEIRO,22055,3321,271,298,2036,2113,89,27,77,-50,12.36
PI,VERA MENDES,12556,3681,279,306,2174,2306,98,27,132,-105,11.715
RN,MONTE DAS GAMELEIRAS,17574,3061,578,605,1498,1516,92,27,18,9,28.524
TO,CONCEIÇÃO DO TOCANTINS,93130,3674,524,551,1718,1724,104,27,6,21,24.22
AM,URUCURITUBA,2879,14311,1810,1836,7577,7073,197,26,-504,530,20.608
BA,IRAJUBA,35858,5514,741,767,3031,3177,94,26,146,-120,19.447
PI,CANAVIEIRA,10162,3462,348,374,2136,2074,95,26,-62,88,15.278
PI,SÃO BRAZ DO PIAUÍ,10502,4165,216,242,2903,2921,98,26,18,8,7.651
RN,LAJES PINTADAS,17353,5219,1055,1081,2826,2909,204,26,83,-57,27.093
TO,SÃO BENTO DO TOCANTINS,73288,5473,949,975,2411,2317,140,26,-94,120,29.617
PB,LASTRO,20699,4419,493,518,2755,2754,100,25,-1,26,15.831
PB,POÇO DANTAS,19640,4142,316,341,2543,2585,95,25,42,-17,11.654
PI,BARREIRAS DO PIAUÍ,10251,3663,450,475,1987,1971,112,25,-16,41,19.419
TO,NOVO JARDIM,73172,2351,440,465,1109,1113,58,25,4,21,29.468
TO,PARANÃ,95214,8606,1111,1136,4325,4449,193,25,124,-99,20.34
AL,TANQUE D ARCA,28797,0,585,609,3014,3053,178,24,39,-15,16.63
RN,ALMINO AFONSO,16110,5231,652,676,3318,3289,169,24,-29,53,17.049
RN,PEDRA PRETA,17914,3310,680,704,1802,1733,116,24,-69,93,28.888
RN,PILÕES,17990,3590,294,318,2345,2339,67,24,-6,30,11.968
AC,ASSIS BRASIL,1570,7291,2694,2717,2003,1895,153,23,-108,131,58.912
MA,PRESIDENTE SARNEY,8141,15687,1550,1573,8558,8776,293,23,218,-195,15.2
MT,SERRA NOVA DOURADA,90921,1723,724,747,374,360,37,23,-14,37,67.48
PI,COLÔNIA DO GURGUÉIA,10200,5603,732,755,3207,3239,126,23,32,-9,18.903
PI,RIBEIRA DO PIAUÍ,12602,3907,334,357,2331,2345,81,23,14,9,13.212
PI,SANTA CRUZ DOS MILAGRES,10448,3995,379,402,2143,2107,113,23,-36,59,16.022
TO,RIACHINHO,73024,3503,987,1010,1744,1674,97,23,-70,93,37.63
TO,TAIPAS DO TOCANTINS,73164,2038,293,316,976,984,67,23,8,15,24.308
MA,OLINDA NOVA DO MARANHÃO,8028,11225,1090,1112,6005,6137,344,22,132,-110,15.34
MG,SERRA DA SAUDADE,53317,1287,419,441,395,378,57,22,-17,39,53.846
PI,PASSAGEM FRANCA DO PIAUÍ,10405,4181,601,623,2219,2141,50,22,-78,100,22.54
GO,ANHANGÜERA,92231,1744,375,396,428,458,71,21,30,-9,46.37
PA,SÃO SEBASTIÃO DA BOA VISTA,5533,24008,3944,3965,12744,12481,753,21,-263,284,24.109
PB,PARARI,19720,2420,307,328,1345,1369,60,21,24,-3,19.328
PB,SANTANA DE MANGUEIRA,21717,4580,325,346,2858,2895,120,21,37,-16,10.676
PB,SÃO JOSÉ DE CAIANA,21873,5681,602,623,2940,3038,133,21,98,-77,17.017
RN,PARANÁ,17710,4276,297,318,2726,2768,98,21,42,-21,10.305
SE,SÃO MIGUEL DO ALEIXO,32395,3976,680,701,2207,2273,133,21,66,-45,23.571
TO,PRESIDENTE KENNEDY,96296,2837,905,926,1122,1133,102,21,11,10,44.973
MA,NOVA OLINDA DO MARANHÃO,8001,13543,1763,1783,7259,7350,344,20,91,-71,19.523
MT,NOVO SANTO ANTÔNIO,90948,2029,723,743,472,481,63,20,9,11,60.703
PE,FERNANDO DE NORONHA,30015,3701,902,922,1140,1068,122,20,-72,92,46.332
PI,NOVO SANTO ANTÔNIO,10901,4768,394,414,3086,3005,138,20,-81,101,12.109
AC,CAPIXABA,1015,8164,3944,3963,1630,1497,384,19,-133,152,72.582
MA,SANTANA DO MARANHÃO,8222,8186,1039,1058,4568,4509,142,19,-59,78,19.005
PI,CONCEIÇÃO DO CANINDÉ,10553,5020,464,483,2968,3002,172,19,34,-15,13.859
RN,ANTÔNIO MARTINS,16179,5940,602,621,3915,3892,144,19,-23,42,13.76
MA,AFONSO CUNHA,7013,7481,530,548,4605,4640,123,18,35,-17,10.563
MA,SÃO VICENTE FERRER,9270,16795,1689,1707,9074,9151,324,18,77,-59,15.721
PB,SERRA GRANDE,22152,3130,303,321,1894,1935,121,18,41,-23,14.229
TO,LAVANDEIRA,73601,2017,441,459,869,833,68,18,-36,54,35.526
TO,TUPIRATINS,73237,1804,405,423,898,891,75,18,-7,25,32.192
AM,NHAMUNDÁ,2631,16122,1440,1457,9242,8939,275,17,-303,320,14.015
MA,PERI MIRIM,8656,11375,1323,1340,6731,6508,207,17,-223,240,17.074
PE,JAQUEIRA,23302,9239,1680,1697,4773,4961,191,17,188,-171,25.488
RN,CAIÇARA DO RIO DO VENTO,16373,4202,714,731,2200,2169,135,17,-31,48,25.207
TO,MATEIROS,73270,2009,461,478,1018,1026,45,17,8,9,31.782
MA,FERNANDO FALCÃO,7544,9500,1549,1565,5495,5555,168,16,60,-44,21.98
PA,SANTA CRUZ DO ARARI,5274,7146,1161,1177,3200,3063,201,16,-137,153,27.759
PI,PEDRO LAURENTINO,12491,3310,638,654,1552,1543,64,16,-9,25,29.768
PI,SANTO INÁCIO DO PIAUÍ,11894,3664,344,360,2330,2263,46,16,-67,83,13.725
PI,SÃO JOSÉ DO PEIXE,12017,3381,303,319,1983,1943,87,16,-40,56,14.103
RN,CORONEL JOÃO PESSOA,16578,4093,450,466,2507,2624,120,16,117,-101,15.081
SP,BORÁ,62430,1094,444,460,319,330,42,16,11,5,58.228
TO,RIO DA CONCEIÇÃO,73431,2146,443,459,1000,965,70,16,-35,51,32.233
AL,CAMPESTRE,27081,6088,1074,1089,2685,2695,257,15,10,5,28.779
MA,CACHOEIRA GRANDE,7226,9023,1050,1065,5097,4897,206,15,-200,215,17.863
MA,BACURITUBA,7145,5685,369,383,3257,3142,108,14,-115,129,10.865
PB,BERNARDINO BATISTA,19500,3364,323,337,1923,1932,72,14,9,5,14.852
PI,CAPITÃO GERVÁSIO OLIVEIRA,10707,4065,212,226,2730,2765,58,14,35,-21,7.556
PI,CURRAL NOVO DO PIAUÍ,12181,5412,278,292,3371,3392,84,14,21,-7,7.926
RN,JARDIM DE ANGICOS,17078,3160,450,464,1785,1736,139,14,-49,63,21.091
RN,VIÇOSA,18970,1972,259,273,1106,1127,66,14,21,-7,19.5
RN,ÁGUA NOVA,16071,3019,244,258,1914,2036,81,14,122,-108,11.247
MA,PEDRO DO ROSÁRIO,8060,18286,1737,1750,10489,10654,341,13,165,-152,14.108
PB,SANTA INÊS,19569,3875,217,230,2544,2554,66,13,10,3,8.261
PI,GUARIBAS,10804,4494,180,193,2966,2949,48,13,-17,30,6.143
PI,SÃO GONÇALO DO GURGUÉIA,12610,2895,348,361,1589,1613,91,13,24,-11,18.288
TO,ABREULÂNDIA,73008,2522,736,749,1052,1032,56,13,-20,33,42.055
AL,JAPARATINGA,27715,9204,2754,2766,2426,2300,223,12,-126,138,54.599
MA,CENTRAL DO MARANHÃO,7420,7845,468,480,4628,4604,125,12,-24,36,9.441
PB,OURO VELHO,21130,3116,432,444,1905,1944,65,12,39,-27,18.593
PB,TENÓRIO,19682,3318,382,394,1846,1828,95,12,-18,30,17.732
PB,ZABELÊ,19348,2676,229,241,1525,1529,62,12,4,8,13.616
SE,AMPARO DE SÃO FRANCISCO,31011,3109,547,559,1472,1445,122,12,-27,39,27.894
PA,CUMARU DO NORTE,4529,8215,3206,3217,1962,1936,157,11,-26,37,62.43
AM,ANAMÃ,2933,9280,2041,2051,3927,3733,356,10,-194,204,35.46
MA,TUFILÂNDIA,8583,6067,734,744,3448,3486,70,10,38,-28,17.589
SE,PEDRA MOLE,31992,3398,658,668,1769,1835,112,10,66,-56,26.688
PB,AMPARO,19585,2678,226,235,1764,1781,48,9,17,-8,11.657
PB,AREIA DE BARAÚNAS,19909,2505,238,247,1378,1374,76,9,-4,13,15.238
SE,BREJO GRANDE,31135,8149,1061,1070,4197,4077,161,9,-120,129,20.789
TO,IPUEIRAS,73598,1995,344,353,1023,950,47,9,-73,82,27.091
AL,PINDOBA,28398,2898,586,594,1364,1261,84,8,-103,111,32.022
RN,JOÃO DIAS,17159,3097,368,376,1887,1672,106,8,-215,223,18.359
AM,ITAPIRANGA,2437,9734,2450,2457,3679,3538,185,7,-141,148,40.984
PI,CAMPINAS DO PIAUÍ,10413,5404,265,272,3635,3674,78,7,39,-32,6.893
PI,SÃO MIGUEL DA BAIXA GRANDE,12661,2852,378,385,1480,1516,68,7,36,-29,20.252
TO,CACHOEIRINHA,73067,2052,453,460,877,849,74,7,-28,35,35.141
PB,ALGODÃO DE JANDAÍRA,19925,3119,287,293,1918,1987,66,6,69,-63,12.851
PI,AROAZES,10170,5602,564,570,3618,3544,118,6,-74,80,13.855
RN,FERNANDO PEDROZA,16144,3414,663,669,1793,1778,132,6,-15,21,27.34
PB,JOCA CLAUDINO,19666,2525,250,255,1550,1605,103,5,55,-50,13.71
PB,SALGADINHO,21610,3485,449,454,1841,1826,145,5,-15,20,19.912
RN,PASSAGEM,17833,4563,960,965,1836,1910,139,5,74,-69,33.565
MA,CEDRAL,7595,9442,1145,1149,5099,5100,260,4,1,3,18.387
MA,SÃO ROBERTO,8443,4553,576,579,2789,2893,82,3,104,-101,16.676
PI,SOCORRO DO PIAUÍ,12173,4332,510,513,2523,2465,148,3,-58,61,17.226
RN,VENHA-VER,16187,3949,293,296,2329,2440,111,3,111,-108,10.819
TO,RIO SONO,96792,4307,1342,1345,1870,1828,138,3,-42,45,42.389
AL,PORTO DE PEDRAS,28479,8491,2235,2237,2832,2725,263,2,-107,109,45.083
PE,ITACURUBA,24473,4774,411,412,2965,2829,86,1,-136,137,12.712
AL,OLHO D ÁGUA GRANDE,28177,0,557,557,2689,2637,185,0,-52,52,17.439
TO,ARAGUANÃ,73318,3551,1328,1328,1396,1341,72,0,-55,55,49.756
MA,AMAPÁ DO MARANHÃO,7080,4971,903,902,3016,2996,123,-1,-20,19,23.14
TO,LUZINÓPOLIS,73520,2612,681,680,1234,1191,91,-1,-43,42,36.344
MA,GUIMARÃES,7951,9884,847,845,5703,5802,222,-2,99,-101,12.713
PA,PEIXE-BOI,5118,9506,1942,1940,4661,4680,405,-2,19,-21,29.305
MA,SÃO FÉLIX DE BALSAS,9130,4241,626,623,2223,2272,57,-3,49,-52,21.52
AM,MAUÉS,2615,38358,3705,3701,22284,21003,692,-4,-1281,1277,14.981
MA,MILAGRES DO MARANHÃO,7960,6670,618,614,3690,3644,147,-4,-46,42,14.42
PA,JACAREACANGA,4200,13827,3986,3982,4382,4503,394,-4,121,-125,46.93
TO,CARRASCO BONITO,73423,3570,720,715,1553,1476,61,-5,-77,72,32.634
AL,SÃO BRÁS,28630,7364,1218,1211,3630,3478,193,-7,-152,145,25.826
PB,IBIARA,20338,5658,570,563,3244,3291,146,-7,47,-54,14.608
AL,NOVO LINO,28118,10042,3075,3067,3437,3065,385,-8,-372,364,50.016
TO,NOVO ALEGRE,73148,2134,538,529,970,937,46,-9,-33,24,36.085
MA,CENTRO DO GUILHERME,7447,7972,995,983,4567,4593,128,-12,26,-38,17.629
PI,SÃO MIGUEL DO FIDALGO,12700,3048,206,194,2003,1910,51,-12,-93,81,9.221
MA,BELÁGUA,7161,8129,520,507,5145,5103,74,-13,-42,29,9.037
MA,CAJARI,7471,16213,1392,1379,9989,9914,355,-13,-75,62,12.211
PA,MAGALHÃES BARATA,4812,8816,1816,1803,4356,4193,410,-13,-163,150,30.07
PB,CARRAPATEIRA,19836,2458,232,218,1422,1342,69,-14,-80,66,13.974
AM,ITAMARATI,98370,7469,1124,1106,3609,3678,193,-18,69,-87,23.119
AL,FELIZ DESERTO,27537,3986,709,690,1629,1597,93,-19,-32,13,30.171
MA,MARANHÃOZINHO,7927,8147,1106,1087,4655,4697,218,-19,42,-61,18.793
PI,PRATA DO PIAUÍ,11711,3711,310,287,2209,2181,79,-23,-28,5,11.629
TO,CENTENÁRIO,73210,1935,452,429,974,958,76,-23,-16,-7,30.93
AM,JAPURÁ,2453,5812,1152,1128,1872,1774,269,-24,-98,74,38.87
MA,BACURI,7250,13967,1435,1411,8234,8081,368,-24,-153,129,14.865
TO,SÃO FÉLIX DO TOCANTINS,73105,1874,309,285,853,816,61,-24,-37,13,25.886
RR,CAROEBE,3000,7660,4161,4135,1074,1019,260,-26,-55,29,80.229
AL,JUNDIÁ,27774,4851,1037,1010,1899,1756,194,-27,-143,116,36.515
SE,PINHÃO,32034,5630,902,874,3187,3275,170,-28,88,-116,21.065
RR,MUCAJAÍ,3093,14426,7441,7412,2232,1991,475,-29,-241,212,78.826
AM,ANORI,2038,11181,3066,3036,4574,4010,394,-30,-564,534,43.088
MA,CÂNDIDO MENDES,7498,14899,2652,2622,8394,8085,425,-30,-309,279,24.489
MA,GODOFREDO VIANA,7838,7321,1665,1634,4232,4078,224,-31,-154,123,28.606
MA,CAJAPIÓ,7455,10302,683,651,5872,5721,210,-32,-151,119,10.217
AC,PLÁCIDO DE CASTRO,1511,12305,6209,6176,2442,2306,678,-33,-136,103,72.813
MA,BOA VISTA DO GURUPI,7323,6566,1132,1097,3328,3295,157,-35,-33,-2,24.977
MA,PALMEIRÂNDIA,8516,17254,1586,1548,9758,9897,304,-38,139,-177,13.526
MA,HUMBERTO DE CAMPOS,7978,23507,2733,2694,13526,12815,602,-39,-711,672,17.371
AM,CAREIRO DA VÁRZEA,2046,18469,4226,4183,7716,6982,713,-43,-734,691,37.465
AM,SÃO SEBASTIÃO DO UATUMÃ,98450,7802,2323,2279,2834,2546,302,-44,-288,244,47.233
MA,APICUM-AÇU,7064,13536,2454,2410,7188,7062,416,-44,-126,82,25.443
RR,SÃO JOÃO DA BALIZA,3131,5742,2519,2471,1369,1223,232,-48,-146,98,66.892
RN,GALINHOS,16799,2871,825,776,1162,1074,87,-49,-88,39,41.946
AL,PORTO CALVO,28452,21639,7327,7277,6865,6616,840,-50,-249,199,52.379
MA,ICATU,7994,23157,2843,2787,13632,12538,644,-56,-1094,1038,18.186
MA,SANTO AMARO DO MARANHÃO,8249,13383,1201,1145,7179,6743,276,-56,-436,380,14.516
AL,JACUÍPE,27693,6061,1107,1050,2904,2722,206,-57,-182,125,27.837
RR,UIRAMUTÃ,3107,9132,1709,1646,3600,3530,92,-63,-70,7,31.801
MA,SERRANO DO MARANHÃO,8524,9266,564,497,5786,5617,109,-67,-169,102,8.129
AP,SERRA DO NAVIO,6106,4130,1619,1543,1173,1026,156,-76,-147,71,60.062
MA,TURIAÇU,9415,28357,3713,3635,16307,15138,612,-78,-1169,1091,19.363
RR,RORAINÓPOLIS,3085,23829,10921,10843,4377,3946,832,-78,-431,353,73.318
AC,TARAUACÁ,1473,30065,9146,9067,8042,6802,1214,-79,-1240,1161,57.137
AM,AUTAZES,2070,32468,6885,6806,13625,12283,778,-79,-1342,1263,35.654
AC,JORDÃO,1104,6010,1515,1433,2213,1980,277,-82,-233,151,41.987
TO,LIZARDA,95699,3125,556,474,1601,1441,83,-82,-160,78,24.752
MA,PORTO RICO DO MARANHÃO,8109,7287,1128,1044,3413,3177,215,-84,-236,152,24.733
MA,PRIMEIRA CRUZ,8850,11167,931,838,6790,6189,216,-93,-601,508,11.925
MA,SÃO JOÃO BATISTA,9172,20264,1751,1653,11988,11475,408,-98,-513,415,12.591
RR,ALTO ALEGRE,3050,13424,6130,6030,2362,2123,528,-100,-239,139,73.961
AM,MARAÃ,2593,10108,1535,1433,4184,3785,201,-102,-399,297,27.463
AP,AMAPÁ,6017,7569,1767,1663,3159,2785,382,-104,-374,270,37.388
PA,BAGRE,4219,16662,2316,2206,8816,8171,531,-110,-645,535,21.259
AP,PEDRA BRANCA DO AMAPARI,6084,9958,2967,2856,4050,3590,363,-111,-460,349,44.307
AM,MANAQUIRI,98396,15395,3025,2906,7207,6562,427,-119,-645,526,30.693
AM,CODAJÁS,2275,17223,4334,4206,6895,6403,345,-128,-492,364,39.646
AP,CALÇOENE,6033,8937,2117,1986,3556,3200,417,-131,-356,225,38.295
RR,IRACEMA,3026,7599,3114,2980,1421,1258,271,-134,-163,29,70.316
AC,MÂNCIO LIMA,1090,14681,6469,6331,3236,2708,486,-138,-528,390,70.041
AM,CAAPIRANGA,2992,9560,2125,1980,4577,3988,278,-145,-589,444,33.177
AP,VITÓRIA DO JARI,6122,10433,2186,2040,5060,4460,328,-146,-600,454,31.385
AP,FERREIRA GOMES,6114,7899,2009,1862,2491,2153,401,-147,-338,191,46.376
AP,PRACUÚBA,6009,4037,1231,1069,1660,1269,131,-162,-391,229,45.723
RR,NORMANDIA,3115,9705,3682,3517,2686,2526,178,-165,-160,-5,58.2
AP,CUTIAS,6068,6312,1475,1248,2316,1844,266,-227,-472,245,40.362
AM,TAPAUÁ,2798,14757,4204,3967,4747,4648,436,-237,-99,-138,46.048
AP,TARTARUGALZINHO,6173,11484,2996,2756,4521,3764,430,-240,-757,517,42.27
AC,MANOEL URBANO,1554,8626,3141,2889,2095,2047,240,-252,-48,-204,58.529
PA,MELGAÇO,4898,19609,3857,3603,8042,7562,603,-254,-480,226,32.27
RR,CANTÁ,3069,17664,7372,7107,2916,2660,701,-265,-256,-9,72.765
RR,PACARAIMA,3123,9775,4104,3838,2279,2165,259,-266,-114,-152,63.935
AM,BERURI,2950,15189,3427,3158,6423,5381,303,-269,-1042,773,36.983
AC,PORTO WALTER,1066,8006,2143,1866,2660,2093,665,-277,-567,290,47.133
RR,BONFIM,3077,12358,5488,5199,2598,2382,344,-289,-216,-73,68.579
AP,ITAUBAL,6041,8885,2373,2047,3026,2366,405,-326,-660,334,46.386
RR,SÃO LUIZ,3158,6103,3220,2854,1418,1098,251,-366,-320,-46,72.217
RR,AMAJARI,3042,7642,4005,3610,1193,1066,263,-395,-127,-268,77.203
AC,MARECHAL THAUMATURGO,1040,11867,4146,3710,3238,2742,658,-436,-496,60,57.502
RR,CARACARAÍ,3034,15328,7545,7077,3213,2729,613,-468,-484,16,72.17
AC,RODRIGUES ALVES,1082,12156,6551,6011,1839,1455,428,-540,-384,-156,80.512
AC,SENA MADUREIRA,1457,30921,14317,13606,5811,4976,1446,-711,-835,124,73.221
