data,turno,serie,publicado,reponderado,n_institutos,ondas
2026-05-04,1t,lula,,,0,
2026-05-05,1t,lula,40.0,38.72,1,realtime_2026-05-04
2026-05-06,1t,lula,40.0,38.72,1,realtime_2026-05-04
2026-05-07,1t,lula,40.0,38.72,1,realtime_2026-05-04
2026-05-08,1t,lula,40.0,38.72,1,realtime_2026-05-04
2026-05-09,1t,lula,40.0,38.72,1,realtime_2026-05-04
2026-05-10,1t,lula,40.0,38.72,1,realtime_2026-05-04
2026-05-11,1t,lula,40.0,38.72,1,realtime_2026-05-04
2026-05-12,1t,lula,,,0,
2026-05-13,1t,lula,39.0,39.2,1,quaest_2026-05-11
2026-05-14,1t,lula,37.0,37.04,2,gerp_2026-05-12;quaest_2026-05-11
2026-05-15,1t,lula,37.0,37.04,2,gerp_2026-05-12;quaest_2026-05-11
2026-05-16,1t,lula,37.0,37.04,2,gerp_2026-05-12;quaest_2026-05-11
2026-05-17,1t,lula,37.0,37.04,2,gerp_2026-05-12;quaest_2026-05-11
2026-05-18,1t,lula,37.0,37.04,2,gerp_2026-05-12;quaest_2026-05-11
2026-05-19,1t,lula,40.33,40.52,3,atlas_2026-05-18;gerp_2026-05-12;quaest_2026-05-11
2026-05-20,1t,lula,41.0,41.18,2,atlas_2026-05-18;gerp_2026-05-12
2026-05-21,1t,lula,47.0,47.49,1,atlas_2026-05-18
2026-05-22,1t,lula,41.67,40.55,3,atlas_2026-05-18;datafolha_2026-05-21;gerp_2026-05-21
2026-05-23,1t,lula,41.67,40.55,3,atlas_2026-05-18;datafolha_2026-05-21;gerp_2026-05-21
2026-05-24,1t,lula,41.67,40.55,3,atlas_2026-05-18;datafolha_2026-05-21;gerp_2026-05-21
2026-05-25,1t,lula,41.25,40.2,4,atlas_2026-05-18;datafolha_2026-05-21;gerp_2026-05-21;nexus_2026-05-24
2026-05-26,1t,lula,39.33,37.76,3,datafolha_2026-05-21;gerp_2026-05-21;nexus_2026-05-24
2026-05-27,1t,lula,39.33,37.76,3,datafolha_2026-05-21;gerp_2026-05-21;nexus_2026-05-24
2026-05-28,1t,lula,39.33,37.76,3,datafolha_2026-05-21;gerp_2026-05-21;nexus_2026-05-24
2026-05-29,1t,lula,40.0,39.49,2,nexus_2026-05-24;poderdata_2026-05-28
2026-05-30,1t,lula,40.0,39.49,2,nexus_2026-05-24;poderdata_2026-05-28
2026-05-31,1t,lula,40.0,39.49,2,nexus_2026-05-24;poderdata_2026-05-28
2026-06-01,1t,lula,39.0,38.23,2,poderdata_2026-05-28;realtime_2026-05-30
2026-06-02,1t,lula,39.0,38.23,2,poderdata_2026-05-28;realtime_2026-05-30
2026-06-03,1t,lula,39.0,38.23,2,poderdata_2026-05-28;realtime_2026-05-30
2026-06-04,1t,lula,39.0,38.23,2,poderdata_2026-05-28;realtime_2026-05-30
2026-06-05,1t,lula,38.0,36.61,1,realtime_2026-05-30
2026-06-06,1t,lula,38.0,36.61,1,realtime_2026-05-30
2026-06-07,1t,lula,38.0,36.61,1,realtime_2026-05-30
2026-06-08,1t,lula,,,0,
2026-06-09,1t,lula,34.0,33.89,1,gerp_2026-06-05
2026-06-10,1t,lula,36.5,36.76,2,gerp_2026-06-05;quaest_2026-06-08
2026-06-11,1t,lula,36.5,36.76,2,gerp_2026-06-05;quaest_2026-06-08
2026-06-12,1t,lula,36.5,36.76,2,gerp_2026-06-05;quaest_2026-06-08
2026-06-13,1t,lula,36.5,36.76,2,gerp_2026-06-05;quaest_2026-06-08
2026-06-14,1t,lula,36.5,36.76,2,gerp_2026-06-05;quaest_2026-06-08
2026-06-15,1t,lula,38.33,38.25,3,gerp_2026-06-05;nexus_2026-06-14;quaest_2026-06-08
2026-06-16,1t,lula,40.93,40.59,3,mda_2026-06-14;nexus_2026-06-14;quaest_2026-06-08
2026-06-17,1t,lula,41.9,41.07,2,mda_2026-06-14;nexus_2026-06-14
2026-06-18,1t,lula,41.9,41.07,2,mda_2026-06-14;nexus_2026-06-14
2026-06-19,1t,lula,41.6,40.59,3,datafolha_2026-06-18;mda_2026-06-14;nexus_2026-06-14
2026-06-20,1t,lula,41.6,40.59,3,datafolha_2026-06-18;mda_2026-06-14;nexus_2026-06-14
2026-06-21,1t,lula,41.6,40.59,3,datafolha_2026-06-18;mda_2026-06-14;nexus_2026-06-14
2026-06-22,1t,lula,41.4,40.27,2,datafolha_2026-06-18;mda_2026-06-14
2026-06-23,1t,lula,41.0,39.62,1,datafolha_2026-06-18
2026-06-24,1t,lula,39.0,38.03,2,datafolha_2026-06-18;gerp_2026-06-18
2026-06-25,1t,lula,39.33,38.77,3,datafolha_2026-06-18;gerp_2026-06-18;poderdata_2026-06-24
2026-06-26,1t,lula,38.5,38.35,2,gerp_2026-06-18;poderdata_2026-06-24
2026-06-27,1t,lula,38.5,38.35,2,gerp_2026-06-18;poderdata_2026-06-24
2026-06-28,1t,lula,38.5,38.35,2,gerp_2026-06-18;poderdata_2026-06-24
2026-06-29,1t,lula,39.67,39.21,3,gerp_2026-06-18;nexus_2026-06-28;poderdata_2026-06-24
2026-06-30,1t,lula,39.67,39.21,3,gerp_2026-06-18;nexus_2026-06-28;poderdata_2026-06-24
2026-07-01,1t,lula,42.77,42.77,3,atlas_2026-06-30;nexus_2026-06-28;poderdata_2026-06-24
2026-07-02,1t,lula,44.15,44.02,2,atlas_2026-06-30;nexus_2026-06-28
2026-07-03,1t,lula,44.15,44.02,2,atlas_2026-06-30;nexus_2026-06-28
2026-07-04,1t,lula,44.15,44.02,2,atlas_2026-06-30;nexus_2026-06-28
2026-07-05,1t,lula,44.15,44.02,2,atlas_2026-06-30;nexus_2026-06-28
2026-07-06,1t,lula,46.3,47.11,1,atlas_2026-06-30
2026-07-07,1t,lula,46.3,47.11,1,atlas_2026-06-30
2026-07-08,1t,lula,36.0,35.1,1,gerp_2026-07-07
2026-07-09,1t,lula,36.0,35.1,1,gerp_2026-07-07
2026-07-10,1t,lula,36.0,35.1,1,gerp_2026-07-07
2026-07-11,1t,lula,36.0,35.1,1,gerp_2026-07-07
2026-07-12,1t,lula,36.0,35.1,1,gerp_2026-07-07
2026-07-13,1t,lula,38.0,37.12,2,gerp_2026-07-07;nexus_2026-07-12
2026-07-14,1t,lula,38.0,37.12,2,gerp_2026-07-07;nexus_2026-07-12
2026-07-15,1t,lula,40.0,39.81,2,nexus_2026-07-12;quaest_2026-07-13
2026-07-16,1t,lula,40.0,39.79,3,nexus_2026-07-12;poderdata_2026-07-15;quaest_2026-07-13
2026-07-17,1t,lula,40.0,39.79,3,nexus_2026-07-12;poderdata_2026-07-15;quaest_2026-07-13
2026-07-18,1t,lula,40.0,39.79,3,nexus_2026-07-12;poderdata_2026-07-15;quaest_2026-07-13
2026-07-19,1t,lula,40.0,39.79,3,nexus_2026-07-12;poderdata_2026-07-15;quaest_2026-07-13
2026-07-20,1t,lula,40.0,40.12,2,poderdata_2026-07-15;quaest_2026-07-13
2026-07-21,1t,lula,40.0,39.45,3,poderdata_2026-07-15;quaest_2026-07-13;realtime_2026-07-20
2026-07-22,1t,lula,39.33,38.16,3,gerp_2026-07-17;poderdata_2026-07-15;realtime_2026-07-20
2026-07-23,1t,lula,39.0,37.36,2,gerp_2026-07-17;realtime_2026-07-20
2026-07-24,1t,lula,39.33,37.62,3,datafolha_2026-07-23;gerp_2026-07-17;realtime_2026-07-20
2026-07-25,1t,lula,39.33,37.62,3,datafolha_2026-07-23;gerp_2026-07-17;realtime_2026-07-20
2026-07-26,1t,lula,39.33,37.62,3,datafolha_2026-07-23;gerp_2026-07-17;realtime_2026-07-20
2026-07-27,1t,lula,40.0,38.29,4,datafolha_2026-07-23;gerp_2026-07-17;nexus_2026-07-26;realtime_2026-07-20
2026-07-28,1t,lula,40.0,38.35,3,datafolha_2026-07-23;gerp_2026-07-17;nexus_2026-07-26
2026-07-29,1t,lula,42.3,41.25,3,atlas_2026-07-27;datafolha_2026-07-23;nexus_2026-07-26
2026-07-30,1t,lula,41.98,41.18,4,atlas_2026-07-27;datafolha_2026-07-23;nexus_2026-07-26;poderdata_2026-07-29
2026-07-31,1t,lula,42.63,42.19,3,atlas_2026-07-27;nexus_2026-07-26;poderdata_2026-07-29
2026-08-01,1t,lula,42.63,42.19,3,atlas_2026-07-27;nexus_2026-07-26;poderdata_2026-07-29
2026-08-02,1t,lula,42.63,42.19,3,atlas_2026-07-27;nexus_2026-07-26;poderdata_2026-07-29
2026-08-03,1t,lula,42.3,41.98,3,atlas_2026-07-27;nexus_2026-08-02;poderdata_2026-07-29
2026-08-04,1t,lula,42.3,41.98,3,atlas_2026-07-27;nexus_2026-08-02;poderdata_2026-07-29
2026-08-05,1t,lula,40.33,40.1,3,nexus_2026-08-02;poderdata_2026-07-29;quaest_2026-08-03
2026-08-06,1t,lula,40.0,39.67,2,nexus_2026-08-02;quaest_2026-08-03
2026-08-07,1t,lula,40.0,39.67,2,nexus_2026-08-02;quaest_2026-08-03
2026-08-08,1t,lula,40.0,39.67,2,nexus_2026-08-02;quaest_2026-08-03
2026-08-09,1t,lula,40.0,39.67,2,nexus_2026-08-02;quaest_2026-08-03
2026-08-10,1t,lula,40.31,40.06,4,gerp_2026-08-10;nexus_2026-08-09;palver_2026-08-09;quaest_2026-08-03
2026-08-11,1t,lula,40.73,40.34,5,gerp_2026-08-10;mda_2026-08-09;nexus_2026-08-09;palver_2026-08-09;quaest_2026-08-03
2026-08-12,1t,lula,41.16,40.5,4,gerp_2026-08-10;mda_2026-08-09;nexus_2026-08-09;palver_2026-08-09
2026-08-13,1t,lula,41.13,40.67,5,gerp_2026-08-10;mda_2026-08-09;nexus_2026-08-09;palver_2026-08-09;poderdata_2026-08-12
2026-08-14,1t,lula,40.61,40.36,6,gerp_2026-08-10;mda_2026-08-09;nexus_2026-08-09;palver_2026-08-09;poderdata_2026-08-12;quaest_2026-08-13
2026-08-15,1t,lula,40.61,40.36,6,gerp_2026-08-10;mda_2026-08-09;nexus_2026-08-09;palver_2026-08-09;poderdata_2026-08-12;quaest_2026-08-13
2026-08-16,1t,lula,40.61,40.36,6,gerp_2026-08-10;mda_2026-08-09;nexus_2026-08-09;palver_2026-08-09;poderdata_2026-08-12;quaest_2026-08-13
2026-08-17,1t,lula,40.6,40.57,4,mda_2026-08-09;nexus_2026-08-16;poderdata_2026-08-12;quaest_2026-08-13
2026-08-18,1t,lula,40.0,40.29,3,nexus_2026-08-16;poderdata_2026-08-12;quaest_2026-08-13
2026-08-19,1t,lula,40.0,40.29,3,nexus_2026-08-16;poderdata_2026-08-12;quaest_2026-08-13
2026-08-20,1t,lula,39.5,39.75,2,nexus_2026-08-16;quaest_2026-08-13
2026-08-21,1t,lula,40.0,38.7,2,datafolha_2026-08-19;nexus_2026-08-16
2026-08-22,1t,lula,40.0,38.7,2,datafolha_2026-08-19;nexus_2026-08-16
2026-08-23,1t,lula,40.0,38.7,2,datafolha_2026-08-19;nexus_2026-08-16
2026-08-24,1t,lula,40.0,38.43,2,datafolha_2026-08-19;nexus_2026-08-23
2026-08-25,1t,lula,40.0,38.43,2,datafolha_2026-08-19;nexus_2026-08-23
2026-08-26,1t,lula,40.0,38.43,2,datafolha_2026-08-19;nexus_2026-08-23
2026-08-27,1t,lula,40.0,38.43,2,datafolha_2026-08-19;nexus_2026-08-23
2026-08-28,1t,lula,41.0,40.15,1,nexus_2026-08-23
2026-08-29,1t,lula,41.0,40.15,1,nexus_2026-08-23
2026-08-30,1t,lula,41.0,40.15,1,nexus_2026-08-23
2026-08-31,1t,lula,39.0,38.21,1,nexus_2026-08-30
2026-09-01,1t,lula,38.5,37.05,2,nexus_2026-08-30;realtime_2026-08-31
2026-09-02,1t,lula,38.0,37.28,3,nexus_2026-08-30;quaest_2026-09-01;realtime_2026-08-31
2026-09-03,1t,lula,38.0,36.72,4,datafolha_2026-09-02;nexus_2026-08-30;quaest_2026-09-01;realtime_2026-08-31
2026-09-04,1t,lula,38.0,36.72,4,datafolha_2026-09-02;nexus_2026-08-30;quaest_2026-09-01;realtime_2026-08-31
2026-09-05,1t,lula,38.0,36.72,4,datafolha_2026-09-02;nexus_2026-08-30;quaest_2026-09-01;realtime_2026-08-31
2026-09-06,1t,lula,38.0,36.72,4,datafolha_2026-09-02;nexus_2026-08-30;quaest_2026-09-01;realtime_2026-08-31
2026-09-07,1t,lula,37.33,35.91,3,datafolha_2026-09-02;quaest_2026-09-06;realtime_2026-08-31
2026-09-08,1t,lula,37.67,36.83,3,datafolha_2026-09-02;nexus_2026-09-07;quaest_2026-09-06
2026-09-09,1t,lula,37.67,36.83,3,datafolha_2026-09-02;nexus_2026-09-07;quaest_2026-09-06
2026-09-10,1t,lula,37.5,37.71,2,nexus_2026-09-07;quaest_2026-09-06
2026-09-11,1t,lula,38.0,37.08,3,datafolha_2026-09-10;nexus_2026-09-07;quaest_2026-09-06
2026-09-12,1t,lula,38.0,37.08,3,datafolha_2026-09-10;nexus_2026-09-07;quaest_2026-09-06
2026-09-13,1t,lula,38.0,37.08,3,datafolha_2026-09-10;nexus_2026-09-07;quaest_2026-09-06
2026-09-14,1t,lula,39.0,38.02,3,datafolha_2026-09-10;nexus_2026-09-13;quaest_2026-09-13
2026-09-15,1t,lula,39.0,38.02,3,datafolha_2026-09-10;nexus_2026-09-13;quaest_2026-09-13
2026-09-16,1t,lula,39.0,38.02,3,datafolha_2026-09-10;nexus_2026-09-13;quaest_2026-09-13
2026-09-17,1t,lula,40.27,39.73,4,atlas_2026-09-16;datafolha_2026-09-17;nexus_2026-09-13;quaest_2026-09-13
2026-09-18,1t,lula,40.27,39.73,4,atlas_2026-09-16;datafolha_2026-09-17;nexus_2026-09-13;quaest_2026-09-13
2026-09-19,1t,lula,40.27,39.73,4,atlas_2026-09-16;datafolha_2026-09-17;nexus_2026-09-13;quaest_2026-09-13
2026-09-20,1t,lula,40.27,39.73,4,atlas_2026-09-16;datafolha_2026-09-17;nexus_2026-09-13;quaest_2026-09-13
2026-09-21,1t,lula,40.28,39.89,5,atlas_2026-09-16;datafolha_2026-09-17;nexus_2026-09-20;palver_2026-09-18;quaest_2026-09-20
2026-05-04,1t,flavio,,,0,
2026-05-05,1t,flavio,34.0,34.83,1,realtime_2026-05-04
2026-05-06,1t,flavio,34.0,34.83,1,realtime_2026-05-04
2026-05-07,1t,flavio,34.0,34.83,1,realtime_2026-05-04
2026-05-08,1t,flavio,34.0,34.83,1,realtime_2026-05-04
2026-05-09,1t,flavio,34.0,34.83,1,realtime_2026-05-04
2026-05-10,1t,flavio,34.0,34.83,1,realtime_2026-05-04
2026-05-11,1t,flavio,34.0,34.83,1,realtime_2026-05-04
2026-05-12,1t,flavio,,,0,
2026-05-13,1t,flavio,33.0,32.84,1,quaest_2026-05-11
2026-05-14,1t,flavio,35.0,35.21,2,gerp_2026-05-12;quaest_2026-05-11
2026-05-15,1t,flavio,35.0,35.21,2,gerp_2026-05-12;quaest_2026-05-11
2026-05-16,1t,flavio,35.0,35.21,2,gerp_2026-05-12;quaest_2026-05-11
2026-05-17,1t,flavio,35.0,35.21,2,gerp_2026-05-12;quaest_2026-05-11
2026-05-18,1t,flavio,35.0,35.21,2,gerp_2026-05-12;quaest_2026-05-11
2026-05-19,1t,flavio,34.77,34.74,3,atlas_2026-05-18;gerp_2026-05-12;quaest_2026-05-11
2026-05-20,1t,flavio,35.65,35.69,2,atlas_2026-05-18;gerp_2026-05-12
2026-05-21,1t,flavio,34.3,33.79,1,atlas_2026-05-18
2026-05-22,1t,flavio,34.43,35.51,3,atlas_2026-05-18;datafolha_2026-05-21;gerp_2026-05-21
2026-05-23,1t,flavio,34.43,35.51,3,atlas_2026-05-18;datafolha_2026-05-21;gerp_2026-05-21
2026-05-24,1t,flavio,34.43,35.51,3,atlas_2026-05-18;datafolha_2026-05-21;gerp_2026-05-21
2026-05-25,1t,flavio,34.58,35.56,4,atlas_2026-05-18;datafolha_2026-05-21;gerp_2026-05-21;nexus_2026-05-24
2026-05-26,1t,flavio,34.67,36.14,3,datafolha_2026-05-21;gerp_2026-05-21;nexus_2026-05-24
2026-05-27,1t,flavio,34.67,36.14,3,datafolha_2026-05-21;gerp_2026-05-21;nexus_2026-05-24
2026-05-28,1t,flavio,34.67,36.14,3,datafolha_2026-05-21;gerp_2026-05-21;nexus_2026-05-24
2026-05-29,1t,flavio,35.0,35.6,2,nexus_2026-05-24;poderdata_2026-05-28
2026-05-30,1t,flavio,35.0,35.6,2,nexus_2026-05-24;poderdata_2026-05-28
2026-05-31,1t,flavio,35.0,35.6,2,nexus_2026-05-24;poderdata_2026-05-28
2026-06-01,1t,flavio,33.0,33.59,2,poderdata_2026-05-28;realtime_2026-05-30
2026-06-02,1t,flavio,33.0,33.59,2,poderdata_2026-05-28;realtime_2026-05-30
2026-06-03,1t,flavio,33.0,33.59,2,poderdata_2026-05-28;realtime_2026-05-30
2026-06-04,1t,flavio,33.0,33.59,2,poderdata_2026-05-28;realtime_2026-05-30
2026-06-05,1t,flavio,31.0,31.66,1,realtime_2026-05-30
2026-06-06,1t,flavio,31.0,31.66,1,realtime_2026-05-30
2026-06-07,1t,flavio,31.0,31.66,1,realtime_2026-05-30
2026-06-08,1t,flavio,,,0,
2026-06-09,1t,flavio,35.0,35.76,1,gerp_2026-06-05
2026-06-10,1t,flavio,32.0,32.21,2,gerp_2026-06-05;quaest_2026-06-08
2026-06-11,1t,flavio,32.0,32.21,2,gerp_2026-06-05;quaest_2026-06-08
2026-06-12,1t,flavio,32.0,32.21,2,gerp_2026-06-05;quaest_2026-06-08
2026-06-13,1t,flavio,32.0,32.21,2,gerp_2026-06-05;quaest_2026-06-08
2026-06-14,1t,flavio,32.0,32.21,2,gerp_2026-06-05;quaest_2026-06-08
2026-06-15,1t,flavio,32.33,32.75,3,gerp_2026-06-05;nexus_2026-06-14;quaest_2026-06-08
2026-06-16,1t,flavio,30.07,30.5,3,mda_2026-06-14;nexus_2026-06-14;quaest_2026-06-08
2026-06-17,1t,flavio,30.6,31.41,2,mda_2026-06-14;nexus_2026-06-14
2026-06-18,1t,flavio,30.6,31.41,2,mda_2026-06-14;nexus_2026-06-14
2026-06-19,1t,flavio,30.73,31.96,3,datafolha_2026-06-18;mda_2026-06-14;nexus_2026-06-14
2026-06-20,1t,flavio,30.73,31.96,3,datafolha_2026-06-18;mda_2026-06-14;nexus_2026-06-14
2026-06-21,1t,flavio,30.73,31.96,3,datafolha_2026-06-18;mda_2026-06-14;nexus_2026-06-14
2026-06-22,1t,flavio,29.6,31.02,2,datafolha_2026-06-18;mda_2026-06-14
2026-06-23,1t,flavio,31.0,33.06,1,datafolha_2026-06-18
2026-06-24,1t,flavio,32.5,34.38,2,datafolha_2026-06-18;gerp_2026-06-18
2026-06-25,1t,flavio,33.67,34.92,3,datafolha_2026-06-18;gerp_2026-06-18;poderdata_2026-06-24
2026-06-26,1t,flavio,35.0,35.85,2,gerp_2026-06-18;poderdata_2026-06-24
2026-06-27,1t,flavio,35.0,35.85,2,gerp_2026-06-18;poderdata_2026-06-24
2026-06-28,1t,flavio,35.0,35.85,2,gerp_2026-06-18;poderdata_2026-06-24
2026-06-29,1t,flavio,34.67,35.59,3,gerp_2026-06-18;nexus_2026-06-28;poderdata_2026-06-24
2026-06-30,1t,flavio,34.67,35.59,3,gerp_2026-06-18;nexus_2026-06-28;poderdata_2026-06-24
2026-07-01,1t,flavio,35.53,35.46,3,atlas_2026-06-30;nexus_2026-06-28;poderdata_2026-06-24
2026-07-02,1t,flavio,35.3,35.2,2,atlas_2026-06-30;nexus_2026-06-28
2026-07-03,1t,flavio,35.3,35.2,2,atlas_2026-06-30;nexus_2026-06-28
2026-07-04,1t,flavio,35.3,35.2,2,atlas_2026-06-30;nexus_2026-06-28
2026-07-05,1t,flavio,35.3,35.2,2,atlas_2026-06-30;nexus_2026-06-28
2026-07-06,1t,flavio,36.6,35.32,1,atlas_2026-06-30
2026-07-07,1t,flavio,36.6,35.32,1,atlas_2026-06-30
2026-07-08,1t,flavio,36.0,38.59,1,gerp_2026-07-07
2026-07-09,1t,flavio,36.0,38.59,1,gerp_2026-07-07
2026-07-10,1t,flavio,36.0,38.59,1,gerp_2026-07-07
2026-07-11,1t,flavio,36.0,38.59,1,gerp_2026-07-07
2026-07-12,1t,flavio,36.0,38.59,1,gerp_2026-07-07
2026-07-13,1t,flavio,35.0,36.7,2,gerp_2026-07-07;nexus_2026-07-12
2026-07-14,1t,flavio,35.0,36.7,2,gerp_2026-07-07;nexus_2026-07-12
2026-07-15,1t,flavio,31.0,31.27,2,nexus_2026-07-12;quaest_2026-07-13
2026-07-16,1t,flavio,32.0,32.32,3,nexus_2026-07-12;poderdata_2026-07-15;quaest_2026-07-13
2026-07-17,1t,flavio,32.0,32.32,3,nexus_2026-07-12;poderdata_2026-07-15;quaest_2026-07-13
2026-07-18,1t,flavio,32.0,32.32,3,nexus_2026-07-12;poderdata_2026-07-15;quaest_2026-07-13
2026-07-19,1t,flavio,32.0,32.32,3,nexus_2026-07-12;poderdata_2026-07-15;quaest_2026-07-13
2026-07-20,1t,flavio,31.0,31.08,2,poderdata_2026-07-15;quaest_2026-07-13
2026-07-21,1t,flavio,31.67,32.13,3,poderdata_2026-07-15;quaest_2026-07-13;realtime_2026-07-20
2026-07-22,1t,flavio,35.0,35.98,3,gerp_2026-07-17;poderdata_2026-07-15;realtime_2026-07-20
2026-07-23,1t,flavio,35.5,36.76,2,gerp_2026-07-17;realtime_2026-07-20
2026-07-24,1t,flavio,34.33,35.63,3,datafolha_2026-07-23;gerp_2026-07-17;realtime_2026-07-20
2026-07-25,1t,flavio,34.33,35.63,3,datafolha_2026-07-23;gerp_2026-07-17;realtime_2026-07-20
2026-07-26,1t,flavio,34.33,35.63,3,datafolha_2026-07-23;gerp_2026-07-17;realtime_2026-07-20
2026-07-27,1t,flavio,34.0,35.2,4,datafolha_2026-07-23;gerp_2026-07-17;nexus_2026-07-26;realtime_2026-07-20
2026-07-28,1t,flavio,34.33,35.52,3,datafolha_2026-07-23;gerp_2026-07-17;nexus_2026-07-26
2026-07-29,1t,flavio,33.6,34.05,3,atlas_2026-07-27;datafolha_2026-07-23;nexus_2026-07-26
2026-07-30,1t,flavio,33.95,34.29,4,atlas_2026-07-27;datafolha_2026-07-23;nexus_2026-07-26;poderdata_2026-07-29
2026-07-31,1t,flavio,34.6,34.6,3,atlas_2026-07-27;nexus_2026-07-26;poderdata_2026-07-29
2026-08-01,1t,flavio,34.6,34.6,3,atlas_2026-07-27;nexus_2026-07-26;poderdata_2026-07-29
2026-08-02,1t,flavio,34.6,34.6,3,atlas_2026-07-27;nexus_2026-07-26;poderdata_2026-07-29
2026-08-03,1t,flavio,35.93,36.04,3,atlas_2026-07-27;nexus_2026-08-02;poderdata_2026-07-29
2026-08-04,1t,flavio,35.93,36.04,3,atlas_2026-07-27;nexus_2026-08-02;poderdata_2026-07-29
2026-08-05,1t,flavio,34.0,34.28,3,nexus_2026-08-02;poderdata_2026-07-29;quaest_2026-08-03
2026-08-06,1t,flavio,33.5,33.91,2,nexus_2026-08-02;quaest_2026-08-03
2026-08-07,1t,flavio,33.5,33.91,2,nexus_2026-08-02;quaest_2026-08-03
2026-08-08,1t,flavio,33.5,33.91,2,nexus_2026-08-02;quaest_2026-08-03
2026-08-09,1t,flavio,33.5,33.91,2,nexus_2026-08-02;quaest_2026-08-03
2026-08-10,1t,flavio,35.73,35.73,4,gerp_2026-08-10;nexus_2026-08-09;palver_2026-08-09;quaest_2026-08-03
2026-08-11,1t,flavio,34.32,34.51,5,gerp_2026-08-10;mda_2026-08-09;nexus_2026-08-09;palver_2026-08-09;quaest_2026-08-03
2026-08-12,1t,flavio,35.4,35.74,4,gerp_2026-08-10;mda_2026-08-09;nexus_2026-08-09;palver_2026-08-09
2026-08-13,1t,flavio,35.32,35.63,5,gerp_2026-08-10;mda_2026-08-09;nexus_2026-08-09;palver_2026-08-09;poderdata_2026-08-12
2026-08-14,1t,flavio,34.6,34.78,6,gerp_2026-08-10;mda_2026-08-09;nexus_2026-08-09;palver_2026-08-09;poderdata_2026-08-12;quaest_2026-08-13
2026-08-15,1t,flavio,34.6,34.78,6,gerp_2026-08-10;mda_2026-08-09;nexus_2026-08-09;palver_2026-08-09;poderdata_2026-08-12;quaest_2026-08-13
2026-08-16,1t,flavio,34.6,34.78,6,gerp_2026-08-10;mda_2026-08-09;nexus_2026-08-09;palver_2026-08-09;poderdata_2026-08-12;quaest_2026-08-13
2026-08-17,1t,flavio,32.67,32.86,4,mda_2026-08-09;nexus_2026-08-16;poderdata_2026-08-12;quaest_2026-08-13
2026-08-18,1t,flavio,34.0,33.93,3,nexus_2026-08-16;poderdata_2026-08-12;quaest_2026-08-13
2026-08-19,1t,flavio,34.0,33.93,3,nexus_2026-08-16;poderdata_2026-08-12;quaest_2026-08-13
2026-08-20,1t,flavio,33.5,33.3,2,nexus_2026-08-16;quaest_2026-08-13
2026-08-21,1t,flavio,34.5,35.8,2,datafolha_2026-08-19;nexus_2026-08-16
2026-08-22,1t,flavio,34.5,35.8,2,datafolha_2026-08-19;nexus_2026-08-16
2026-08-23,1t,flavio,34.5,35.8,2,datafolha_2026-08-19;nexus_2026-08-16
2026-08-24,1t,flavio,35.0,36.52,2,datafolha_2026-08-19;nexus_2026-08-23
2026-08-25,1t,flavio,35.0,36.52,2,datafolha_2026-08-19;nexus_2026-08-23
2026-08-26,1t,flavio,35.0,36.52,2,datafolha_2026-08-19;nexus_2026-08-23
2026-08-27,1t,flavio,35.0,36.52,2,datafolha_2026-08-19;nexus_2026-08-23
2026-08-28,1t,flavio,37.0,37.5,1,nexus_2026-08-23
2026-08-29,1t,flavio,37.0,37.5,1,nexus_2026-08-23
2026-08-30,1t,flavio,37.0,37.5,1,nexus_2026-08-23
2026-08-31,1t,flavio,33.0,33.75,1,nexus_2026-08-30
2026-09-01,1t,flavio,31.5,32.27,2,nexus_2026-08-30;realtime_2026-08-31
2026-09-02,1t,flavio,30.67,30.92,3,nexus_2026-08-30;quaest_2026-09-01;realtime_2026-08-31
2026-09-03,1t,flavio,31.25,32.15,4,datafolha_2026-09-02;nexus_2026-08-30;quaest_2026-09-01;realtime_2026-08-31
2026-09-04,1t,flavio,31.25,32.15,4,datafolha_2026-09-02;nexus_2026-08-30;quaest_2026-09-01;realtime_2026-08-31
2026-09-05,1t,flavio,31.25,32.15,4,datafolha_2026-09-02;nexus_2026-08-30;quaest_2026-09-01;realtime_2026-08-31
2026-09-06,1t,flavio,31.25,32.15,4,datafolha_2026-09-02;nexus_2026-08-30;quaest_2026-09-01;realtime_2026-08-31
2026-09-07,1t,flavio,30.67,31.64,3,datafolha_2026-09-02;quaest_2026-09-06;realtime_2026-08-31
2026-09-08,1t,flavio,32.33,33.2,3,datafolha_2026-09-02;nexus_2026-09-07;quaest_2026-09-06
2026-09-09,1t,flavio,32.33,33.2,3,datafolha_2026-09-02;nexus_2026-09-07;quaest_2026-09-06
2026-09-10,1t,flavio,32.0,31.88,2,nexus_2026-09-07;quaest_2026-09-06
2026-09-11,1t,flavio,33.0,33.97,3,datafolha_2026-09-10;nexus_2026-09-07;quaest_2026-09-06
2026-09-12,1t,flavio,33.0,33.97,3,datafolha_2026-09-10;nexus_2026-09-07;quaest_2026-09-06
2026-09-13,1t,flavio,33.0,33.97,3,datafolha_2026-09-10;nexus_2026-09-07;quaest_2026-09-06
2026-09-14,1t,flavio,34.33,35.39,3,datafolha_2026-09-10;nexus_2026-09-13;quaest_2026-09-13
2026-09-15,1t,flavio,34.33,35.39,3,datafolha_2026-09-10;nexus_2026-09-13;quaest_2026-09-13
2026-09-16,1t,flavio,34.33,35.39,3,datafolha_2026-09-10;nexus_2026-09-13;quaest_2026-09-13
2026-09-17,1t,flavio,36.42,36.87,4,atlas_2026-09-16;datafolha_2026-09-17;nexus_2026-09-13;quaest_2026-09-13
2026-09-18,1t,flavio,36.42,36.87,4,atlas_2026-09-16;datafolha_2026-09-17;nexus_2026-09-13;quaest_2026-09-13
2026-09-19,1t,flavio,36.42,36.87,4,atlas_2026-09-16;datafolha_2026-09-17;nexus_2026-09-13;quaest_2026-09-13
2026-09-20,1t,flavio,36.42,36.87,4,atlas_2026-09-16;datafolha_2026-09-17;nexus_2026-09-13;quaest_2026-09-13
2026-09-21,1t,flavio,38.01,38.15,5,atlas_2026-09-16;datafolha_2026-09-17;nexus_2026-09-20;palver_2026-09-18;quaest_2026-09-20
2026-05-04,1t,outros_centro_direita,,,0,
2026-05-05,1t,outros_centro_direita,14.0,15.67,1,realtime_2026-05-04
2026-05-06,1t,outros_centro_direita,14.0,15.67,1,realtime_2026-05-04
2026-05-07,1t,outros_centro_direita,14.0,15.67,1,realtime_2026-05-04
2026-05-08,1t,outros_centro_direita,14.0,15.67,1,realtime_2026-05-04
2026-05-09,1t,outros_centro_direita,14.0,15.67,1,realtime_2026-05-04
2026-05-10,1t,outros_centro_direita,14.0,15.67,1,realtime_2026-05-04
2026-05-11,1t,outros_centro_direita,14.0,15.67,1,realtime_2026-05-04
2026-05-12,1t,outros_centro_direita,,,0,
2026-05-13,1t,outros_centro_direita,11.0,10.92,1,quaest_2026-05-11
2026-05-14,1t,outros_centro_direita,10.0,9.99,2,gerp_2026-05-12;quaest_2026-05-11
2026-05-15,1t,outros_centro_direita,10.0,9.99,2,gerp_2026-05-12;quaest_2026-05-11
2026-05-16,1t,outros_centro_direita,10.0,9.99,2,gerp_2026-05-12;quaest_2026-05-11
2026-05-17,1t,outros_centro_direita,10.0,9.99,2,gerp_2026-05-12;quaest_2026-05-11
2026-05-18,1t,outros_centro_direita,10.0,9.99,2,gerp_2026-05-12;quaest_2026-05-11
2026-05-19,1t,outros_centro_direita,11.8,11.94,3,atlas_2026-05-18;gerp_2026-05-12;quaest_2026-05-11
2026-05-20,1t,outros_centro_direita,12.2,12.45,2,atlas_2026-05-18;gerp_2026-05-12
2026-05-21,1t,outros_centro_direita,15.4,15.85,1,atlas_2026-05-18
2026-05-22,1t,outros_centro_direita,14.2,15.06,2,atlas_2026-05-18;datafolha_2026-05-21
2026-05-23,1t,outros_centro_direita,14.2,15.06,2,atlas_2026-05-18;datafolha_2026-05-21
2026-05-24,1t,outros_centro_direita,14.2,15.06,2,atlas_2026-05-18;datafolha_2026-05-21
2026-05-25,1t,outros_centro_direita,13.8,14.5,3,atlas_2026-05-18;datafolha_2026-05-21;nexus_2026-05-24
2026-05-26,1t,outros_centro_direita,13.0,13.83,2,datafolha_2026-05-21;nexus_2026-05-24
2026-05-27,1t,outros_centro_direita,13.0,13.83,2,datafolha_2026-05-21;nexus_2026-05-24
2026-05-28,1t,outros_centro_direita,13.0,13.83,2,datafolha_2026-05-21;nexus_2026-05-24
2026-05-29,1t,outros_centro_direita,13.0,13.49,2,nexus_2026-05-24;poderdata_2026-05-28
2026-05-30,1t,outros_centro_direita,13.0,13.49,2,nexus_2026-05-24;poderdata_2026-05-28
2026-05-31,1t,outros_centro_direita,13.0,13.49,2,nexus_2026-05-24;poderdata_2026-05-28
2026-06-01,1t,outros_centro_direita,16.5,17.59,2,poderdata_2026-05-28;realtime_2026-05-30
2026-06-02,1t,outros_centro_direita,16.5,17.59,2,poderdata_2026-05-28;realtime_2026-05-30
2026-06-03,1t,outros_centro_direita,16.5,17.59,2,poderdata_2026-05-28;realtime_2026-05-30
2026-06-04,1t,outros_centro_direita,16.5,17.59,2,poderdata_2026-05-28;realtime_2026-05-30
2026-06-05,1t,outros_centro_direita,20.0,21.6,1,realtime_2026-05-30
2026-06-06,1t,outros_centro_direita,20.0,21.6,1,realtime_2026-05-30
2026-06-07,1t,outros_centro_direita,20.0,21.6,1,realtime_2026-05-30
2026-06-08,1t,outros_centro_direita,,,0,
2026-06-09,1t,outros_centro_direita,,,0,
2026-06-10,1t,outros_centro_direita,11.0,10.79,1,quaest_2026-06-08
2026-06-11,1t,outros_centro_direita,11.0,10.79,1,quaest_2026-06-08
2026-06-12,1t,outros_centro_direita,11.0,10.79,1,quaest_2026-06-08
2026-06-13,1t,outros_centro_direita,11.0,10.79,1,quaest_2026-06-08
2026-06-14,1t,outros_centro_direita,11.0,10.79,1,quaest_2026-06-08
2026-06-15,1t,outros_centro_direita,12.0,12.05,2,nexus_2026-06-14;quaest_2026-06-08
2026-06-16,1t,outros_centro_direita,12.0,12.05,2,nexus_2026-06-14;quaest_2026-06-08
2026-06-17,1t,outros_centro_direita,13.0,13.3,1,nexus_2026-06-14
2026-06-18,1t,outros_centro_direita,13.0,13.3,1,nexus_2026-06-14
2026-06-19,1t,outros_centro_direita,12.5,13.16,2,datafolha_2026-06-18;nexus_2026-06-14
2026-06-20,1t,outros_centro_direita,12.5,13.16,2,datafolha_2026-06-18;nexus_2026-06-14
2026-06-21,1t,outros_centro_direita,12.5,13.16,2,datafolha_2026-06-18;nexus_2026-06-14
2026-06-22,1t,outros_centro_direita,12.0,13.02,1,datafolha_2026-06-18
2026-06-23,1t,outros_centro_direita,12.0,13.02,1,datafolha_2026-06-18
2026-06-24,1t,outros_centro_direita,12.0,13.02,1,datafolha_2026-06-18
2026-06-25,1t,outros_centro_direita,13.0,13.6,2,datafolha_2026-06-18;poderdata_2026-06-24
2026-06-26,1t,outros_centro_direita,14.0,14.18,1,poderdata_2026-06-24
2026-06-27,1t,outros_centro_direita,14.0,14.18,1,poderdata_2026-06-24
2026-06-28,1t,outros_centro_direita,14.0,14.18,1,poderdata_2026-06-24
2026-06-29,1t,outros_centro_direita,14.0,14.25,2,nexus_2026-06-28;poderdata_2026-06-24
2026-06-30,1t,outros_centro_direita,14.0,14.25,2,nexus_2026-06-28;poderdata_2026-06-24
2026-07-01,1t,outros_centro_direita,13.97,14.31,3,atlas_2026-06-30;nexus_2026-06-28;poderdata_2026-06-24
2026-07-02,1t,outros_centro_direita,13.95,14.38,2,atlas_2026-06-30;nexus_2026-06-28
2026-07-03,1t,outros_centro_direita,13.95,14.38,2,atlas_2026-06-30;nexus_2026-06-28
2026-07-04,1t,outros_centro_direita,13.95,14.38,2,atlas_2026-06-30;nexus_2026-06-28
2026-07-05,1t,outros_centro_direita,13.95,14.38,2,atlas_2026-06-30;nexus_2026-06-28
2026-07-06,1t,outros_centro_direita,13.9,14.42,1,atlas_2026-06-30
2026-07-07,1t,outros_centro_direita,13.9,14.42,1,atlas_2026-06-30
2026-07-08,1t,outros_centro_direita,,,0,
2026-07-09,1t,outros_centro_direita,,,0,
2026-07-10,1t,outros_centro_direita,,,0,
2026-07-11,1t,outros_centro_direita,,,0,
2026-07-12,1t,outros_centro_direita,,,0,
2026-07-13,1t,outros_centro_direita,16.0,16.43,1,nexus_2026-07-12
2026-07-14,1t,outros_centro_direita,16.0,16.43,1,nexus_2026-07-12
2026-07-15,1t,outros_centro_direita,13.0,13.12,2,nexus_2026-07-12;quaest_2026-07-13
2026-07-16,1t,outros_centro_direita,14.33,14.58,3,nexus_2026-07-12;poderdata_2026-07-15;quaest_2026-07-13
2026-07-17,1t,outros_centro_direita,14.33,14.58,3,nexus_2026-07-12;poderdata_2026-07-15;quaest_2026-07-13
2026-07-18,1t,outros_centro_direita,14.33,14.58,3,nexus_2026-07-12;poderdata_2026-07-15;quaest_2026-07-13
2026-07-19,1t,outros_centro_direita,14.33,14.58,3,nexus_2026-07-12;poderdata_2026-07-15;quaest_2026-07-13
2026-07-20,1t,outros_centro_direita,13.5,13.66,2,poderdata_2026-07-15;quaest_2026-07-13
2026-07-21,1t,outros_centro_direita,13.5,13.66,2,poderdata_2026-07-15;quaest_2026-07-13
2026-07-22,1t,outros_centro_direita,17.0,17.51,1,poderdata_2026-07-15
2026-07-23,1t,outros_centro_direita,,,0,
2026-07-24,1t,outros_centro_direita,12.0,13.62,1,datafolha_2026-07-23
2026-07-25,1t,outros_centro_direita,12.0,13.62,1,datafolha_2026-07-23
2026-07-26,1t,outros_centro_direita,12.0,13.62,1,datafolha_2026-07-23
2026-07-27,1t,outros_centro_direita,14.0,15.43,2,datafolha_2026-07-23;nexus_2026-07-26
2026-07-28,1t,outros_centro_direita,14.0,15.43,2,datafolha_2026-07-23;nexus_2026-07-26
2026-07-29,1t,outros_centro_direita,14.43,15.62,3,atlas_2026-07-27;datafolha_2026-07-23;nexus_2026-07-26
2026-07-30,1t,outros_centro_direita,14.57,15.59,4,atlas_2026-07-27;datafolha_2026-07-23;nexus_2026-07-26;poderdata_2026-07-29
2026-07-31,1t,outros_centro_direita,15.43,16.25,3,atlas_2026-07-27;nexus_2026-07-26;poderdata_2026-07-29
2026-08-01,1t,outros_centro_direita,15.43,16.25,3,atlas_2026-07-27;nexus_2026-07-26;poderdata_2026-07-29
2026-08-02,1t,outros_centro_direita,15.43,16.25,3,atlas_2026-07-27;nexus_2026-07-26;poderdata_2026-07-29
2026-08-03,1t,outros_centro_direita,15.15,15.75,2,atlas_2026-07-27;poderdata_2026-07-29
2026-08-04,1t,outros_centro_direita,15.15,15.75,2,atlas_2026-07-27;poderdata_2026-07-29
2026-08-05,1t,outros_centro_direita,13.0,13.15,2,poderdata_2026-07-29;quaest_2026-08-03
2026-08-06,1t,outros_centro_direita,11.0,10.78,1,quaest_2026-08-03
2026-08-07,1t,outros_centro_direita,11.0,10.78,1,quaest_2026-08-03
2026-08-08,1t,outros_centro_direita,11.0,10.78,1,quaest_2026-08-03
2026-08-09,1t,outros_centro_direita,11.0,10.78,1,quaest_2026-08-03
2026-08-10,1t,outros_centro_direita,11.0,10.78,1,quaest_2026-08-03
2026-08-11,1t,outros_centro_direita,11.0,10.78,1,quaest_2026-08-03
2026-08-12,1t,outros_centro_direita,,,0,
2026-08-13,1t,outros_centro_direita,16.0,16.46,1,poderdata_2026-08-12
2026-08-14,1t,outros_centro_direita,14.0,14.1,2,poderdata_2026-08-12;quaest_2026-08-13
2026-08-15,1t,outros_centro_direita,14.0,14.1,2,poderdata_2026-08-12;quaest_2026-08-13
2026-08-16,1t,outros_centro_direita,14.0,14.1,2,poderdata_2026-08-12;quaest_2026-08-13
2026-08-17,1t,outros_centro_direita,14.0,14.1,2,poderdata_2026-08-12;quaest_2026-08-13
2026-08-18,1t,outros_centro_direita,14.0,14.1,2,poderdata_2026-08-12;quaest_2026-08-13
2026-08-19,1t,outros_centro_direita,14.0,14.1,2,poderdata_2026-08-12;quaest_2026-08-13
2026-08-20,1t,outros_centro_direita,12.0,11.73,1,quaest_2026-08-13
2026-08-21,1t,outros_centro_direita,14.0,15.04,1,datafolha_2026-08-19
2026-08-22,1t,outros_centro_direita,14.0,15.04,1,datafolha_2026-08-19
2026-08-23,1t,outros_centro_direita,14.0,15.04,1,datafolha_2026-08-19
2026-08-24,1t,outros_centro_direita,14.0,15.04,1,datafolha_2026-08-19
2026-08-25,1t,outros_centro_direita,14.0,15.04,1,datafolha_2026-08-19
2026-08-26,1t,outros_centro_direita,14.0,15.04,1,datafolha_2026-08-19
2026-08-27,1t,outros_centro_direita,14.0,15.04,1,datafolha_2026-08-19
2026-08-28,1t,outros_centro_direita,,,0,
2026-08-29,1t,outros_centro_direita,,,0,
2026-08-30,1t,outros_centro_direita,,,0,
2026-08-31,1t,outros_centro_direita,,,0,
2026-09-01,1t,outros_centro_direita,,,0,
2026-09-02,1t,outros_centro_direita,15.0,14.83,1,quaest_2026-09-01
2026-09-03,1t,outros_centro_direita,16.0,16.62,2,datafolha_2026-09-02;quaest_2026-09-01
2026-09-04,1t,outros_centro_direita,16.0,16.62,2,datafolha_2026-09-02;quaest_2026-09-01
2026-09-05,1t,outros_centro_direita,16.0,16.62,2,datafolha_2026-09-02;quaest_2026-09-01
2026-09-06,1t,outros_centro_direita,16.0,16.62,2,datafolha_2026-09-02;quaest_2026-09-01
2026-09-07,1t,outros_centro_direita,16.0,16.62,2,datafolha_2026-09-02;quaest_2026-09-01
2026-09-08,1t,outros_centro_direita,16.0,16.62,2,datafolha_2026-09-02;quaest_2026-09-01
2026-09-09,1t,outros_centro_direita,17.0,18.4,1,datafolha_2026-09-02
2026-09-10,1t,outros_centro_direita,,,0,
2026-09-11,1t,outros_centro_direita,16.0,16.83,1,datafolha_2026-09-10
2026-09-12,1t,outros_centro_direita,16.0,16.83,1,datafolha_2026-09-10
2026-09-13,1t,outros_centro_direita,16.0,16.83,1,datafolha_2026-09-10
2026-09-14,1t,outros_centro_direita,16.0,16.83,1,datafolha_2026-09-10
2026-09-15,1t,outros_centro_direita,16.0,16.83,1,datafolha_2026-09-10
2026-09-16,1t,outros_centro_direita,16.0,16.83,1,datafolha_2026-09-10
2026-09-17,1t,outros_centro_direita,15.0,16.7,1,datafolha_2026-09-17
2026-09-18,1t,outros_centro_direita,15.0,16.7,1,datafolha_2026-09-17
2026-09-19,1t,outros_centro_direita,15.0,16.7,1,datafolha_2026-09-17
2026-09-20,1t,outros_centro_direita,15.0,16.7,1,datafolha_2026-09-17
2026-09-21,1t,outros_centro_direita,15.0,16.7,1,datafolha_2026-09-17
2026-05-04,1t,outros_esquerda_nanicos,,,0,
2026-05-05,1t,outros_esquerda_nanicos,1.0,1.0,1,realtime_2026-05-04
2026-05-06,1t,outros_esquerda_nanicos,1.0,1.0,1,realtime_2026-05-04
2026-05-07,1t,outros_esquerda_nanicos,1.0,1.0,1,realtime_2026-05-04
2026-05-08,1t,outros_esquerda_nanicos,1.0,1.0,1,realtime_2026-05-04
2026-05-09,1t,outros_esquerda_nanicos,1.0,1.0,1,realtime_2026-05-04
2026-05-10,1t,outros_esquerda_nanicos,1.0,1.0,1,realtime_2026-05-04
2026-05-11,1t,outros_esquerda_nanicos,1.0,1.0,1,realtime_2026-05-04
2026-05-12,1t,outros_esquerda_nanicos,,,0,
2026-05-13,1t,outros_esquerda_nanicos,2.0,2.0,1,quaest_2026-05-11
2026-05-14,1t,outros_esquerda_nanicos,4.5,4.79,2,gerp_2026-05-12;quaest_2026-05-11
2026-05-15,1t,outros_esquerda_nanicos,4.5,4.79,2,gerp_2026-05-12;quaest_2026-05-11
2026-05-16,1t,outros_esquerda_nanicos,4.5,4.79,2,gerp_2026-05-12;quaest_2026-05-11
2026-05-17,1t,outros_esquerda_nanicos,4.5,4.79,2,gerp_2026-05-12;quaest_2026-05-11
2026-05-18,1t,outros_esquerda_nanicos,4.5,4.79,2,gerp_2026-05-12;quaest_2026-05-11
2026-05-19,1t,outros_esquerda_nanicos,3.0,3.19,3,atlas_2026-05-18;gerp_2026-05-12;quaest_2026-05-11
2026-05-20,1t,outros_esquerda_nanicos,3.5,3.79,2,atlas_2026-05-18;gerp_2026-05-12
2026-05-21,1t,outros_esquerda_nanicos,0.0,0.0,1,atlas_2026-05-18
2026-05-22,1t,outros_esquerda_nanicos,2.5,2.35,2,atlas_2026-05-18;datafolha_2026-05-21
2026-05-23,1t,outros_esquerda_nanicos,2.5,2.35,2,atlas_2026-05-18;datafolha_2026-05-21
2026-05-24,1t,outros_esquerda_nanicos,2.5,2.35,2,atlas_2026-05-18;datafolha_2026-05-21
2026-05-25,1t,outros_esquerda_nanicos,2.67,2.61,3,atlas_2026-05-18;datafolha_2026-05-21;nexus_2026-05-24
2026-05-26,1t,outros_esquerda_nanicos,4.0,3.91,2,datafolha_2026-05-21;nexus_2026-05-24
2026-05-27,1t,outros_esquerda_nanicos,4.0,3.91,2,datafolha_2026-05-21;nexus_2026-05-24
2026-05-28,1t,outros_esquerda_nanicos,4.0,3.91,2,datafolha_2026-05-21;nexus_2026-05-24
2026-05-29,1t,outros_esquerda_nanicos,3.0,3.06,2,nexus_2026-05-24;poderdata_2026-05-28
2026-05-30,1t,outros_esquerda_nanicos,3.0,3.06,2,nexus_2026-05-24;poderdata_2026-05-28
2026-05-31,1t,outros_esquerda_nanicos,3.0,3.06,2,nexus_2026-05-24;poderdata_2026-05-28
2026-06-01,1t,outros_esquerda_nanicos,3.5,3.62,2,poderdata_2026-05-28;realtime_2026-05-30
2026-06-02,1t,outros_esquerda_nanicos,3.5,3.62,2,poderdata_2026-05-28;realtime_2026-05-30
2026-06-03,1t,outros_esquerda_nanicos,3.5,3.62,2,poderdata_2026-05-28;realtime_2026-05-30
2026-06-04,1t,outros_esquerda_nanicos,3.5,3.62,2,poderdata_2026-05-28;realtime_2026-05-30
2026-06-05,1t,outros_esquerda_nanicos,4.0,4.24,1,realtime_2026-05-30
2026-06-06,1t,outros_esquerda_nanicos,4.0,4.24,1,realtime_2026-05-30
2026-06-07,1t,outros_esquerda_nanicos,4.0,4.24,1,realtime_2026-05-30
2026-06-08,1t,outros_esquerda_nanicos,,,0,
2026-06-09,1t,outros_esquerda_nanicos,,,0,
2026-06-10,1t,outros_esquerda_nanicos,2.0,2.0,1,quaest_2026-06-08
2026-06-11,1t,outros_esquerda_nanicos,2.0,2.0,1,quaest_2026-06-08
2026-06-12,1t,outros_esquerda_nanicos,2.0,2.0,1,quaest_2026-06-08
2026-06-13,1t,outros_esquerda_nanicos,2.0,2.0,1,quaest_2026-06-08
2026-06-14,1t,outros_esquerda_nanicos,2.0,2.0,1,quaest_2026-06-08
2026-06-15,1t,outros_esquerda_nanicos,2.5,2.45,2,nexus_2026-06-14;quaest_2026-06-08
2026-06-16,1t,outros_esquerda_nanicos,2.5,2.45,2,nexus_2026-06-14;quaest_2026-06-08
2026-06-17,1t,outros_esquerda_nanicos,3.0,2.9,1,nexus_2026-06-14
2026-06-18,1t,outros_esquerda_nanicos,3.0,2.9,1,nexus_2026-06-14
2026-06-19,1t,outros_esquerda_nanicos,4.0,4.0,2,datafolha_2026-06-18;nexus_2026-06-14
2026-06-20,1t,outros_esquerda_nanicos,4.0,4.0,2,datafolha_2026-06-18;nexus_2026-06-14
2026-06-21,1t,outros_esquerda_nanicos,4.0,4.0,2,datafolha_2026-06-18;nexus_2026-06-14
2026-06-22,1t,outros_esquerda_nanicos,5.0,5.09,1,datafolha_2026-06-18
2026-06-23,1t,outros_esquerda_nanicos,5.0,5.09,1,datafolha_2026-06-18
2026-06-24,1t,outros_esquerda_nanicos,5.0,5.09,1,datafolha_2026-06-18
2026-06-25,1t,outros_esquerda_nanicos,4.0,3.99,2,datafolha_2026-06-18;poderdata_2026-06-24
2026-06-26,1t,outros_esquerda_nanicos,3.0,2.89,1,poderdata_2026-06-24
2026-06-27,1t,outros_esquerda_nanicos,3.0,2.89,1,poderdata_2026-06-24
2026-06-28,1t,outros_esquerda_nanicos,3.0,2.89,1,poderdata_2026-06-24
2026-06-29,1t,outros_esquerda_nanicos,2.5,2.51,2,nexus_2026-06-28;poderdata_2026-06-24
2026-06-30,1t,outros_esquerda_nanicos,2.5,2.51,2,nexus_2026-06-28;poderdata_2026-06-24
2026-07-01,1t,outros_esquerda_nanicos,2.33,2.36,3,atlas_2026-06-30;nexus_2026-06-28;poderdata_2026-06-24
2026-07-02,1t,outros_esquerda_nanicos,2.0,2.1,2,atlas_2026-06-30;nexus_2026-06-28
2026-07-03,1t,outros_esquerda_nanicos,2.0,2.1,2,atlas_2026-06-30;nexus_2026-06-28
2026-07-04,1t,outros_esquerda_nanicos,2.0,2.1,2,atlas_2026-06-30;nexus_2026-06-28
2026-07-05,1t,outros_esquerda_nanicos,2.0,2.1,2,atlas_2026-06-30;nexus_2026-06-28
2026-07-06,1t,outros_esquerda_nanicos,2.0,2.07,1,atlas_2026-06-30
2026-07-07,1t,outros_esquerda_nanicos,2.0,2.07,1,atlas_2026-06-30
2026-07-08,1t,outros_esquerda_nanicos,,,0,
2026-07-09,1t,outros_esquerda_nanicos,,,0,
2026-07-10,1t,outros_esquerda_nanicos,,,0,
2026-07-11,1t,outros_esquerda_nanicos,,,0,
2026-07-12,1t,outros_esquerda_nanicos,,,0,
2026-07-13,1t,outros_esquerda_nanicos,2.0,2.04,1,nexus_2026-07-12
2026-07-14,1t,outros_esquerda_nanicos,2.0,2.04,1,nexus_2026-07-12
2026-07-15,1t,outros_esquerda_nanicos,2.5,2.51,2,nexus_2026-07-12;quaest_2026-07-13
2026-07-16,1t,outros_esquerda_nanicos,1.67,1.67,3,nexus_2026-07-12;poderdata_2026-07-15;quaest_2026-07-13
2026-07-17,1t,outros_esquerda_nanicos,1.67,1.67,3,nexus_2026-07-12;poderdata_2026-07-15;quaest_2026-07-13
2026-07-18,1t,outros_esquerda_nanicos,1.67,1.67,3,nexus_2026-07-12;poderdata_2026-07-15;quaest_2026-07-13
2026-07-19,1t,outros_esquerda_nanicos,1.67,1.67,3,nexus_2026-07-12;poderdata_2026-07-15;quaest_2026-07-13
2026-07-20,1t,outros_esquerda_nanicos,1.5,1.49,2,poderdata_2026-07-15;quaest_2026-07-13
2026-07-21,1t,outros_esquerda_nanicos,1.5,1.49,2,poderdata_2026-07-15;quaest_2026-07-13
2026-07-22,1t,outros_esquerda_nanicos,0.0,0.0,1,poderdata_2026-07-15
2026-07-23,1t,outros_esquerda_nanicos,,,0,
2026-07-24,1t,outros_esquerda_nanicos,3.0,2.42,1,datafolha_2026-07-23
2026-07-25,1t,outros_esquerda_nanicos,3.0,2.42,1,datafolha_2026-07-23
2026-07-26,1t,outros_esquerda_nanicos,3.0,2.42,1,datafolha_2026-07-23
2026-07-27,1t,outros_esquerda_nanicos,2.0,1.7,2,datafolha_2026-07-23;nexus_2026-07-26
2026-07-28,1t,outros_esquerda_nanicos,2.0,1.7,2,datafolha_2026-07-23;nexus_2026-07-26
2026-07-29,1t,outros_esquerda_nanicos,2.1,1.86,3,atlas_2026-07-27;datafolha_2026-07-23;nexus_2026-07-26
2026-07-30,1t,outros_esquerda_nanicos,1.57,1.4,4,atlas_2026-07-27;datafolha_2026-07-23;nexus_2026-07-26;poderdata_2026-07-29
2026-07-31,1t,outros_esquerda_nanicos,1.1,1.06,3,atlas_2026-07-27;nexus_2026-07-26;poderdata_2026-07-29
2026-08-01,1t,outros_esquerda_nanicos,1.1,1.06,3,atlas_2026-07-27;nexus_2026-07-26;poderdata_2026-07-29
2026-08-02,1t,outros_esquerda_nanicos,1.1,1.06,3,atlas_2026-07-27;nexus_2026-07-26;poderdata_2026-07-29
2026-08-03,1t,outros_esquerda_nanicos,1.15,1.09,2,atlas_2026-07-27;poderdata_2026-07-29
2026-08-04,1t,outros_esquerda_nanicos,1.15,1.09,2,atlas_2026-07-27;poderdata_2026-07-29
2026-08-05,1t,outros_esquerda_nanicos,1.0,1.0,2,poderdata_2026-07-29;quaest_2026-08-03
2026-08-06,1t,outros_esquerda_nanicos,2.0,2.0,1,quaest_2026-08-03
2026-08-07,1t,outros_esquerda_nanicos,2.0,2.0,1,quaest_2026-08-03
2026-08-08,1t,outros_esquerda_nanicos,2.0,2.0,1,quaest_2026-08-03
2026-08-09,1t,outros_esquerda_nanicos,2.0,2.0,1,quaest_2026-08-03
2026-08-10,1t,outros_esquerda_nanicos,2.0,2.0,1,quaest_2026-08-03
2026-08-11,1t,outros_esquerda_nanicos,2.0,2.0,1,quaest_2026-08-03
2026-08-12,1t,outros_esquerda_nanicos,,,0,
2026-08-13,1t,outros_esquerda_nanicos,1.0,0.83,1,poderdata_2026-08-12
2026-08-14,1t,outros_esquerda_nanicos,1.0,0.91,2,poderdata_2026-08-12;quaest_2026-08-13
2026-08-15,1t,outros_esquerda_nanicos,1.0,0.91,2,poderdata_2026-08-12;quaest_2026-08-13
2026-08-16,1t,outros_esquerda_nanicos,1.0,0.91,2,poderdata_2026-08-12;quaest_2026-08-13
2026-08-17,1t,outros_esquerda_nanicos,1.0,0.91,2,poderdata_2026-08-12;quaest_2026-08-13
2026-08-18,1t,outros_esquerda_nanicos,1.0,0.91,2,poderdata_2026-08-12;quaest_2026-08-13
2026-08-19,1t,outros_esquerda_nanicos,1.0,0.91,2,poderdata_2026-08-12;quaest_2026-08-13
2026-08-20,1t,outros_esquerda_nanicos,1.0,1.0,1,quaest_2026-08-13
2026-08-21,1t,outros_esquerda_nanicos,4.0,3.63,1,datafolha_2026-08-19
2026-08-22,1t,outros_esquerda_nanicos,4.0,3.63,1,datafolha_2026-08-19
2026-08-23,1t,outros_esquerda_nanicos,4.0,3.63,1,datafolha_2026-08-19
2026-08-24,1t,outros_esquerda_nanicos,4.0,3.63,1,datafolha_2026-08-19
2026-08-25,1t,outros_esquerda_nanicos,4.0,3.63,1,datafolha_2026-08-19
2026-08-26,1t,outros_esquerda_nanicos,4.0,3.63,1,datafolha_2026-08-19
2026-08-27,1t,outros_esquerda_nanicos,4.0,3.63,1,datafolha_2026-08-19
2026-08-28,1t,outros_esquerda_nanicos,,,0,
2026-08-29,1t,outros_esquerda_nanicos,,,0,
2026-08-30,1t,outros_esquerda_nanicos,,,0,
2026-08-31,1t,outros_esquerda_nanicos,,,0,
2026-09-01,1t,outros_esquerda_nanicos,,,0,
2026-09-02,1t,outros_esquerda_nanicos,1.0,1.0,1,quaest_2026-09-01
2026-09-03,1t,outros_esquerda_nanicos,2.0,1.78,2,datafolha_2026-09-02;quaest_2026-09-01
2026-09-04,1t,outros_esquerda_nanicos,2.0,1.78,2,datafolha_2026-09-02;quaest_2026-09-01
2026-09-05,1t,outros_esquerda_nanicos,2.0,1.78,2,datafolha_2026-09-02;quaest_2026-09-01
2026-09-06,1t,outros_esquerda_nanicos,2.0,1.78,2,datafolha_2026-09-02;quaest_2026-09-01
2026-09-07,1t,outros_esquerda_nanicos,2.0,1.78,2,datafolha_2026-09-02;quaest_2026-09-01
2026-09-08,1t,outros_esquerda_nanicos,2.0,1.78,2,datafolha_2026-09-02;quaest_2026-09-01
2026-09-09,1t,outros_esquerda_nanicos,3.0,2.56,1,datafolha_2026-09-02
2026-09-10,1t,outros_esquerda_nanicos,,,0,
2026-09-11,1t,outros_esquerda_nanicos,3.0,2.6,1,datafolha_2026-09-10
2026-09-12,1t,outros_esquerda_nanicos,3.0,2.6,1,datafolha_2026-09-10
2026-09-13,1t,outros_esquerda_nanicos,3.0,2.6,1,datafolha_2026-09-10
2026-09-14,1t,outros_esquerda_nanicos,3.0,2.6,1,datafolha_2026-09-10
2026-09-15,1t,outros_esquerda_nanicos,3.0,2.6,1,datafolha_2026-09-10
2026-09-16,1t,outros_esquerda_nanicos,3.0,2.6,1,datafolha_2026-09-10
2026-09-17,1t,outros_esquerda_nanicos,2.0,1.67,1,datafolha_2026-09-17
2026-09-18,1t,outros_esquerda_nanicos,2.0,1.67,1,datafolha_2026-09-17
2026-09-19,1t,outros_esquerda_nanicos,2.0,1.67,1,datafolha_2026-09-17
2026-09-20,1t,outros_esquerda_nanicos,2.0,1.67,1,datafolha_2026-09-17
2026-09-21,1t,outros_esquerda_nanicos,2.0,1.67,1,datafolha_2026-09-17
2026-05-04,1t,indecisos,,,0,
2026-05-05,1t,indecisos,5.0,4.23,1,realtime_2026-05-04
2026-05-06,1t,indecisos,5.0,4.23,1,realtime_2026-05-04
2026-05-07,1t,indecisos,5.0,4.23,1,realtime_2026-05-04
2026-05-08,1t,indecisos,5.0,4.23,1,realtime_2026-05-04
2026-05-09,1t,indecisos,5.0,4.23,1,realtime_2026-05-04
2026-05-10,1t,indecisos,5.0,4.23,1,realtime_2026-05-04
2026-05-11,1t,indecisos,5.0,4.23,1,realtime_2026-05-04
2026-05-12,1t,indecisos,,,0,
2026-05-13,1t,indecisos,5.0,5.06,1,quaest_2026-05-11
2026-05-14,1t,indecisos,5.5,5.29,2,gerp_2026-05-12;quaest_2026-05-11
2026-05-15,1t,indecisos,5.5,5.29,2,gerp_2026-05-12;quaest_2026-05-11
2026-05-16,1t,indecisos,5.5,5.29,2,gerp_2026-05-12;quaest_2026-05-11
2026-05-17,1t,indecisos,5.5,5.29,2,gerp_2026-05-12;quaest_2026-05-11
2026-05-18,1t,indecisos,5.5,5.29,2,gerp_2026-05-12;quaest_2026-05-11
2026-05-19,1t,indecisos,4.3,4.03,3,atlas_2026-05-18;gerp_2026-05-12;quaest_2026-05-11
2026-05-20,1t,indecisos,3.95,3.51,2,atlas_2026-05-18;gerp_2026-05-12
2026-05-21,1t,indecisos,1.9,1.5,1,atlas_2026-05-18
2026-05-22,1t,indecisos,3.63,3.27,3,atlas_2026-05-18;datafolha_2026-05-21;gerp_2026-05-21
2026-05-23,1t,indecisos,3.63,3.27,3,atlas_2026-05-18;datafolha_2026-05-21;gerp_2026-05-21
2026-05-24,1t,indecisos,3.63,3.27,3,atlas_2026-05-18;datafolha_2026-05-21;gerp_2026-05-21
2026-05-25,1t,indecisos,3.23,2.93,4,atlas_2026-05-18;datafolha_2026-05-21;gerp_2026-05-21;nexus_2026-05-24
2026-05-26,1t,indecisos,3.67,3.4,3,datafolha_2026-05-21;gerp_2026-05-21;nexus_2026-05-24
2026-05-27,1t,indecisos,3.67,3.4,3,datafolha_2026-05-21;gerp_2026-05-21;nexus_2026-05-24
2026-05-28,1t,indecisos,3.67,3.4,3,datafolha_2026-05-21;gerp_2026-05-21;nexus_2026-05-24
2026-05-29,1t,indecisos,2.5,2.29,2,nexus_2026-05-24;poderdata_2026-05-28
2026-05-30,1t,indecisos,2.5,2.29,2,nexus_2026-05-24;poderdata_2026-05-28
2026-05-31,1t,indecisos,2.5,2.29,2,nexus_2026-05-24;poderdata_2026-05-28
2026-06-01,1t,indecisos,3.5,3.06,2,poderdata_2026-05-28;realtime_2026-05-30
2026-06-02,1t,indecisos,3.5,3.06,2,poderdata_2026-05-28;realtime_2026-05-30
2026-06-03,1t,indecisos,3.5,3.06,2,poderdata_2026-05-28;realtime_2026-05-30
2026-06-04,1t,indecisos,3.5,3.06,2,poderdata_2026-05-28;realtime_2026-05-30
2026-06-05,1t,indecisos,4.0,3.42,1,realtime_2026-05-30
2026-06-06,1t,indecisos,4.0,3.42,1,realtime_2026-05-30
2026-06-07,1t,indecisos,4.0,3.42,1,realtime_2026-05-30
2026-06-08,1t,indecisos,,,0,
2026-06-09,1t,indecisos,12.0,11.43,1,gerp_2026-06-05
2026-06-10,1t,indecisos,11.0,10.66,2,gerp_2026-06-05;quaest_2026-06-08
2026-06-11,1t,indecisos,11.0,10.66,2,gerp_2026-06-05;quaest_2026-06-08
2026-06-12,1t,indecisos,11.0,10.66,2,gerp_2026-06-05;quaest_2026-06-08
2026-06-13,1t,indecisos,11.0,10.66,2,gerp_2026-06-05;quaest_2026-06-08
2026-06-14,1t,indecisos,11.0,10.66,2,gerp_2026-06-05;quaest_2026-06-08
2026-06-15,1t,indecisos,8.33,8.01,3,gerp_2026-06-05;nexus_2026-06-14;quaest_2026-06-08
2026-06-16,1t,indecisos,6.97,6.83,3,mda_2026-06-14;nexus_2026-06-14;quaest_2026-06-08
2026-06-17,1t,indecisos,5.45,5.3,2,mda_2026-06-14;nexus_2026-06-14
2026-06-18,1t,indecisos,5.45,5.3,2,mda_2026-06-14;nexus_2026-06-14
2026-06-19,1t,indecisos,4.97,4.67,3,datafolha_2026-06-18;mda_2026-06-14;nexus_2026-06-14
2026-06-20,1t,indecisos,4.97,4.67,3,datafolha_2026-06-18;mda_2026-06-14;nexus_2026-06-14
2026-06-21,1t,indecisos,4.97,4.67,3,datafolha_2026-06-18;mda_2026-06-14;nexus_2026-06-14
2026-06-22,1t,indecisos,5.95,5.65,2,datafolha_2026-06-18;mda_2026-06-14
2026-06-23,1t,indecisos,4.0,3.42,1,datafolha_2026-06-18
2026-06-24,1t,indecisos,7.5,6.41,2,datafolha_2026-06-18;gerp_2026-06-18
2026-06-25,1t,indecisos,6.0,5.22,3,datafolha_2026-06-18;gerp_2026-06-18;poderdata_2026-06-24
2026-06-26,1t,indecisos,7.0,6.13,2,gerp_2026-06-18;poderdata_2026-06-24
2026-06-27,1t,indecisos,7.0,6.13,2,gerp_2026-06-18;poderdata_2026-06-24
2026-06-28,1t,indecisos,7.0,6.13,2,gerp_2026-06-18;poderdata_2026-06-24
2026-06-29,1t,indecisos,5.67,5.04,3,gerp_2026-06-18;nexus_2026-06-28;poderdata_2026-06-24
2026-06-30,1t,indecisos,5.67,5.04,3,gerp_2026-06-18;nexus_2026-06-28;poderdata_2026-06-24
2026-07-01,1t,indecisos,2.03,1.95,3,atlas_2026-06-30;nexus_2026-06-28;poderdata_2026-06-24
2026-07-02,1t,indecisos,1.55,1.5,2,atlas_2026-06-30;nexus_2026-06-28
2026-07-03,1t,indecisos,1.55,1.5,2,atlas_2026-06-30;nexus_2026-06-28
2026-07-04,1t,indecisos,1.55,1.5,2,atlas_2026-06-30;nexus_2026-06-28
2026-07-05,1t,indecisos,1.55,1.5,2,atlas_2026-06-30;nexus_2026-06-28
2026-07-06,1t,indecisos,0.1,0.14,1,atlas_2026-06-30
2026-07-07,1t,indecisos,0.1,0.14,1,atlas_2026-06-30
2026-07-08,1t,indecisos,11.0,9.35,1,gerp_2026-07-07
2026-07-09,1t,indecisos,11.0,9.35,1,gerp_2026-07-07
2026-07-10,1t,indecisos,11.0,9.35,1,gerp_2026-07-07
2026-07-11,1t,indecisos,11.0,9.35,1,gerp_2026-07-07
2026-07-12,1t,indecisos,11.0,9.35,1,gerp_2026-07-07
2026-07-13,1t,indecisos,7.0,6.11,2,gerp_2026-07-07;nexus_2026-07-12
2026-07-14,1t,indecisos,7.0,6.11,2,gerp_2026-07-07;nexus_2026-07-12
2026-07-15,1t,indecisos,7.0,6.94,2,nexus_2026-07-12;quaest_2026-07-13
2026-07-16,1t,indecisos,6.33,6.15,3,nexus_2026-07-12;poderdata_2026-07-15;quaest_2026-07-13
2026-07-17,1t,indecisos,6.33,6.15,3,nexus_2026-07-12;poderdata_2026-07-15;quaest_2026-07-13
2026-07-18,1t,indecisos,6.33,6.15,3,nexus_2026-07-12;poderdata_2026-07-15;quaest_2026-07-13
2026-07-19,1t,indecisos,6.33,6.15,3,nexus_2026-07-12;poderdata_2026-07-15;quaest_2026-07-13
2026-07-20,1t,indecisos,8.0,7.79,2,poderdata_2026-07-15;quaest_2026-07-13
2026-07-21,1t,indecisos,6.33,6.01,3,poderdata_2026-07-15;quaest_2026-07-13;realtime_2026-07-20
2026-07-22,1t,indecisos,5.0,4.55,3,gerp_2026-07-17;poderdata_2026-07-15;realtime_2026-07-20
2026-07-23,1t,indecisos,5.0,4.54,2,gerp_2026-07-17;realtime_2026-07-20
2026-07-24,1t,indecisos,4.33,3.93,3,datafolha_2026-07-23;gerp_2026-07-17;realtime_2026-07-20
2026-07-25,1t,indecisos,4.33,3.93,3,datafolha_2026-07-23;gerp_2026-07-17;realtime_2026-07-20
2026-07-26,1t,indecisos,4.33,3.93,3,datafolha_2026-07-23;gerp_2026-07-17;realtime_2026-07-20
2026-07-27,1t,indecisos,3.75,3.39,4,datafolha_2026-07-23;gerp_2026-07-17;nexus_2026-07-26;realtime_2026-07-20
2026-07-28,1t,indecisos,4.0,3.71,3,datafolha_2026-07-23;gerp_2026-07-17;nexus_2026-07-26
2026-07-29,1t,indecisos,2.0,1.82,3,atlas_2026-07-27;datafolha_2026-07-23;nexus_2026-07-26
2026-07-30,1t,indecisos,2.5,2.33,4,atlas_2026-07-27;datafolha_2026-07-23;nexus_2026-07-26;poderdata_2026-07-29
2026-07-31,1t,indecisos,2.33,2.21,3,atlas_2026-07-27;nexus_2026-07-26;poderdata_2026-07-29
2026-08-01,1t,indecisos,2.33,2.21,3,atlas_2026-07-27;nexus_2026-07-26;poderdata_2026-07-29
2026-08-02,1t,indecisos,2.33,2.21,3,atlas_2026-07-27;nexus_2026-07-26;poderdata_2026-07-29
2026-08-03,1t,indecisos,2.67,2.62,3,atlas_2026-07-27;nexus_2026-08-02;poderdata_2026-07-29
2026-08-04,1t,indecisos,2.67,2.62,3,atlas_2026-07-27;nexus_2026-08-02;poderdata_2026-07-29
2026-08-05,1t,indecisos,5.67,5.64,3,nexus_2026-08-02;poderdata_2026-07-29;quaest_2026-08-03
2026-08-06,1t,indecisos,6.5,6.53,2,nexus_2026-08-02;quaest_2026-08-03
2026-08-07,1t,indecisos,6.5,6.53,2,nexus_2026-08-02;quaest_2026-08-03
2026-08-08,1t,indecisos,6.5,6.53,2,nexus_2026-08-02;quaest_2026-08-03
2026-08-09,1t,indecisos,6.5,6.53,2,nexus_2026-08-02;quaest_2026-08-03
2026-08-10,1t,indecisos,5.09,4.9,4,gerp_2026-08-10;nexus_2026-08-09;palver_2026-08-09;quaest_2026-08-03
2026-08-11,1t,indecisos,5.51,5.31,5,gerp_2026-08-10;mda_2026-08-09;nexus_2026-08-09;palver_2026-08-09;quaest_2026-08-03
2026-08-12,1t,indecisos,4.39,4.13,4,gerp_2026-08-10;mda_2026-08-09;nexus_2026-08-09;palver_2026-08-09
2026-08-13,1t,indecisos,3.91,3.67,5,gerp_2026-08-10;mda_2026-08-09;nexus_2026-08-09;palver_2026-08-09;poderdata_2026-08-12
2026-08-14,1t,indecisos,4.93,4.74,6,gerp_2026-08-10;mda_2026-08-09;nexus_2026-08-09;palver_2026-08-09;poderdata_2026-08-12;quaest_2026-08-13
2026-08-15,1t,indecisos,4.93,4.74,6,gerp_2026-08-10;mda_2026-08-09;nexus_2026-08-09;palver_2026-08-09;poderdata_2026-08-12;quaest_2026-08-13
2026-08-16,1t,indecisos,4.93,4.74,6,gerp_2026-08-10;mda_2026-08-09;nexus_2026-08-09;palver_2026-08-09;poderdata_2026-08-12;quaest_2026-08-13
2026-08-17,1t,indecisos,5.3,5.22,4,mda_2026-08-09;nexus_2026-08-16;poderdata_2026-08-12;quaest_2026-08-13
2026-08-18,1t,indecisos,4.67,4.64,3,nexus_2026-08-16;poderdata_2026-08-12;quaest_2026-08-13
2026-08-19,1t,indecisos,4.67,4.64,3,nexus_2026-08-16;poderdata_2026-08-12;quaest_2026-08-13
2026-08-20,1t,indecisos,6.0,6.05,2,nexus_2026-08-16;quaest_2026-08-13
2026-08-21,1t,indecisos,3.0,2.88,2,datafolha_2026-08-19;nexus_2026-08-16
2026-08-22,1t,indecisos,3.0,2.88,2,datafolha_2026-08-19;nexus_2026-08-16
2026-08-23,1t,indecisos,3.0,2.88,2,datafolha_2026-08-19;nexus_2026-08-16
2026-08-24,1t,indecisos,3.5,3.38,2,datafolha_2026-08-19;nexus_2026-08-23
2026-08-25,1t,indecisos,3.5,3.38,2,datafolha_2026-08-19;nexus_2026-08-23
2026-08-26,1t,indecisos,3.5,3.38,2,datafolha_2026-08-19;nexus_2026-08-23
2026-08-27,1t,indecisos,3.5,3.38,2,datafolha_2026-08-19;nexus_2026-08-23
2026-08-28,1t,indecisos,3.0,3.05,1,nexus_2026-08-23
2026-08-29,1t,indecisos,3.0,3.05,1,nexus_2026-08-23
2026-08-30,1t,indecisos,3.0,3.05,1,nexus_2026-08-23
2026-08-31,1t,indecisos,3.0,2.71,1,nexus_2026-08-30
2026-09-01,1t,indecisos,3.0,2.76,2,nexus_2026-08-30;realtime_2026-08-31
2026-09-02,1t,indecisos,5.67,5.57,3,nexus_2026-08-30;quaest_2026-09-01;realtime_2026-08-31
2026-09-03,1t,indecisos,5.0,4.8,4,datafolha_2026-09-02;nexus_2026-08-30;quaest_2026-09-01;realtime_2026-08-31
2026-09-04,1t,indecisos,5.0,4.8,4,datafolha_2026-09-02;nexus_2026-08-30;quaest_2026-09-01;realtime_2026-08-31
2026-09-05,1t,indecisos,5.0,4.8,4,datafolha_2026-09-02;nexus_2026-08-30;quaest_2026-09-01;realtime_2026-08-31
2026-09-06,1t,indecisos,5.0,4.8,4,datafolha_2026-09-02;nexus_2026-08-30;quaest_2026-09-01;realtime_2026-08-31
2026-09-07,1t,indecisos,5.33,5.16,3,datafolha_2026-09-02;quaest_2026-09-06;realtime_2026-08-31
2026-09-08,1t,indecisos,5.0,4.84,3,datafolha_2026-09-02;nexus_2026-09-07;quaest_2026-09-06
2026-09-09,1t,indecisos,5.0,4.84,3,datafolha_2026-09-02;nexus_2026-09-07;quaest_2026-09-06
2026-09-10,1t,indecisos,6.0,6.0,2,nexus_2026-09-07;quaest_2026-09-06
2026-09-11,1t,indecisos,5.33,5.13,3,datafolha_2026-09-10;nexus_2026-09-07;quaest_2026-09-06
2026-09-12,1t,indecisos,5.33,5.13,3,datafolha_2026-09-10;nexus_2026-09-07;quaest_2026-09-06
2026-09-13,1t,indecisos,5.33,5.13,3,datafolha_2026-09-10;nexus_2026-09-07;quaest_2026-09-06
2026-09-14,1t,indecisos,5.33,5.08,3,datafolha_2026-09-10;nexus_2026-09-13;quaest_2026-09-13
2026-09-15,1t,indecisos,5.33,5.08,3,datafolha_2026-09-10;nexus_2026-09-13;quaest_2026-09-13
2026-09-16,1t,indecisos,5.33,5.08,3,datafolha_2026-09-10;nexus_2026-09-13;quaest_2026-09-13
2026-09-17,1t,indecisos,3.88,3.78,4,atlas_2026-09-16;datafolha_2026-09-17;nexus_2026-09-13;quaest_2026-09-13
2026-09-18,1t,indecisos,3.88,3.78,4,atlas_2026-09-16;datafolha_2026-09-17;nexus_2026-09-13;quaest_2026-09-13
2026-09-19,1t,indecisos,3.88,3.78,4,atlas_2026-09-16;datafolha_2026-09-17;nexus_2026-09-13;quaest_2026-09-13
2026-09-20,1t,indecisos,3.88,3.78,4,atlas_2026-09-16;datafolha_2026-09-17;nexus_2026-09-13;quaest_2026-09-13
2026-09-21,1t,indecisos,1.45,1.39,4,atlas_2026-09-16;datafolha_2026-09-17;nexus_2026-09-20;palver_2026-09-18
2026-05-04,1t,branco_nulo,,,0,
2026-05-05,1t,branco_nulo,6.0,5.55,1,realtime_2026-05-04
2026-05-06,1t,branco_nulo,6.0,5.55,1,realtime_2026-05-04
2026-05-07,1t,branco_nulo,6.0,5.55,1,realtime_2026-05-04
2026-05-08,1t,branco_nulo,6.0,5.55,1,realtime_2026-05-04
2026-05-09,1t,branco_nulo,6.0,5.55,1,realtime_2026-05-04
2026-05-10,1t,branco_nulo,6.0,5.55,1,realtime_2026-05-04
2026-05-11,1t,branco_nulo,6.0,5.55,1,realtime_2026-05-04
2026-05-12,1t,branco_nulo,,,0,
2026-05-13,1t,branco_nulo,10.0,9.97,1,quaest_2026-05-11
2026-05-14,1t,branco_nulo,8.0,7.74,2,gerp_2026-05-12;quaest_2026-05-11
2026-05-15,1t,branco_nulo,8.0,7.74,2,gerp_2026-05-12;quaest_2026-05-11
2026-05-16,1t,branco_nulo,8.0,7.74,2,gerp_2026-05-12;quaest_2026-05-11
2026-05-17,1t,branco_nulo,8.0,7.74,2,gerp_2026-05-12;quaest_2026-05-11
2026-05-18,1t,branco_nulo,8.0,7.74,2,gerp_2026-05-12;quaest_2026-05-11
2026-05-19,1t,branco_nulo,5.8,5.62,3,atlas_2026-05-18;gerp_2026-05-12;quaest_2026-05-11
2026-05-20,1t,branco_nulo,3.7,3.44,2,atlas_2026-05-18;gerp_2026-05-12
2026-05-21,1t,branco_nulo,1.4,1.38,1,atlas_2026-05-18
2026-05-22,1t,branco_nulo,4.8,4.6,3,atlas_2026-05-18;datafolha_2026-05-21;gerp_2026-05-21
2026-05-23,1t,branco_nulo,4.8,4.6,3,atlas_2026-05-18;datafolha_2026-05-21;gerp_2026-05-21
2026-05-24,1t,branco_nulo,4.8,4.6,3,atlas_2026-05-18;datafolha_2026-05-21;gerp_2026-05-21
2026-05-25,1t,branco_nulo,5.35,5.15,4,atlas_2026-05-18;datafolha_2026-05-21;gerp_2026-05-21;nexus_2026-05-24
2026-05-26,1t,branco_nulo,6.67,6.41,3,datafolha_2026-05-21;gerp_2026-05-21;nexus_2026-05-24
2026-05-27,1t,branco_nulo,6.67,6.41,3,datafolha_2026-05-21;gerp_2026-05-21;nexus_2026-05-24
2026-05-28,1t,branco_nulo,6.67,6.41,3,datafolha_2026-05-21;gerp_2026-05-21;nexus_2026-05-24
2026-05-29,1t,branco_nulo,6.5,6.12,2,nexus_2026-05-24;poderdata_2026-05-28
2026-05-30,1t,branco_nulo,6.5,6.12,2,nexus_2026-05-24;poderdata_2026-05-28
2026-05-31,1t,branco_nulo,6.5,6.12,2,nexus_2026-05-24;poderdata_2026-05-28
2026-06-01,1t,branco_nulo,4.5,3.94,2,poderdata_2026-05-28;realtime_2026-05-30
2026-06-02,1t,branco_nulo,4.5,3.94,2,poderdata_2026-05-28;realtime_2026-05-30
2026-06-03,1t,branco_nulo,4.5,3.94,2,poderdata_2026-05-28;realtime_2026-05-30
2026-06-04,1t,branco_nulo,4.5,3.94,2,poderdata_2026-05-28;realtime_2026-05-30
2026-06-05,1t,branco_nulo,3.0,2.46,1,realtime_2026-05-30
2026-06-06,1t,branco_nulo,3.0,2.46,1,realtime_2026-05-30
2026-06-07,1t,branco_nulo,3.0,2.46,1,realtime_2026-05-30
2026-06-08,1t,branco_nulo,,,0,
2026-06-09,1t,branco_nulo,7.0,5.83,1,gerp_2026-06-05
2026-06-10,1t,branco_nulo,8.0,7.43,2,gerp_2026-06-05;quaest_2026-06-08
2026-06-11,1t,branco_nulo,8.0,7.43,2,gerp_2026-06-05;quaest_2026-06-08
2026-06-12,1t,branco_nulo,8.0,7.43,2,gerp_2026-06-05;quaest_2026-06-08
2026-06-13,1t,branco_nulo,8.0,7.43,2,gerp_2026-06-05;quaest_2026-06-08
2026-06-14,1t,branco_nulo,8.0,7.43,2,gerp_2026-06-05;quaest_2026-06-08
2026-06-15,1t,branco_nulo,7.0,6.52,3,gerp_2026-06-05;nexus_2026-06-14;quaest_2026-06-08
2026-06-16,1t,branco_nulo,7.0,6.9,3,mda_2026-06-14;nexus_2026-06-14;quaest_2026-06-08
2026-06-17,1t,branco_nulo,6.0,5.84,2,mda_2026-06-14;nexus_2026-06-14
2026-06-18,1t,branco_nulo,6.0,5.84,2,mda_2026-06-14;nexus_2026-06-14
2026-06-19,1t,branco_nulo,6.33,5.9,3,datafolha_2026-06-18;mda_2026-06-14;nexus_2026-06-14
2026-06-20,1t,branco_nulo,6.33,5.9,3,datafolha_2026-06-18;mda_2026-06-14;nexus_2026-06-14
2026-06-21,1t,branco_nulo,6.33,5.9,3,datafolha_2026-06-18;mda_2026-06-14;nexus_2026-06-14
2026-06-22,1t,branco_nulo,7.0,6.49,2,datafolha_2026-06-18;mda_2026-06-14
2026-06-23,1t,branco_nulo,7.0,6.02,1,datafolha_2026-06-18
2026-06-24,1t,branco_nulo,6.5,5.91,2,datafolha_2026-06-18;gerp_2026-06-18
2026-06-25,1t,branco_nulo,6.0,5.51,3,datafolha_2026-06-18;gerp_2026-06-18;poderdata_2026-06-24
2026-06-26,1t,branco_nulo,5.5,5.26,2,gerp_2026-06-18;poderdata_2026-06-24
2026-06-27,1t,branco_nulo,5.5,5.26,2,gerp_2026-06-18;poderdata_2026-06-24
2026-06-28,1t,branco_nulo,5.5,5.26,2,gerp_2026-06-18;poderdata_2026-06-24
2026-06-29,1t,branco_nulo,5.33,5.03,3,gerp_2026-06-18;nexus_2026-06-28;poderdata_2026-06-24
2026-06-30,1t,branco_nulo,5.33,5.03,3,gerp_2026-06-18;nexus_2026-06-28;poderdata_2026-06-24
2026-07-01,1t,branco_nulo,3.7,3.41,3,atlas_2026-06-30;nexus_2026-06-28;poderdata_2026-06-24
2026-07-02,1t,branco_nulo,3.05,2.75,2,atlas_2026-06-30;nexus_2026-06-28
2026-07-03,1t,branco_nulo,3.05,2.75,2,atlas_2026-06-30;nexus_2026-06-28
2026-07-04,1t,branco_nulo,3.05,2.75,2,atlas_2026-06-30;nexus_2026-06-28
2026-07-05,1t,branco_nulo,3.05,2.75,2,atlas_2026-06-30;nexus_2026-06-28
2026-07-06,1t,branco_nulo,1.1,0.94,1,atlas_2026-06-30
2026-07-07,1t,branco_nulo,1.1,0.94,1,atlas_2026-06-30
2026-07-08,1t,branco_nulo,6.0,5.26,1,gerp_2026-07-07
2026-07-09,1t,branco_nulo,6.0,5.26,1,gerp_2026-07-07
2026-07-10,1t,branco_nulo,6.0,5.26,1,gerp_2026-07-07
2026-07-11,1t,branco_nulo,6.0,5.26,1,gerp_2026-07-07
2026-07-12,1t,branco_nulo,6.0,5.26,1,gerp_2026-07-07
2026-07-13,1t,branco_nulo,6.0,5.45,2,gerp_2026-07-07;nexus_2026-07-12
2026-07-14,1t,branco_nulo,6.0,5.45,2,gerp_2026-07-07;nexus_2026-07-12
2026-07-15,1t,branco_nulo,7.0,6.81,2,nexus_2026-07-12;quaest_2026-07-13
2026-07-16,1t,branco_nulo,6.33,6.1,3,nexus_2026-07-12;poderdata_2026-07-15;quaest_2026-07-13
2026-07-17,1t,branco_nulo,6.33,6.1,3,nexus_2026-07-12;poderdata_2026-07-15;quaest_2026-07-13
2026-07-18,1t,branco_nulo,6.33,6.1,3,nexus_2026-07-12;poderdata_2026-07-15;quaest_2026-07-13
2026-07-19,1t,branco_nulo,6.33,6.1,3,nexus_2026-07-12;poderdata_2026-07-15;quaest_2026-07-13
2026-07-20,1t,branco_nulo,6.5,6.34,2,poderdata_2026-07-15;quaest_2026-07-13
2026-07-21,1t,branco_nulo,5.33,5.1,3,poderdata_2026-07-15;quaest_2026-07-13;realtime_2026-07-20
2026-07-22,1t,branco_nulo,4.33,4.03,3,gerp_2026-07-17;poderdata_2026-07-15;realtime_2026-07-20
2026-07-23,1t,branco_nulo,4.0,3.7,2,gerp_2026-07-17;realtime_2026-07-20
2026-07-24,1t,branco_nulo,5.33,5.04,3,datafolha_2026-07-23;gerp_2026-07-17;realtime_2026-07-20
2026-07-25,1t,branco_nulo,5.33,5.04,3,datafolha_2026-07-23;gerp_2026-07-17;realtime_2026-07-20
2026-07-26,1t,branco_nulo,5.33,5.04,3,datafolha_2026-07-23;gerp_2026-07-17;realtime_2026-07-20
2026-07-27,1t,branco_nulo,5.5,5.21,4,datafolha_2026-07-23;gerp_2026-07-17;nexus_2026-07-26;realtime_2026-07-20
2026-07-28,1t,branco_nulo,6.33,6.07,3,datafolha_2026-07-23;gerp_2026-07-17;nexus_2026-07-26
2026-07-29,1t,branco_nulo,4.87,4.67,3,atlas_2026-07-27;datafolha_2026-07-23;nexus_2026-07-26
2026-07-30,1t,branco_nulo,4.9,4.66,4,atlas_2026-07-27;datafolha_2026-07-23;nexus_2026-07-26;poderdata_2026-07-29
2026-07-31,1t,branco_nulo,3.87,3.65,3,atlas_2026-07-27;nexus_2026-07-26;poderdata_2026-07-29
2026-08-01,1t,branco_nulo,3.87,3.65,3,atlas_2026-07-27;nexus_2026-07-26;poderdata_2026-07-29
2026-08-02,1t,branco_nulo,3.87,3.65,3,atlas_2026-07-27;nexus_2026-07-26;poderdata_2026-07-29
2026-08-03,1t,branco_nulo,3.2,2.99,3,atlas_2026-07-27;nexus_2026-08-02;poderdata_2026-07-29
2026-08-04,1t,branco_nulo,3.2,2.99,3,atlas_2026-07-27;nexus_2026-08-02;poderdata_2026-07-29
2026-08-05,1t,branco_nulo,5.67,5.46,3,nexus_2026-08-02;poderdata_2026-07-29;quaest_2026-08-03
2026-08-06,1t,branco_nulo,6.0,5.86,2,nexus_2026-08-02;quaest_2026-08-03
2026-08-07,1t,branco_nulo,6.0,5.86,2,nexus_2026-08-02;quaest_2026-08-03
2026-08-08,1t,branco_nulo,6.0,5.86,2,nexus_2026-08-02;quaest_2026-08-03
2026-08-09,1t,branco_nulo,6.0,5.86,2,nexus_2026-08-02;quaest_2026-08-03
2026-08-10,1t,branco_nulo,4.53,4.4,4,gerp_2026-08-10;nexus_2026-08-09;palver_2026-08-09;quaest_2026-08-03
2026-08-11,1t,branco_nulo,4.98,4.83,5,gerp_2026-08-10;mda_2026-08-09;nexus_2026-08-09;palver_2026-08-09;quaest_2026-08-03
2026-08-12,1t,branco_nulo,4.23,4.06,4,gerp_2026-08-10;mda_2026-08-09;nexus_2026-08-09;palver_2026-08-09
2026-08-13,1t,branco_nulo,4.18,3.95,5,gerp_2026-08-10;mda_2026-08-09;nexus_2026-08-09;palver_2026-08-09;poderdata_2026-08-12
2026-08-14,1t,branco_nulo,4.82,4.61,6,gerp_2026-08-10;mda_2026-08-09;nexus_2026-08-09;palver_2026-08-09;poderdata_2026-08-12;quaest_2026-08-13
2026-08-15,1t,branco_nulo,4.82,4.61,6,gerp_2026-08-10;mda_2026-08-09;nexus_2026-08-09;palver_2026-08-09;poderdata_2026-08-12;quaest_2026-08-13
2026-08-16,1t,branco_nulo,4.82,4.61,6,gerp_2026-08-10;mda_2026-08-09;nexus_2026-08-09;palver_2026-08-09;poderdata_2026-08-12;quaest_2026-08-13
2026-08-17,1t,branco_nulo,5.95,5.64,4,mda_2026-08-09;nexus_2026-08-16;poderdata_2026-08-12;quaest_2026-08-13
2026-08-18,1t,branco_nulo,5.67,5.33,3,nexus_2026-08-16;poderdata_2026-08-12;quaest_2026-08-13
2026-08-19,1t,branco_nulo,5.67,5.33,3,nexus_2026-08-16;poderdata_2026-08-12;quaest_2026-08-13
2026-08-20,1t,branco_nulo,6.5,6.23,2,nexus_2026-08-16;quaest_2026-08-13
2026-08-21,1t,branco_nulo,5.5,5.0,2,datafolha_2026-08-19;nexus_2026-08-16
2026-08-22,1t,branco_nulo,5.5,5.0,2,datafolha_2026-08-19;nexus_2026-08-16
2026-08-23,1t,branco_nulo,5.5,5.0,2,datafolha_2026-08-19;nexus_2026-08-16
2026-08-24,1t,branco_nulo,5.5,5.12,2,datafolha_2026-08-19;nexus_2026-08-23
2026-08-25,1t,branco_nulo,5.5,5.12,2,datafolha_2026-08-19;nexus_2026-08-23
2026-08-26,1t,branco_nulo,5.5,5.12,2,datafolha_2026-08-19;nexus_2026-08-23
2026-08-27,1t,branco_nulo,5.5,5.12,2,datafolha_2026-08-19;nexus_2026-08-23
2026-08-28,1t,branco_nulo,5.0,4.8,1,nexus_2026-08-23
2026-08-29,1t,branco_nulo,5.0,4.8,1,nexus_2026-08-23
2026-08-30,1t,branco_nulo,5.0,4.8,1,nexus_2026-08-23
2026-08-31,1t,branco_nulo,3.0,2.94,1,nexus_2026-08-30
2026-09-01,1t,branco_nulo,3.0,2.84,2,nexus_2026-08-30;realtime_2026-08-31
2026-09-02,1t,branco_nulo,4.33,4.25,3,nexus_2026-08-30;quaest_2026-09-01;realtime_2026-08-31
2026-09-03,1t,branco_nulo,4.75,4.6,4,datafolha_2026-09-02;nexus_2026-08-30;quaest_2026-09-01;realtime_2026-08-31
2026-09-04,1t,branco_nulo,4.75,4.6,4,datafolha_2026-09-02;nexus_2026-08-30;quaest_2026-09-01;realtime_2026-08-31
2026-09-05,1t,branco_nulo,4.75,4.6,4,datafolha_2026-09-02;nexus_2026-08-30;quaest_2026-09-01;realtime_2026-08-31
2026-09-06,1t,branco_nulo,4.75,4.6,4,datafolha_2026-09-02;nexus_2026-08-30;quaest_2026-09-01;realtime_2026-08-31
2026-09-07,1t,branco_nulo,5.67,5.47,3,datafolha_2026-09-02;quaest_2026-09-06;realtime_2026-08-31
2026-09-08,1t,branco_nulo,5.67,5.52,3,datafolha_2026-09-02;nexus_2026-09-07;quaest_2026-09-06
2026-09-09,1t,branco_nulo,5.67,5.52,3,datafolha_2026-09-02;nexus_2026-09-07;quaest_2026-09-06
2026-09-10,1t,branco_nulo,5.5,5.46,2,nexus_2026-09-07;quaest_2026-09-06
2026-09-11,1t,branco_nulo,5.67,5.67,3,datafolha_2026-09-10;nexus_2026-09-07;quaest_2026-09-06
2026-09-12,1t,branco_nulo,5.67,5.67,3,datafolha_2026-09-10;nexus_2026-09-07;quaest_2026-09-06
2026-09-13,1t,branco_nulo,5.67,5.67,3,datafolha_2026-09-10;nexus_2026-09-07;quaest_2026-09-06
2026-09-14,1t,branco_nulo,5.67,5.68,3,datafolha_2026-09-10;nexus_2026-09-13;quaest_2026-09-13
2026-09-15,1t,branco_nulo,5.67,5.68,3,datafolha_2026-09-10;nexus_2026-09-13;quaest_2026-09-13
2026-09-16,1t,branco_nulo,5.67,5.68,3,datafolha_2026-09-10;nexus_2026-09-13;quaest_2026-09-13
2026-09-17,1t,branco_nulo,4.65,4.48,4,atlas_2026-09-16;datafolha_2026-09-17;nexus_2026-09-13;quaest_2026-09-13
2026-09-18,1t,branco_nulo,4.65,4.48,4,atlas_2026-09-16;datafolha_2026-09-17;nexus_2026-09-13;quaest_2026-09-13
2026-09-19,1t,branco_nulo,4.65,4.48,4,atlas_2026-09-16;datafolha_2026-09-17;nexus_2026-09-13;quaest_2026-09-13
2026-09-20,1t,branco_nulo,4.65,4.48,4,atlas_2026-09-16;datafolha_2026-09-17;nexus_2026-09-13;quaest_2026-09-13
2026-09-21,1t,branco_nulo,3.05,2.83,4,atlas_2026-09-16;datafolha_2026-09-17;nexus_2026-09-20;palver_2026-09-18
2026-05-04,2t,lula,,,0,
2026-05-05,2t,lula,,,0,
2026-05-06,2t,lula,,,0,
2026-05-07,2t,lula,,,0,
2026-05-08,2t,lula,,,0,
2026-05-09,2t,lula,,,0,
2026-05-10,2t,lula,,,0,
2026-05-11,2t,lula,,,0,
2026-05-12,2t,lula,,,0,
2026-05-13,2t,lula,42.0,42.2,1,quaest_2026-05-11
2026-05-14,2t,lula,42.0,42.2,1,quaest_2026-05-11
2026-05-15,2t,lula,42.0,42.2,1,quaest_2026-05-11
2026-05-16,2t,lula,42.0,42.2,1,quaest_2026-05-11
2026-05-17,2t,lula,42.0,42.2,1,quaest_2026-05-11
2026-05-18,2t,lula,42.0,42.2,1,quaest_2026-05-11
2026-05-19,2t,lula,42.0,42.2,1,quaest_2026-05-11
2026-05-20,2t,lula,,,0,
2026-05-21,2t,lula,,,0,
2026-05-22,2t,lula,47.0,43.67,1,datafolha_2026-05-21
2026-05-23,2t,lula,47.0,43.67,1,datafolha_2026-05-21
2026-05-24,2t,lula,47.0,43.67,1,datafolha_2026-05-21
2026-05-25,2t,lula,47.0,44.87,2,datafolha_2026-05-21;nexus_2026-05-24
2026-05-26,2t,lula,47.0,44.87,2,datafolha_2026-05-21;nexus_2026-05-24
2026-05-27,2t,lula,47.0,44.87,2,datafolha_2026-05-21;nexus_2026-05-24
2026-05-28,2t,lula,47.0,44.87,2,datafolha_2026-05-21;nexus_2026-05-24
2026-05-29,2t,lula,47.0,46.07,1,nexus_2026-05-24
2026-05-30,2t,lula,47.0,46.07,1,nexus_2026-05-24
2026-05-31,2t,lula,47.0,46.07,1,nexus_2026-05-24
2026-06-01,2t,lula,,,0,
2026-06-02,2t,lula,,,0,
2026-06-03,2t,lula,,,0,
2026-06-04,2t,lula,,,0,
2026-06-05,2t,lula,,,0,
2026-06-06,2t,lula,,,0,
2026-06-07,2t,lula,,,0,
2026-06-08,2t,lula,,,0,
2026-06-09,2t,lula,,,0,
2026-06-10,2t,lula,44.0,44.57,1,quaest_2026-06-08
2026-06-11,2t,lula,44.0,44.57,1,quaest_2026-06-08
2026-06-12,2t,lula,44.0,44.57,1,quaest_2026-06-08
2026-06-13,2t,lula,44.0,44.57,1,quaest_2026-06-08
2026-06-14,2t,lula,44.0,44.57,1,quaest_2026-06-08
2026-06-15,2t,lula,46.5,46.31,2,nexus_2026-06-14;quaest_2026-06-08
2026-06-16,2t,lula,47.43,46.99,3,mda_2026-06-14;nexus_2026-06-14;quaest_2026-06-08
2026-06-17,2t,lula,49.15,48.2,2,mda_2026-06-14;nexus_2026-06-14
2026-06-18,2t,lula,49.15,48.2,2,mda_2026-06-14;nexus_2026-06-14
2026-06-19,2t,lula,48.43,47.16,3,datafolha_2026-06-18;mda_2026-06-14;nexus_2026-06-14
2026-06-20,2t,lula,48.43,47.16,3,datafolha_2026-06-18;mda_2026-06-14;nexus_2026-06-14
2026-06-21,2t,lula,48.43,47.16,3,datafolha_2026-06-18;mda_2026-06-14;nexus_2026-06-14
2026-06-22,2t,lula,48.15,46.72,2,datafolha_2026-06-18;mda_2026-06-14
2026-06-23,2t,lula,47.0,45.1,1,datafolha_2026-06-18
2026-06-24,2t,lula,47.0,45.1,1,datafolha_2026-06-18
2026-06-25,2t,lula,47.0,45.1,1,datafolha_2026-06-18
2026-06-26,2t,lula,,,0,
2026-06-27,2t,lula,,,0,
2026-06-28,2t,lula,,,0,
2026-06-29,2t,lula,47.0,45.8,1,nexus_2026-06-28
2026-06-30,2t,lula,47.0,45.8,1,nexus_2026-06-28
2026-07-01,2t,lula,47.0,45.8,1,nexus_2026-06-28
2026-07-02,2t,lula,47.0,45.8,1,nexus_2026-06-28
2026-07-03,2t,lula,47.0,45.8,1,nexus_2026-06-28
2026-07-04,2t,lula,47.0,45.8,1,nexus_2026-06-28
2026-07-05,2t,lula,47.0,45.8,1,nexus_2026-06-28
2026-07-06,2t,lula,,,0,
2026-07-07,2t,lula,,,0,
2026-07-08,2t,lula,42.0,40.33,1,gerp_2026-07-07
2026-07-09,2t,lula,42.0,40.33,1,gerp_2026-07-07
2026-07-10,2t,lula,42.0,40.33,1,gerp_2026-07-07
2026-07-11,2t,lula,42.0,40.33,1,gerp_2026-07-07
2026-07-12,2t,lula,42.0,40.33,1,gerp_2026-07-07
2026-07-13,2t,lula,44.5,43.19,2,gerp_2026-07-07;nexus_2026-07-12
2026-07-14,2t,lula,44.5,43.19,2,gerp_2026-07-07;nexus_2026-07-12
2026-07-15,2t,lula,46.0,45.78,2,nexus_2026-07-12;quaest_2026-07-13
2026-07-16,2t,lula,46.0,45.78,2,nexus_2026-07-12;quaest_2026-07-13
2026-07-17,2t,lula,46.0,45.78,2,nexus_2026-07-12;quaest_2026-07-13
2026-07-18,2t,lula,46.0,45.78,2,nexus_2026-07-12;quaest_2026-07-13
2026-07-19,2t,lula,46.0,45.78,2,nexus_2026-07-12;quaest_2026-07-13
2026-07-20,2t,lula,45.0,45.5,1,quaest_2026-07-13
2026-07-21,2t,lula,45.0,45.5,1,quaest_2026-07-13
2026-07-22,2t,lula,,,0,
2026-07-23,2t,lula,,,0,
2026-07-24,2t,lula,48.0,45.42,1,datafolha_2026-07-23
2026-07-25,2t,lula,48.0,45.42,1,datafolha_2026-07-23
2026-07-26,2t,lula,48.0,45.42,1,datafolha_2026-07-23
2026-07-27,2t,lula,47.5,45.43,2,datafolha_2026-07-23;nexus_2026-07-26
2026-07-28,2t,lula,47.5,45.43,2,datafolha_2026-07-23;nexus_2026-07-26
2026-07-29,2t,lula,47.5,45.43,2,datafolha_2026-07-23;nexus_2026-07-26
2026-07-30,2t,lula,47.5,45.43,2,datafolha_2026-07-23;nexus_2026-07-26
2026-07-31,2t,lula,47.0,45.44,1,nexus_2026-07-26
2026-08-01,2t,lula,47.0,45.44,1,nexus_2026-07-26
2026-08-02,2t,lula,47.0,45.44,1,nexus_2026-07-26
2026-08-03,2t,lula,46.0,44.75,1,nexus_2026-08-02
2026-08-04,2t,lula,46.0,44.75,1,nexus_2026-08-02
2026-08-05,2t,lula,45.0,44.68,2,nexus_2026-08-02;quaest_2026-08-03
2026-08-06,2t,lula,45.0,44.68,2,nexus_2026-08-02;quaest_2026-08-03
2026-08-07,2t,lula,45.0,44.68,2,nexus_2026-08-02;quaest_2026-08-03
2026-08-08,2t,lula,45.0,44.68,2,nexus_2026-08-02;quaest_2026-08-03
2026-08-09,2t,lula,45.0,44.68,2,nexus_2026-08-02;quaest_2026-08-03
2026-08-10,2t,lula,45.74,45.79,3,nexus_2026-08-09;palver_2026-08-09;quaest_2026-08-03
2026-08-11,2t,lula,46.3,46.05,4,mda_2026-08-09;nexus_2026-08-09;palver_2026-08-09;quaest_2026-08-03
2026-08-12,2t,lula,47.07,46.53,3,mda_2026-08-09;nexus_2026-08-09;palver_2026-08-09
2026-08-13,2t,lula,47.07,46.53,3,mda_2026-08-09;nexus_2026-08-09;palver_2026-08-09
2026-08-14,2t,lula,46.05,45.87,4,mda_2026-08-09;nexus_2026-08-09;palver_2026-08-09;quaest_2026-08-13
2026-08-15,2t,lula,46.05,45.87,4,mda_2026-08-09;nexus_2026-08-09;palver_2026-08-09;quaest_2026-08-13
2026-08-16,2t,lula,46.05,45.87,4,mda_2026-08-09;nexus_2026-08-09;palver_2026-08-09;quaest_2026-08-13
2026-08-17,2t,lula,46.0,45.83,3,mda_2026-08-09;nexus_2026-08-16;quaest_2026-08-13
2026-08-18,2t,lula,45.0,45.32,2,nexus_2026-08-16;quaest_2026-08-13
2026-08-19,2t,lula,45.0,45.32,2,nexus_2026-08-16;quaest_2026-08-13
2026-08-20,2t,lula,44.0,44.12,3,nexus_2026-08-16;quaest_2026-08-13;verita_2026-08-20
2026-08-21,2t,lula,45.33,44.24,3,datafolha_2026-08-19;nexus_2026-08-16;verita_2026-08-20
2026-08-22,2t,lula,45.33,44.24,3,datafolha_2026-08-19;nexus_2026-08-16;verita_2026-08-20
2026-08-23,2t,lula,45.33,44.24,3,datafolha_2026-08-19;nexus_2026-08-16;verita_2026-08-20
2026-08-24,2t,lula,45.0,43.79,3,datafolha_2026-08-19;nexus_2026-08-23;verita_2026-08-20
2026-08-25,2t,lula,44.25,42.98,4,datafolha_2026-08-19;gerp_2026-08-25;nexus_2026-08-23;verita_2026-08-20
2026-08-26,2t,lula,44.25,42.98,4,datafolha_2026-08-19;gerp_2026-08-25;nexus_2026-08-23;verita_2026-08-20
2026-08-27,2t,lula,45.0,43.39,3,datafolha_2026-08-19;gerp_2026-08-25;nexus_2026-08-23
2026-08-28,2t,lula,44.0,42.97,2,gerp_2026-08-25;nexus_2026-08-23
2026-08-29,2t,lula,44.0,42.97,2,gerp_2026-08-25;nexus_2026-08-23
2026-08-30,2t,lula,44.0,42.97,2,gerp_2026-08-25;nexus_2026-08-23
2026-08-31,2t,lula,44.0,42.71,2,gerp_2026-08-25;nexus_2026-08-30
2026-09-01,2t,lula,46.0,44.89,1,nexus_2026-08-30
2026-09-02,2t,lula,44.0,43.73,2,nexus_2026-08-30;quaest_2026-09-01
2026-09-03,2t,lula,44.67,43.23,3,datafolha_2026-09-02;nexus_2026-08-30;quaest_2026-09-01
2026-09-04,2t,lula,44.67,43.23,3,datafolha_2026-09-02;nexus_2026-08-30;quaest_2026-09-01
2026-09-05,2t,lula,44.27,43.03,4,datafolha_2026-09-02;nexus_2026-08-30;quaest_2026-09-01;verita_2026-09-04
2026-09-06,2t,lula,44.27,43.03,4,datafolha_2026-09-02;nexus_2026-08-30;quaest_2026-09-01;verita_2026-09-04
2026-09-07,2t,lula,43.37,42.09,3,datafolha_2026-09-02;quaest_2026-09-06;verita_2026-09-04
2026-09-08,2t,lula,43.77,42.7,4,datafolha_2026-09-02;nexus_2026-09-07;quaest_2026-09-06;verita_2026-09-04
2026-09-09,2t,lula,43.02,41.79,5,datafolha_2026-09-02;gerp_2026-09-08;nexus_2026-09-07;quaest_2026-09-06;verita_2026-09-04
2026-09-10,2t,lula,42.27,41.68,4,gerp_2026-09-08;nexus_2026-09-07;quaest_2026-09-06;verita_2026-09-04
2026-09-11,2t,lula,43.02,41.82,5,datafolha_2026-09-10;gerp_2026-09-08;nexus_2026-09-07;quaest_2026-09-06;verita_2026-09-04
2026-09-12,2t,lula,43.0,41.67,4,datafolha_2026-09-10;gerp_2026-09-08;nexus_2026-09-07;quaest_2026-09-06
2026-09-13,2t,lula,43.0,41.67,4,datafolha_2026-09-10;gerp_2026-09-08;nexus_2026-09-07;quaest_2026-09-06
2026-09-14,2t,lula,43.25,41.98,4,datafolha_2026-09-10;gerp_2026-09-08;nexus_2026-09-13;quaest_2026-09-13
2026-09-15,2t,lula,44.06,42.82,5,datafolha_2026-09-10;gerp_2026-09-08;mda_2026-09-13;nexus_2026-09-13;quaest_2026-09-13
2026-09-16,2t,lula,45.08,43.99,4,datafolha_2026-09-10;mda_2026-09-13;nexus_2026-09-13;quaest_2026-09-13
2026-09-17,2t,lula,44.55,43.47,6,datafolha_2026-09-17;gerp_2026-09-16;mda_2026-09-13;nexus_2026-09-13;poderdata_2026-09-16;quaest_2026-09-13
2026-09-18,2t,lula,44.55,43.47,6,datafolha_2026-09-17;gerp_2026-09-16;mda_2026-09-13;nexus_2026-09-13;poderdata_2026-09-16;quaest_2026-09-13
2026-09-19,2t,lula,44.55,43.47,6,datafolha_2026-09-17;gerp_2026-09-16;mda_2026-09-13;nexus_2026-09-13;poderdata_2026-09-16;quaest_2026-09-13
2026-09-20,2t,lula,44.55,43.47,6,datafolha_2026-09-17;gerp_2026-09-16;mda_2026-09-13;nexus_2026-09-13;poderdata_2026-09-16;quaest_2026-09-13
2026-09-21,2t,lula,44.87,43.72,6,datafolha_2026-09-17;gerp_2026-09-16;mda_2026-09-13;nexus_2026-09-20;palver_2026-09-18;poderdata_2026-09-16
2026-05-04,2t,flavio,,,0,
2026-05-05,2t,flavio,,,0,
2026-05-06,2t,flavio,,,0,
2026-05-07,2t,flavio,,,0,
2026-05-08,2t,flavio,,,0,
2026-05-09,2t,flavio,,,0,
2026-05-10,2t,flavio,,,0,
2026-05-11,2t,flavio,,,0,
2026-05-12,2t,flavio,,,0,
2026-05-13,2t,flavio,41.0,40.76,1,quaest_2026-05-11
2026-05-14,2t,flavio,41.0,40.76,1,quaest_2026-05-11
2026-05-15,2t,flavio,41.0,40.76,1,quaest_2026-05-11
2026-05-16,2t,flavio,41.0,40.76,1,quaest_2026-05-11
2026-05-17,2t,flavio,41.0,40.76,1,quaest_2026-05-11
2026-05-18,2t,flavio,41.0,40.76,1,quaest_2026-05-11
2026-05-19,2t,flavio,41.0,40.76,1,quaest_2026-05-11
2026-05-20,2t,flavio,,,0,
2026-05-21,2t,flavio,,,0,
2026-05-22,2t,flavio,43.0,46.53,1,datafolha_2026-05-21
2026-05-23,2t,flavio,43.0,46.53,1,datafolha_2026-05-21
2026-05-24,2t,flavio,43.0,46.53,1,datafolha_2026-05-21
2026-05-25,2t,flavio,43.0,45.57,2,datafolha_2026-05-21;nexus_2026-05-24
2026-05-26,2t,flavio,43.0,45.57,2,datafolha_2026-05-21;nexus_2026-05-24
2026-05-27,2t,flavio,43.0,45.57,2,datafolha_2026-05-21;nexus_2026-05-24
2026-05-28,2t,flavio,43.0,45.57,2,datafolha_2026-05-21;nexus_2026-05-24
2026-05-29,2t,flavio,43.0,44.61,1,nexus_2026-05-24
2026-05-30,2t,flavio,43.0,44.61,1,nexus_2026-05-24
2026-05-31,2t,flavio,43.0,44.61,1,nexus_2026-05-24
2026-06-01,2t,flavio,,,0,
2026-06-02,2t,flavio,,,0,
2026-06-03,2t,flavio,,,0,
2026-06-04,2t,flavio,,,0,
2026-06-05,2t,flavio,,,0,
2026-06-06,2t,flavio,,,0,
2026-06-07,2t,flavio,,,0,
2026-06-08,2t,flavio,,,0,
2026-06-09,2t,flavio,,,0,
2026-06-10,2t,flavio,38.0,37.55,1,quaest_2026-06-08
2026-06-11,2t,flavio,38.0,37.55,1,quaest_2026-06-08
2026-06-12,2t,flavio,38.0,37.55,1,quaest_2026-06-08
2026-06-13,2t,flavio,38.0,37.55,1,quaest_2026-06-08
2026-06-14,2t,flavio,38.0,37.55,1,quaest_2026-06-08
2026-06-15,2t,flavio,40.5,40.76,2,nexus_2026-06-14;quaest_2026-06-08
2026-06-16,2t,flavio,39.27,39.77,3,mda_2026-06-14;nexus_2026-06-14;quaest_2026-06-08
2026-06-17,2t,flavio,39.9,40.88,2,mda_2026-06-14;nexus_2026-06-14
2026-06-18,2t,flavio,39.9,40.88,2,mda_2026-06-14;nexus_2026-06-14
2026-06-19,2t,flavio,40.93,42.37,3,datafolha_2026-06-18;mda_2026-06-14;nexus_2026-06-14
2026-06-20,2t,flavio,40.93,42.37,3,datafolha_2026-06-18;mda_2026-06-14;nexus_2026-06-14
2026-06-21,2t,flavio,40.93,42.37,3,datafolha_2026-06-18;mda_2026-06-14;nexus_2026-06-14
2026-06-22,2t,flavio,39.9,41.57,2,datafolha_2026-06-18;mda_2026-06-14
2026-06-23,2t,flavio,43.0,45.34,1,datafolha_2026-06-18
2026-06-24,2t,flavio,43.0,45.34,1,datafolha_2026-06-18
2026-06-25,2t,flavio,43.0,45.34,1,datafolha_2026-06-18
2026-06-26,2t,flavio,,,0,
2026-06-27,2t,flavio,,,0,
2026-06-28,2t,flavio,,,0,
2026-06-29,2t,flavio,44.0,45.25,1,nexus_2026-06-28
2026-06-30,2t,flavio,44.0,45.25,1,nexus_2026-06-28
2026-07-01,2t,flavio,44.0,45.25,1,nexus_2026-06-28
2026-07-02,2t,flavio,44.0,45.25,1,nexus_2026-06-28
2026-07-03,2t,flavio,44.0,45.25,1,nexus_2026-06-28
2026-07-04,2t,flavio,44.0,45.25,1,nexus_2026-06-28
2026-07-05,2t,flavio,44.0,45.25,1,nexus_2026-06-28
2026-07-06,2t,flavio,,,0,
2026-07-07,2t,flavio,,,0,
2026-07-08,2t,flavio,45.0,47.9,1,gerp_2026-07-07
2026-07-09,2t,flavio,45.0,47.9,1,gerp_2026-07-07
2026-07-10,2t,flavio,45.0,47.9,1,gerp_2026-07-07
2026-07-11,2t,flavio,45.0,47.9,1,gerp_2026-07-07
2026-07-12,2t,flavio,45.0,47.9,1,gerp_2026-07-07
2026-07-13,2t,flavio,44.5,46.3,2,gerp_2026-07-07;nexus_2026-07-12
2026-07-14,2t,flavio,44.5,46.3,2,gerp_2026-07-07;nexus_2026-07-12
2026-07-15,2t,flavio,40.5,40.61,2,nexus_2026-07-12;quaest_2026-07-13
2026-07-16,2t,flavio,40.5,40.61,2,nexus_2026-07-12;quaest_2026-07-13
2026-07-17,2t,flavio,40.5,40.61,2,nexus_2026-07-12;quaest_2026-07-13
2026-07-18,2t,flavio,40.5,40.61,2,nexus_2026-07-12;quaest_2026-07-13
2026-07-19,2t,flavio,40.5,40.61,2,nexus_2026-07-12;quaest_2026-07-13
2026-07-20,2t,flavio,37.0,36.52,1,quaest_2026-07-13
2026-07-21,2t,flavio,37.0,36.52,1,quaest_2026-07-13
2026-07-22,2t,flavio,,,0,
2026-07-23,2t,flavio,,,0,
2026-07-24,2t,flavio,43.0,45.49,1,datafolha_2026-07-23
2026-07-25,2t,flavio,43.0,45.49,1,datafolha_2026-07-23
2026-07-26,2t,flavio,43.0,45.49,1,datafolha_2026-07-23
2026-07-27,2t,flavio,43.0,45.07,2,datafolha_2026-07-23;nexus_2026-07-26
2026-07-28,2t,flavio,43.0,45.07,2,datafolha_2026-07-23;nexus_2026-07-26
2026-07-29,2t,flavio,43.0,45.07,2,datafolha_2026-07-23;nexus_2026-07-26
2026-07-30,2t,flavio,43.0,45.07,2,datafolha_2026-07-23;nexus_2026-07-26
2026-07-31,2t,flavio,43.0,44.65,1,nexus_2026-07-26
2026-08-01,2t,flavio,43.0,44.65,1,nexus_2026-07-26
2026-08-02,2t,flavio,43.0,44.65,1,nexus_2026-07-26
2026-08-03,2t,flavio,45.0,46.47,1,nexus_2026-08-02
2026-08-04,2t,flavio,45.0,46.47,1,nexus_2026-08-02
2026-08-05,2t,flavio,42.0,42.46,2,nexus_2026-08-02;quaest_2026-08-03
2026-08-06,2t,flavio,42.0,42.46,2,nexus_2026-08-02;quaest_2026-08-03
2026-08-07,2t,flavio,42.0,42.46,2,nexus_2026-08-02;quaest_2026-08-03
2026-08-08,2t,flavio,42.0,42.46,2,nexus_2026-08-02;quaest_2026-08-03
2026-08-09,2t,flavio,42.0,42.46,2,nexus_2026-08-02;quaest_2026-08-03
2026-08-10,2t,flavio,42.84,42.58,3,nexus_2026-08-09;palver_2026-08-09;quaest_2026-08-03
2026-08-11,2t,flavio,41.9,42.1,4,mda_2026-08-09;nexus_2026-08-09;palver_2026-08-09;quaest_2026-08-03
2026-08-12,2t,flavio,42.87,43.32,3,mda_2026-08-09;nexus_2026-08-09;palver_2026-08-09
2026-08-13,2t,flavio,42.87,43.32,3,mda_2026-08-09;nexus_2026-08-09;palver_2026-08-09
2026-08-14,2t,flavio,42.15,42.31,4,mda_2026-08-09;nexus_2026-08-09;palver_2026-08-09;quaest_2026-08-13
2026-08-15,2t,flavio,42.15,42.31,4,mda_2026-08-09;nexus_2026-08-09;palver_2026-08-09;quaest_2026-08-13
2026-08-16,2t,flavio,42.15,42.31,4,mda_2026-08-09;nexus_2026-08-09;palver_2026-08-09;quaest_2026-08-13
2026-08-17,2t,flavio,41.03,41.4,3,mda_2026-08-09;nexus_2026-08-16;quaest_2026-08-13
2026-08-18,2t,flavio,42.0,41.77,2,nexus_2026-08-16;quaest_2026-08-13
2026-08-19,2t,flavio,42.0,41.77,2,nexus_2026-08-16;quaest_2026-08-13
2026-08-20,2t,flavio,43.77,43.73,3,nexus_2026-08-16;quaest_2026-08-13;verita_2026-08-20
2026-08-21,2t,flavio,44.77,46.0,3,datafolha_2026-08-19;nexus_2026-08-16;verita_2026-08-20
2026-08-22,2t,flavio,44.77,46.0,3,datafolha_2026-08-19;nexus_2026-08-16;verita_2026-08-20
2026-08-23,2t,flavio,44.77,46.0,3,datafolha_2026-08-19;nexus_2026-08-16;verita_2026-08-20
2026-08-24,2t,flavio,45.1,46.54,3,datafolha_2026-08-19;nexus_2026-08-23;verita_2026-08-20
2026-08-25,2t,flavio,45.58,47.1,4,datafolha_2026-08-19;gerp_2026-08-25;nexus_2026-08-23;verita_2026-08-20
2026-08-26,2t,flavio,45.58,47.1,4,datafolha_2026-08-19;gerp_2026-08-25;nexus_2026-08-23;verita_2026-08-20
2026-08-27,2t,flavio,45.0,46.92,3,datafolha_2026-08-19;gerp_2026-08-25;nexus_2026-08-23
2026-08-28,2t,flavio,46.0,47.34,2,gerp_2026-08-25;nexus_2026-08-23
2026-08-29,2t,flavio,46.0,47.34,2,gerp_2026-08-25;nexus_2026-08-23
2026-08-30,2t,flavio,46.0,47.34,2,gerp_2026-08-25;nexus_2026-08-23
2026-08-31,2t,flavio,46.0,47.48,2,gerp_2026-08-25;nexus_2026-08-30
2026-09-01,2t,flavio,45.0,46.16,1,nexus_2026-08-30
2026-09-02,2t,flavio,43.0,43.21,2,nexus_2026-08-30;quaest_2026-09-01
2026-09-03,2t,flavio,43.33,44.72,3,datafolha_2026-09-02;nexus_2026-08-30;quaest_2026-09-01
2026-09-04,2t,flavio,43.33,44.72,3,datafolha_2026-09-02;nexus_2026-08-30;quaest_2026-09-01
2026-09-05,2t,flavio,44.62,45.78,4,datafolha_2026-09-02;nexus_2026-08-30;quaest_2026-09-01;verita_2026-09-04
2026-09-06,2t,flavio,44.62,45.78,4,datafolha_2026-09-02;nexus_2026-08-30;quaest_2026-09-01;verita_2026-09-04
2026-09-07,2t,flavio,44.5,45.67,3,datafolha_2026-09-02;quaest_2026-09-06;verita_2026-09-04
2026-09-08,2t,flavio,44.88,45.91,4,datafolha_2026-09-02;nexus_2026-09-07;quaest_2026-09-06;verita_2026-09-04
2026-09-09,2t,flavio,45.3,46.5,5,datafolha_2026-09-02;gerp_2026-09-08;nexus_2026-09-07;quaest_2026-09-06;verita_2026-09-04
2026-09-10,2t,flavio,45.62,46.19,4,gerp_2026-09-08;nexus_2026-09-07;quaest_2026-09-06;verita_2026-09-04
2026-09-11,2t,flavio,45.3,46.53,5,datafolha_2026-09-10;gerp_2026-09-08;nexus_2026-09-07;quaest_2026-09-06;verita_2026-09-04
2026-09-12,2t,flavio,44.5,45.92,4,datafolha_2026-09-10;gerp_2026-09-08;nexus_2026-09-07;quaest_2026-09-06
2026-09-13,2t,flavio,44.5,45.92,4,datafolha_2026-09-10;gerp_2026-09-08;nexus_2026-09-07;quaest_2026-09-06
2026-09-14,2t,flavio,44.75,46.14,4,datafolha_2026-09-10;gerp_2026-09-08;nexus_2026-09-13;quaest_2026-09-13
2026-09-15,2t,flavio,43.8,45.15,5,datafolha_2026-09-10;gerp_2026-09-08;mda_2026-09-13;nexus_2026-09-13;quaest_2026-09-13
2026-09-16,2t,flavio,43.0,44.23,4,datafolha_2026-09-10;mda_2026-09-13;nexus_2026-09-13;quaest_2026-09-13
2026-09-17,2t,flavio,44.67,45.9,6,datafolha_2026-09-17;gerp_2026-09-16;mda_2026-09-13;nexus_2026-09-13;poderdata_2026-09-16;quaest_2026-09-13
2026-09-18,2t,flavio,44.67,45.9,6,datafolha_2026-09-17;gerp_2026-09-16;mda_2026-09-13;nexus_2026-09-13;poderdata_2026-09-16;quaest_2026-09-13
2026-09-19,2t,flavio,44.67,45.9,6,datafolha_2026-09-17;gerp_2026-09-16;mda_2026-09-13;nexus_2026-09-13;poderdata_2026-09-16;quaest_2026-09-13
2026-09-20,2t,flavio,44.67,45.9,6,datafolha_2026-09-17;gerp_2026-09-16;mda_2026-09-13;nexus_2026-09-13;poderdata_2026-09-16;quaest_2026-09-13
2026-09-21,2t,flavio,45.4,46.65,6,datafolha_2026-09-17;gerp_2026-09-16;mda_2026-09-13;nexus_2026-09-20;palver_2026-09-18;poderdata_2026-09-16
2026-05-04,2t,indecisos,,,0,
2026-05-05,2t,indecisos,,,0,
2026-05-06,2t,indecisos,,,0,
2026-05-07,2t,indecisos,,,0,
2026-05-08,2t,indecisos,,,0,
2026-05-09,2t,indecisos,,,0,
2026-05-10,2t,indecisos,,,0,
2026-05-11,2t,indecisos,,,0,
2026-05-12,2t,indecisos,,,0,
2026-05-13,2t,indecisos,3.0,3.08,1,quaest_2026-05-11
2026-05-14,2t,indecisos,3.0,3.08,1,quaest_2026-05-11
2026-05-15,2t,indecisos,3.0,3.08,1,quaest_2026-05-11
2026-05-16,2t,indecisos,3.0,3.08,1,quaest_2026-05-11
2026-05-17,2t,indecisos,3.0,3.08,1,quaest_2026-05-11
2026-05-18,2t,indecisos,3.0,3.08,1,quaest_2026-05-11
2026-05-19,2t,indecisos,3.0,3.08,1,quaest_2026-05-11
2026-05-20,2t,indecisos,,,0,
2026-05-21,2t,indecisos,,,0,
2026-05-22,2t,indecisos,2.0,1.87,1,datafolha_2026-05-21
2026-05-23,2t,indecisos,2.0,1.87,1,datafolha_2026-05-21
2026-05-24,2t,indecisos,2.0,1.87,1,datafolha_2026-05-21
2026-05-25,2t,indecisos,1.5,1.41,2,datafolha_2026-05-21;nexus_2026-05-24
2026-05-26,2t,indecisos,1.5,1.41,2,datafolha_2026-05-21;nexus_2026-05-24
2026-05-27,2t,indecisos,1.5,1.41,2,datafolha_2026-05-21;nexus_2026-05-24
2026-05-28,2t,indecisos,1.5,1.41,2,datafolha_2026-05-21;nexus_2026-05-24
2026-05-29,2t,indecisos,1.0,0.95,1,nexus_2026-05-24
2026-05-30,2t,indecisos,1.0,0.95,1,nexus_2026-05-24
2026-05-31,2t,indecisos,1.0,0.95,1,nexus_2026-05-24
2026-06-01,2t,indecisos,,,0,
2026-06-02,2t,indecisos,,,0,
2026-06-03,2t,indecisos,,,0,
2026-06-04,2t,indecisos,,,0,
2026-06-05,2t,indecisos,,,0,
2026-06-06,2t,indecisos,,,0,
2026-06-07,2t,indecisos,,,0,
2026-06-08,2t,indecisos,,,0,
2026-06-09,2t,indecisos,,,0,
2026-06-10,2t,indecisos,4.0,3.98,1,quaest_2026-06-08
2026-06-11,2t,indecisos,4.0,3.98,1,quaest_2026-06-08
2026-06-12,2t,indecisos,4.0,3.98,1,quaest_2026-06-08
2026-06-13,2t,indecisos,4.0,3.98,1,quaest_2026-06-08
2026-06-14,2t,indecisos,4.0,3.98,1,quaest_2026-06-08
2026-06-15,2t,indecisos,2.5,2.47,2,nexus_2026-06-14;quaest_2026-06-08
2026-06-16,2t,indecisos,2.57,2.58,3,mda_2026-06-14;nexus_2026-06-14;quaest_2026-06-08
2026-06-17,2t,indecisos,1.85,1.88,2,mda_2026-06-14;nexus_2026-06-14
2026-06-18,2t,indecisos,1.85,1.88,2,mda_2026-06-14;nexus_2026-06-14
2026-06-19,2t,indecisos,1.57,1.48,3,datafolha_2026-06-18;mda_2026-06-14;nexus_2026-06-14
2026-06-20,2t,indecisos,1.57,1.48,3,datafolha_2026-06-18;mda_2026-06-14;nexus_2026-06-14
2026-06-21,2t,indecisos,1.57,1.48,3,datafolha_2026-06-18;mda_2026-06-14;nexus_2026-06-14
2026-06-22,2t,indecisos,1.85,1.75,2,datafolha_2026-06-18;mda_2026-06-14
2026-06-23,2t,indecisos,1.0,0.69,1,datafolha_2026-06-18
2026-06-24,2t,indecisos,1.0,0.69,1,datafolha_2026-06-18
2026-06-25,2t,indecisos,1.0,0.69,1,datafolha_2026-06-18
2026-06-26,2t,indecisos,,,0,
2026-06-27,2t,indecisos,,,0,
2026-06-28,2t,indecisos,,,0,
2026-06-29,2t,indecisos,1.0,0.87,1,nexus_2026-06-28
2026-06-30,2t,indecisos,1.0,0.87,1,nexus_2026-06-28
2026-07-01,2t,indecisos,1.0,0.87,1,nexus_2026-06-28
2026-07-02,2t,indecisos,1.0,0.87,1,nexus_2026-06-28
2026-07-03,2t,indecisos,1.0,0.87,1,nexus_2026-06-28
2026-07-04,2t,indecisos,1.0,0.87,1,nexus_2026-06-28
2026-07-05,2t,indecisos,1.0,0.87,1,nexus_2026-06-28
2026-07-06,2t,indecisos,,,0,
2026-07-07,2t,indecisos,,,0,
2026-07-08,2t,indecisos,4.0,3.23,1,gerp_2026-07-07
2026-07-09,2t,indecisos,4.0,3.23,1,gerp_2026-07-07
2026-07-10,2t,indecisos,4.0,3.23,1,gerp_2026-07-07
2026-07-11,2t,indecisos,4.0,3.23,1,gerp_2026-07-07
2026-07-12,2t,indecisos,4.0,3.23,1,gerp_2026-07-07
2026-07-13,2t,indecisos,2.5,2.06,2,gerp_2026-07-07;nexus_2026-07-12
2026-07-14,2t,indecisos,2.5,2.06,2,gerp_2026-07-07;nexus_2026-07-12
2026-07-15,2t,indecisos,2.5,2.43,2,nexus_2026-07-12;quaest_2026-07-13
2026-07-16,2t,indecisos,2.5,2.43,2,nexus_2026-07-12;quaest_2026-07-13
2026-07-17,2t,indecisos,2.5,2.43,2,nexus_2026-07-12;quaest_2026-07-13
2026-07-18,2t,indecisos,2.5,2.43,2,nexus_2026-07-12;quaest_2026-07-13
2026-07-19,2t,indecisos,2.5,2.43,2,nexus_2026-07-12;quaest_2026-07-13
2026-07-20,2t,indecisos,4.0,3.97,1,quaest_2026-07-13
2026-07-21,2t,indecisos,4.0,3.97,1,quaest_2026-07-13
2026-07-22,2t,indecisos,,,0,
2026-07-23,2t,indecisos,,,0,
2026-07-24,2t,indecisos,1.0,0.87,1,datafolha_2026-07-23
2026-07-25,2t,indecisos,1.0,0.87,1,datafolha_2026-07-23
2026-07-26,2t,indecisos,1.0,0.87,1,datafolha_2026-07-23
2026-07-27,2t,indecisos,1.0,0.84,2,datafolha_2026-07-23;nexus_2026-07-26
2026-07-28,2t,indecisos,1.0,0.84,2,datafolha_2026-07-23;nexus_2026-07-26
2026-07-29,2t,indecisos,1.0,0.84,2,datafolha_2026-07-23;nexus_2026-07-26
2026-07-30,2t,indecisos,1.0,0.84,2,datafolha_2026-07-23;nexus_2026-07-26
2026-07-31,2t,indecisos,1.0,0.8,1,nexus_2026-07-26
2026-08-01,2t,indecisos,1.0,0.8,1,nexus_2026-07-26
2026-08-02,2t,indecisos,1.0,0.8,1,nexus_2026-07-26
2026-08-03,2t,indecisos,2.0,1.75,1,nexus_2026-08-02
2026-08-04,2t,indecisos,2.0,1.75,1,nexus_2026-08-02
2026-08-05,2t,indecisos,3.0,2.86,2,nexus_2026-08-02;quaest_2026-08-03
2026-08-06,2t,indecisos,3.0,2.86,2,nexus_2026-08-02;quaest_2026-08-03
2026-08-07,2t,indecisos,3.0,2.86,2,nexus_2026-08-02;quaest_2026-08-03
2026-08-08,2t,indecisos,3.0,2.86,2,nexus_2026-08-02;quaest_2026-08-03
2026-08-09,2t,indecisos,3.0,2.86,2,nexus_2026-08-02;quaest_2026-08-03
2026-08-10,2t,indecisos,1.86,1.85,3,nexus_2026-08-09;palver_2026-08-09;quaest_2026-08-03
2026-08-11,2t,indecisos,1.97,1.94,4,mda_2026-08-09;nexus_2026-08-09;palver_2026-08-09;quaest_2026-08-03
2026-08-12,2t,indecisos,1.3,1.26,3,mda_2026-08-09;nexus_2026-08-09;palver_2026-08-09
2026-08-13,2t,indecisos,1.3,1.26,3,mda_2026-08-09;nexus_2026-08-09;palver_2026-08-09
2026-08-14,2t,indecisos,1.97,1.95,4,mda_2026-08-09;nexus_2026-08-09;palver_2026-08-09;quaest_2026-08-13
2026-08-15,2t,indecisos,1.97,1.95,4,mda_2026-08-09;nexus_2026-08-09;palver_2026-08-09;quaest_2026-08-13
2026-08-16,2t,indecisos,1.97,1.95,4,mda_2026-08-09;nexus_2026-08-09;palver_2026-08-09;quaest_2026-08-13
2026-08-17,2t,indecisos,2.43,2.44,3,mda_2026-08-09;nexus_2026-08-16;quaest_2026-08-13
2026-08-18,2t,indecisos,2.5,2.56,2,nexus_2026-08-16;quaest_2026-08-13
2026-08-19,2t,indecisos,2.5,2.56,2,nexus_2026-08-16;quaest_2026-08-13
2026-08-20,2t,indecisos,3.2,3.2,3,nexus_2026-08-16;quaest_2026-08-13;verita_2026-08-20
2026-08-21,2t,indecisos,2.53,2.49,3,datafolha_2026-08-19;nexus_2026-08-16;verita_2026-08-20
2026-08-22,2t,indecisos,2.53,2.49,3,datafolha_2026-08-19;nexus_2026-08-16;verita_2026-08-20
2026-08-23,2t,indecisos,2.53,2.49,3,datafolha_2026-08-19;nexus_2026-08-16;verita_2026-08-20
2026-08-24,2t,indecisos,2.53,2.45,3,datafolha_2026-08-19;nexus_2026-08-23;verita_2026-08-20
2026-08-25,2t,indecisos,2.65,2.48,4,datafolha_2026-08-19;gerp_2026-08-25;nexus_2026-08-23;verita_2026-08-20
2026-08-26,2t,indecisos,2.65,2.48,4,datafolha_2026-08-19;gerp_2026-08-25;nexus_2026-08-23;verita_2026-08-20
2026-08-27,2t,indecisos,2.0,1.81,3,datafolha_2026-08-19;gerp_2026-08-25;nexus_2026-08-23
2026-08-28,2t,indecisos,2.0,1.76,2,gerp_2026-08-25;nexus_2026-08-23
2026-08-29,2t,indecisos,2.0,1.76,2,gerp_2026-08-25;nexus_2026-08-23
2026-08-30,2t,indecisos,2.0,1.76,2,gerp_2026-08-25;nexus_2026-08-23
2026-08-31,2t,indecisos,2.0,1.76,2,gerp_2026-08-25;nexus_2026-08-30
2026-09-01,2t,indecisos,1.0,0.94,1,nexus_2026-08-30
2026-09-02,2t,indecisos,2.5,2.53,2,nexus_2026-08-30;quaest_2026-09-01
2026-09-03,2t,indecisos,2.33,2.3,3,datafolha_2026-09-02;nexus_2026-08-30;quaest_2026-09-01
2026-09-04,2t,indecisos,2.33,2.3,3,datafolha_2026-09-02;nexus_2026-08-30;quaest_2026-09-01
2026-09-05,2t,indecisos,2.65,2.61,4,datafolha_2026-09-02;nexus_2026-08-30;quaest_2026-09-01;verita_2026-09-04
2026-09-06,2t,indecisos,2.65,2.61,4,datafolha_2026-09-02;nexus_2026-08-30;quaest_2026-09-01;verita_2026-09-04
2026-09-07,2t,indecisos,3.53,3.49,3,datafolha_2026-09-02;quaest_2026-09-06;verita_2026-09-04
2026-09-08,2t,indecisos,2.9,2.87,4,datafolha_2026-09-02;nexus_2026-09-07;quaest_2026-09-06;verita_2026-09-04
2026-09-09,2t,indecisos,2.92,2.87,5,datafolha_2026-09-02;gerp_2026-09-08;nexus_2026-09-07;quaest_2026-09-06;verita_2026-09-04
2026-09-10,2t,indecisos,3.15,3.13,4,gerp_2026-09-08;nexus_2026-09-07;quaest_2026-09-06;verita_2026-09-04
2026-09-11,2t,indecisos,2.72,2.63,5,datafolha_2026-09-10;gerp_2026-09-08;nexus_2026-09-07;quaest_2026-09-06;verita_2026-09-04
2026-09-12,2t,indecisos,2.5,2.4,4,datafolha_2026-09-10;gerp_2026-09-08;nexus_2026-09-07;quaest_2026-09-06
2026-09-13,2t,indecisos,2.5,2.4,4,datafolha_2026-09-10;gerp_2026-09-08;nexus_2026-09-07;quaest_2026-09-06
2026-09-14,2t,indecisos,2.5,2.35,4,datafolha_2026-09-10;gerp_2026-09-08;nexus_2026-09-13;quaest_2026-09-13
2026-09-15,2t,indecisos,2.5,2.34,5,datafolha_2026-09-10;gerp_2026-09-08;mda_2026-09-13;nexus_2026-09-13;quaest_2026-09-13
2026-09-16,2t,indecisos,2.38,2.21,4,datafolha_2026-09-10;mda_2026-09-13;nexus_2026-09-13;quaest_2026-09-13
2026-09-17,2t,indecisos,2.1,1.98,5,datafolha_2026-09-17;gerp_2026-09-16;mda_2026-09-13;nexus_2026-09-13;quaest_2026-09-13
2026-09-18,2t,indecisos,2.1,1.98,5,datafolha_2026-09-17;gerp_2026-09-16;mda_2026-09-13;nexus_2026-09-13;quaest_2026-09-13
2026-09-19,2t,indecisos,2.1,1.98,5,datafolha_2026-09-17;gerp_2026-09-16;mda_2026-09-13;nexus_2026-09-13;quaest_2026-09-13
2026-09-20,2t,indecisos,2.1,1.98,5,datafolha_2026-09-17;gerp_2026-09-16;mda_2026-09-13;nexus_2026-09-13;quaest_2026-09-13
2026-09-21,2t,indecisos,1.33,1.21,5,datafolha_2026-09-17;gerp_2026-09-16;mda_2026-09-13;nexus_2026-09-20;palver_2026-09-18
2026-05-04,2t,branco_nulo,,,0,
2026-05-05,2t,branco_nulo,,,0,
2026-05-06,2t,branco_nulo,,,0,
2026-05-07,2t,branco_nulo,,,0,
2026-05-08,2t,branco_nulo,,,0,
2026-05-09,2t,branco_nulo,,,0,
2026-05-10,2t,branco_nulo,,,0,
2026-05-11,2t,branco_nulo,,,0,
2026-05-12,2t,branco_nulo,,,0,
2026-05-13,2t,branco_nulo,14.0,13.96,1,quaest_2026-05-11
2026-05-14,2t,branco_nulo,14.0,13.96,1,quaest_2026-05-11
2026-05-15,2t,branco_nulo,14.0,13.96,1,quaest_2026-05-11
2026-05-16,2t,branco_nulo,14.0,13.96,1,quaest_2026-05-11
2026-05-17,2t,branco_nulo,14.0,13.96,1,quaest_2026-05-11
2026-05-18,2t,branco_nulo,14.0,13.96,1,quaest_2026-05-11
2026-05-19,2t,branco_nulo,14.0,13.96,1,quaest_2026-05-11
2026-05-20,2t,branco_nulo,,,0,
2026-05-21,2t,branco_nulo,,,0,
2026-05-22,2t,branco_nulo,9.0,9.14,1,datafolha_2026-05-21
2026-05-23,2t,branco_nulo,9.0,9.14,1,datafolha_2026-05-21
2026-05-24,2t,branco_nulo,9.0,9.14,1,datafolha_2026-05-21
2026-05-25,2t,branco_nulo,9.0,8.78,2,datafolha_2026-05-21;nexus_2026-05-24
2026-05-26,2t,branco_nulo,9.0,8.78,2,datafolha_2026-05-21;nexus_2026-05-24
2026-05-27,2t,branco_nulo,9.0,8.78,2,datafolha_2026-05-21;nexus_2026-05-24
2026-05-28,2t,branco_nulo,9.0,8.78,2,datafolha_2026-05-21;nexus_2026-05-24
2026-05-29,2t,branco_nulo,9.0,8.41,1,nexus_2026-05-24
2026-05-30,2t,branco_nulo,9.0,8.41,1,nexus_2026-05-24
2026-05-31,2t,branco_nulo,9.0,8.41,1,nexus_2026-05-24
2026-06-01,2t,branco_nulo,,,0,
2026-06-02,2t,branco_nulo,,,0,
2026-06-03,2t,branco_nulo,,,0,
2026-06-04,2t,branco_nulo,,,0,
2026-06-05,2t,branco_nulo,,,0,
2026-06-06,2t,branco_nulo,,,0,
2026-06-07,2t,branco_nulo,,,0,
2026-06-08,2t,branco_nulo,,,0,
2026-06-09,2t,branco_nulo,,,0,
2026-06-10,2t,branco_nulo,14.0,13.9,1,quaest_2026-06-08
2026-06-11,2t,branco_nulo,14.0,13.9,1,quaest_2026-06-08
2026-06-12,2t,branco_nulo,14.0,13.9,1,quaest_2026-06-08
2026-06-13,2t,branco_nulo,14.0,13.9,1,quaest_2026-06-08
2026-06-14,2t,branco_nulo,14.0,13.9,1,quaest_2026-06-08
2026-06-15,2t,branco_nulo,11.0,10.97,2,nexus_2026-06-14;quaest_2026-06-08
2026-06-16,2t,branco_nulo,11.07,11.03,3,mda_2026-06-14;nexus_2026-06-14;quaest_2026-06-08
2026-06-17,2t,branco_nulo,9.6,9.59,2,mda_2026-06-14;nexus_2026-06-14
2026-06-18,2t,branco_nulo,9.6,9.59,2,mda_2026-06-14;nexus_2026-06-14
2026-06-19,2t,branco_nulo,9.07,8.96,3,datafolha_2026-06-18;mda_2026-06-14;nexus_2026-06-14
2026-06-20,2t,branco_nulo,9.07,8.96,3,datafolha_2026-06-18;mda_2026-06-14;nexus_2026-06-14
2026-06-21,2t,branco_nulo,9.07,8.96,3,datafolha_2026-06-18;mda_2026-06-14;nexus_2026-06-14
2026-06-22,2t,branco_nulo,9.6,9.43,2,datafolha_2026-06-18;mda_2026-06-14
2026-06-23,2t,branco_nulo,8.0,7.7,1,datafolha_2026-06-18
2026-06-24,2t,branco_nulo,8.0,7.7,1,datafolha_2026-06-18
2026-06-25,2t,branco_nulo,8.0,7.7,1,datafolha_2026-06-18
2026-06-26,2t,branco_nulo,,,0,
2026-06-27,2t,branco_nulo,,,0,
2026-06-28,2t,branco_nulo,,,0,
2026-06-29,2t,branco_nulo,8.0,8.07,1,nexus_2026-06-28
2026-06-30,2t,branco_nulo,8.0,8.07,1,nexus_2026-06-28
2026-07-01,2t,branco_nulo,8.0,8.07,1,nexus_2026-06-28
2026-07-02,2t,branco_nulo,8.0,8.07,1,nexus_2026-06-28
2026-07-03,2t,branco_nulo,8.0,8.07,1,nexus_2026-06-28
2026-07-04,2t,branco_nulo,8.0,8.07,1,nexus_2026-06-28
2026-07-05,2t,branco_nulo,8.0,8.07,1,nexus_2026-06-28
2026-07-06,2t,branco_nulo,,,0,
2026-07-07,2t,branco_nulo,,,0,
2026-07-08,2t,branco_nulo,9.0,8.4,1,gerp_2026-07-07
2026-07-09,2t,branco_nulo,9.0,8.4,1,gerp_2026-07-07
2026-07-10,2t,branco_nulo,9.0,8.4,1,gerp_2026-07-07
2026-07-11,2t,branco_nulo,9.0,8.4,1,gerp_2026-07-07
2026-07-12,2t,branco_nulo,9.0,8.4,1,gerp_2026-07-07
2026-07-13,2t,branco_nulo,8.5,8.38,2,gerp_2026-07-07;nexus_2026-07-12
2026-07-14,2t,branco_nulo,8.5,8.38,2,gerp_2026-07-07;nexus_2026-07-12
2026-07-15,2t,branco_nulo,11.0,11.18,2,nexus_2026-07-12;quaest_2026-07-13
2026-07-16,2t,branco_nulo,11.0,11.18,2,nexus_2026-07-12;quaest_2026-07-13
2026-07-17,2t,branco_nulo,11.0,11.18,2,nexus_2026-07-12;quaest_2026-07-13
2026-07-18,2t,branco_nulo,11.0,11.18,2,nexus_2026-07-12;quaest_2026-07-13
2026-07-19,2t,branco_nulo,11.0,11.18,2,nexus_2026-07-12;quaest_2026-07-13
2026-07-20,2t,branco_nulo,14.0,14.0,1,quaest_2026-07-13
2026-07-21,2t,branco_nulo,14.0,14.0,1,quaest_2026-07-13
2026-07-22,2t,branco_nulo,,,0,
2026-07-23,2t,branco_nulo,,,0,
2026-07-24,2t,branco_nulo,9.0,9.16,1,datafolha_2026-07-23
2026-07-25,2t,branco_nulo,9.0,9.16,1,datafolha_2026-07-23
2026-07-26,2t,branco_nulo,9.0,9.16,1,datafolha_2026-07-23
2026-07-27,2t,branco_nulo,9.0,9.13,2,datafolha_2026-07-23;nexus_2026-07-26
2026-07-28,2t,branco_nulo,9.0,9.13,2,datafolha_2026-07-23;nexus_2026-07-26
2026-07-29,2t,branco_nulo,9.0,9.13,2,datafolha_2026-07-23;nexus_2026-07-26
2026-07-30,2t,branco_nulo,9.0,9.13,2,datafolha_2026-07-23;nexus_2026-07-26
2026-07-31,2t,branco_nulo,9.0,9.1,1,nexus_2026-07-26
2026-08-01,2t,branco_nulo,9.0,9.1,1,nexus_2026-07-26
2026-08-02,2t,branco_nulo,9.0,9.1,1,nexus_2026-07-26
2026-08-03,2t,branco_nulo,8.0,8.07,1,nexus_2026-08-02
2026-08-04,2t,branco_nulo,8.0,8.07,1,nexus_2026-08-02
2026-08-05,2t,branco_nulo,10.5,10.52,2,nexus_2026-08-02;quaest_2026-08-03
2026-08-06,2t,branco_nulo,10.5,10.52,2,nexus_2026-08-02;quaest_2026-08-03
2026-08-07,2t,branco_nulo,10.5,10.52,2,nexus_2026-08-02;quaest_2026-08-03
2026-08-08,2t,branco_nulo,10.5,10.52,2,nexus_2026-08-02;quaest_2026-08-03
2026-08-09,2t,branco_nulo,10.5,10.52,2,nexus_2026-08-02;quaest_2026-08-03
2026-08-10,2t,branco_nulo,9.56,9.76,3,nexus_2026-08-09;palver_2026-08-09;quaest_2026-08-03
2026-08-11,2t,branco_nulo,9.82,9.91,4,mda_2026-08-09;nexus_2026-08-09;palver_2026-08-09;quaest_2026-08-03
2026-08-12,2t,branco_nulo,8.76,8.89,3,mda_2026-08-09;nexus_2026-08-09;palver_2026-08-09
2026-08-13,2t,branco_nulo,8.76,8.89,3,mda_2026-08-09;nexus_2026-08-09;palver_2026-08-09
2026-08-14,2t,branco_nulo,9.82,9.87,4,mda_2026-08-09;nexus_2026-08-09;palver_2026-08-09;quaest_2026-08-13
2026-08-15,2t,branco_nulo,9.82,9.87,4,mda_2026-08-09;nexus_2026-08-09;palver_2026-08-09;quaest_2026-08-13
2026-08-16,2t,branco_nulo,9.82,9.87,4,mda_2026-08-09;nexus_2026-08-09;palver_2026-08-09;quaest_2026-08-13
2026-08-17,2t,branco_nulo,10.53,10.36,3,mda_2026-08-09;nexus_2026-08-16;quaest_2026-08-13
2026-08-18,2t,branco_nulo,10.5,10.34,2,nexus_2026-08-16;quaest_2026-08-13
2026-08-19,2t,branco_nulo,10.5,10.34,2,nexus_2026-08-16;quaest_2026-08-13
2026-08-20,2t,branco_nulo,9.03,8.93,3,nexus_2026-08-16;quaest_2026-08-13;verita_2026-08-20
2026-08-21,2t,branco_nulo,7.7,7.65,3,datafolha_2026-08-19;nexus_2026-08-16;verita_2026-08-20
2026-08-22,2t,branco_nulo,7.7,7.65,3,datafolha_2026-08-19;nexus_2026-08-16;verita_2026-08-20
2026-08-23,2t,branco_nulo,7.7,7.65,3,datafolha_2026-08-19;nexus_2026-08-16;verita_2026-08-20
2026-08-24,2t,branco_nulo,7.7,7.62,3,datafolha_2026-08-19;nexus_2026-08-23;verita_2026-08-20
2026-08-25,2t,branco_nulo,7.78,7.74,4,datafolha_2026-08-19;gerp_2026-08-25;nexus_2026-08-23;verita_2026-08-20
2026-08-26,2t,branco_nulo,7.78,7.74,4,datafolha_2026-08-19;gerp_2026-08-25;nexus_2026-08-23;verita_2026-08-20
2026-08-27,2t,branco_nulo,8.33,8.28,3,datafolha_2026-08-19;gerp_2026-08-25;nexus_2026-08-23
2026-08-28,2t,branco_nulo,8.0,7.94,2,gerp_2026-08-25;nexus_2026-08-23
2026-08-29,2t,branco_nulo,8.0,7.94,2,gerp_2026-08-25;nexus_2026-08-23
2026-08-30,2t,branco_nulo,8.0,7.94,2,gerp_2026-08-25;nexus_2026-08-23
2026-08-31,2t,branco_nulo,8.0,8.03,2,gerp_2026-08-25;nexus_2026-08-30
2026-09-01,2t,branco_nulo,8.0,7.98,1,nexus_2026-08-30
2026-09-02,2t,branco_nulo,10.5,10.52,2,nexus_2026-08-30;quaest_2026-09-01
2026-09-03,2t,branco_nulo,10.0,10.07,3,datafolha_2026-09-02;nexus_2026-08-30;quaest_2026-09-01
2026-09-04,2t,branco_nulo,10.0,10.07,3,datafolha_2026-09-02;nexus_2026-08-30;quaest_2026-09-01
2026-09-05,2t,branco_nulo,8.72,8.85,4,datafolha_2026-09-02;nexus_2026-08-30;quaest_2026-09-01;verita_2026-09-04
2026-09-06,2t,branco_nulo,8.72,8.85,4,datafolha_2026-09-02;nexus_2026-08-30;quaest_2026-09-01;verita_2026-09-04
2026-09-07,2t,branco_nulo,8.97,9.13,3,datafolha_2026-09-02;quaest_2026-09-06;verita_2026-09-04
2026-09-08,2t,branco_nulo,8.72,8.8,4,datafolha_2026-09-02;nexus_2026-09-07;quaest_2026-09-06;verita_2026-09-04
2026-09-09,2t,branco_nulo,9.18,9.24,5,datafolha_2026-09-02;gerp_2026-09-08;nexus_2026-09-07;quaest_2026-09-06;verita_2026-09-04
2026-09-10,2t,branco_nulo,9.22,9.25,4,gerp_2026-09-08;nexus_2026-09-07;quaest_2026-09-06;verita_2026-09-04
2026-09-11,2t,branco_nulo,8.98,9.01,5,datafolha_2026-09-10;gerp_2026-09-08;nexus_2026-09-07;quaest_2026-09-06;verita_2026-09-04
2026-09-12,2t,branco_nulo,10.0,9.96,4,datafolha_2026-09-10;gerp_2026-09-08;nexus_2026-09-07;quaest_2026-09-06
2026-09-13,2t,branco_nulo,10.0,9.96,4,datafolha_2026-09-10;gerp_2026-09-08;nexus_2026-09-07;quaest_2026-09-06
2026-09-14,2t,branco_nulo,9.5,9.49,4,datafolha_2026-09-10;gerp_2026-09-08;nexus_2026-09-13;quaest_2026-09-13
2026-09-15,2t,branco_nulo,9.64,9.64,5,datafolha_2026-09-10;gerp_2026-09-08;mda_2026-09-13;nexus_2026-09-13;quaest_2026-09-13
2026-09-16,2t,branco_nulo,9.3,9.31,4,datafolha_2026-09-10;mda_2026-09-13;nexus_2026-09-13;quaest_2026-09-13
2026-09-17,2t,branco_nulo,8.64,8.59,5,datafolha_2026-09-17;gerp_2026-09-16;mda_2026-09-13;nexus_2026-09-13;quaest_2026-09-13
2026-09-18,2t,branco_nulo,8.64,8.59,5,datafolha_2026-09-17;gerp_2026-09-16;mda_2026-09-13;nexus_2026-09-13;quaest_2026-09-13
2026-09-19,2t,branco_nulo,8.64,8.59,5,datafolha_2026-09-17;gerp_2026-09-16;mda_2026-09-13;nexus_2026-09-13;quaest_2026-09-13
2026-09-20,2t,branco_nulo,8.64,8.59,5,datafolha_2026-09-17;gerp_2026-09-16;mda_2026-09-13;nexus_2026-09-13;quaest_2026-09-13
2026-09-21,2t,branco_nulo,7.95,7.98,5,datafolha_2026-09-17;gerp_2026-09-16;mda_2026-09-13;nexus_2026-09-20;palver_2026-09-18
