2018_DEPUTADO ESTADUAL_1_total,2018_DEPUTADO FEDERAL_1_total,2018_GOVERNADOR_1_total,2018_GOVERNADOR_2_total,2018_PRESIDENTE_1_total,2018_PRESIDENTE_2_total,2018_SENADOR_1_total,2022_DEPUTADO ESTADUAL_1_total,2022_DEPUTADO FEDERAL_1_total,2022_GOVERNADOR_1_total,2022_GOVERNADOR_2_total,2022_PRESIDENTE_1_total,2022_PRESIDENTE_2_total,2022_SENADOR_1_total,carla_2018_1,carla_2022_1,diferenca_governo_presidente_pp,eduardo_2018_1,eduardo_2022_1,eleitorado,gil_2018_1,gil_2022_1,haddad_2022_1,haddad_2022_2,id,jair_2018_1,jair_2018_1_pct,jair_2018_2,jair_2018_2_pct,jair_2022_1,jair_2022_1_pct,jair_2022_2,jair_2022_2_pct,mario_2022_1,mudanca_jair_pp,nome,pib_2023,pib_pc_2023,populacao,pt_2018_1,pt_2018_2,pt_2022_1,pt_2022_2,regiao,renda,tarcisio_2022_1,tarcisio_2022_1_pct,tarcisio_2022_2,tarcisio_2022_2_pct,virada
15665,16124,16415,17340,18786,18244,28195,17003,17710,18091,19284,19663,20059,17225,33,841,0.9650813444044672,2179,678,25558,127,108,3337,4738,3500105,13175,70.13201320132013,15088,82.70116202587153,13529,68.80435335401515,14937,74.46532728451069,58,-8.235834741360833,Adamantina,1705894987.0,49179.66,34687.0,1741,3156,4697,5122,Presidente Prudente,1868.26,11940,65.99966834337516,14546,75.43040862891516,Jair → Jair
2333,2412,2353,2565,2753,2702,4059,2714,2880,2890,2974,3084,3118,2758,5,62,3.180827811527138,179,90,3978,10,25,561,967,3500204,1628,59.135488557936796,2041,75.53663952627683,1822,59.079118028534374,2005,64.30404105195639,4,-11.23259847432044,Adolfo,215282976.0,49478.96,4351.0,443,661,1101,1113,São José do Rio Preto,1514.8,1353,46.81660899653979,2007,67.48486886348353,Jair → Jair
11987,12749,13088,14092,15653,15100,22251,13368,14592,15135,16128,17036,17333,13590,35,1046,0.45281498373594786,1448,575,24260,135,153,4396,6351,3500303,8604,54.96709895866607,10765,71.29139072847683,9134,53.61587227048603,10429,60.16846477816881,42,-11.122925950308016,Aguaí,1773842732.0,55308.14,32072.0,2283,4335,6397,6904,Campinas,1321.67,6903,45.60951437066402,9777,60.62127976190476,Jair → Jair
3551,3735,3818,3881,4366,4169,6841,3872,4158,4210,4406,4623,4652,3968,40,341,0.9409704346726429,438,137,5909,38,21,1226,1616,3500402,2562,58.680714612918,3172,76.08539218037899,2601,56.26216742375081,2902,62.38177128116939,29,-13.703620899209596,Águas da Prata,272358712.0,36960.06,7369.0,539,997,1556,1750,Campinas,1684.99,2034,48.31353919239905,2790,63.322741715842035,Jair → Jair
8387,8811,8823,9303,10183,9933,15712,9310,9848,9905,10500,10915,11133,9459,24,868,1.031925677843219,1063,494,14085,152,126,2113,2855,3500501,7014,68.87950505744868,8221,82.76452229940602,7077,64.83737975263399,7991,71.77759813168059,31,-10.986924167725434,Águas de Lindóia,801114539.0,44680.12,17930.0,766,1712,2929,3142,Campinas,1742.52,5720,57.748611812216055,7645,72.80952380952381,Jair → Jair
2811,2888,3006,3078,3407,3298,4955,3103,3282,3356,3543,3695,3747,3172,4,157,0.8227185756508106,286,192,5421,16,24,866,1184,3500550,2067,60.669210449075436,2448,74.22680412371135,2190,59.26928281461434,2464,65.75927408593542,27,-8.46753003777593,Águas de Santa Bárbara,375561879.0,52328.53,7177.0,536,850,1210,1283,Sorocaba,1946.69,1905,56.76400476758045,2359,66.58199266158623,Jair → Jair
2448,2500,2577,2542,2783,2622,4631,2844,2880,2942,2907,3042,2985,2836,52,719,-0.14143645644804792,253,85,4347,25,21,724,940,3500600,1782,64.03162055335969,2062,78.64225781845919,1846,60.68376068376068,2024,67.80569514237855,23,-10.836562676080632,Águas de São Pedro,185389984.0,66687.04,2780.0,283,560,898,961,Campinas,2932.68,1529,51.97144799456152,1967,67.6642586859305,Jair → Jair
17660,18149,18748,18772,20855,19950,32274,18777,20013,20194,20807,21901,21947,19293,67,714,1.2152915940143032,1828,631,28888,155,127,4377,6667,3500709,13281,63.68257012706785,15379,77.08771929824562,13235,60.43103054655039,14648,66.74260719004876,51,-10.345112108196858,Agudos,3415808553.0,90653.09,37680.0,2471,4571,6905,7299,Bauru,1590.76,9896,49.00465484797465,14140,67.95789878406306,Jair → Jair
2735,2888,2868,2983,3304,3179,5009,3327,3596,3531,3666,3771,3819,3330,11,72,2.445113565602952,319,79,5149,12,17,810,1165,3500758,1942,58.7772397094431,2432,76.50204466813463,2282,60.514452399893926,2512,65.77638125163655,4,-10.72566341649808,Alambari,160252134.0,26095.45,6141.0,389,747,1225,1307,Sorocaba,1317.23,1538,43.55706598697253,2501,68.2214948172395,Jair → Jair
2301,2527,2478,2611,2777,2733,4146,2656,2792,2909,3044,3055,3104,2737,10,66,1.3796788002763591,68,68,3972,6,23,888,1125,3500808,1599,57.5801224342816,1880,68.78887669227954,1752,57.34860883797054,1914,61.66237113402062,1,-7.126505558258927,Alfredo Marcondes,158136921.0,35576.36,4445.0,619,853,1159,1190,Presidente Prudente,1485.42,1468,50.46407700240633,1919,63.042049934296976,Jair → Jair
2036,1988,1929,1931,2180,2077,3350,2015,2126,2169,2247,2315,2364,2001,1,44,2.0772761877652997,91,45,2956,2,7,586,939,3500907,1023,46.92660550458716,1269,61.09773712084738,1172,50.62634989200864,1327,56.1336717428088,2,-4.964065378038576,Altair,210528680.0,61005.12,3451.0,647,808,1008,1037,São José do Rio Preto,1313.69,727,33.51775011526049,1308,58.2109479305741,Jair → Jair
6547,7246,7166,7469,8302,8020,12340,7520,8171,8410,8891,9301,9533,7498,9,217,1.033449352799586,349,182,12731,51,46,2726,4009,3501004,4179,50.33726812816189,5115,63.77805486284289,4277,45.984302763143745,5136,53.87600965068709,23,-9.902045212155805,Altinópolis,946537783.0,56281.23,16818.0,1464,2905,4138,4397,Ribeirão Preto,1391.26,3088,36.71819262782402,4882,54.909459003486674,Jair → Jair
2152,2170,2159,2344,2519,2508,3504,2347,2448,2452,2696,2689,2772,2303,21,115,1.4235723063616206,217,94,3665,7,4,626,835,3501103,1666,66.13735609368797,1932,77.03349282296651,1719,63.927110449981406,1874,67.6046176046176,8,-9.428875218348907,Alto Alegre,172396107.0,44883.13,3841.0,339,576,800,898,Araçatuba,1349.61,1410,57.50407830342577,1861,69.02818991097922,Jair → Jair
8114,8604,8683,9117,9994,9584,15020,9180,9752,9828,10192,10881,10883,9157,25,240,1.162369629818862,678,240,14063,64,50,3445,4683,3501152,5176,51.791074644786875,6530,68.13439065108514,4882,44.867199705909385,5756,52.88982817237894,22,-15.2445624787062,Alumínio,3438994015.0,198774.29,17301.0,1650,3054,4738,5127,Sorocaba,1523.42,4047,41.17826617826618,5509,54.0521978021978,Jair → Jair
2338,2473,2421,2548,2702,2645,4180,2396,2497,2612,2749,2737,2856,2423,18,107,0.33228278579530013,170,97,3618,7,10,569,938,3501202,1661,61.47298297557365,2008,75.91682419659735,1666,60.869565217391305,1872,65.54621848739495,6,-10.370605709202394,Álvares Florence,175598215.0,44852.67,3915.0,390,637,904,984,São José do Rio Preto,1429.27,1291,49.42572741194487,1811,65.87850127319025,Jair → Jair
10709,10556,10988,11520,12439,12176,18578,12160,12806,13203,13801,14069,14389,12404,48,229,1.6961909988997093,647,230,17975,100,69,3360,5256,3501301,7194,57.83423104751186,8536,70.10512483574244,7725,54.90795365697633,8665,60.219612203766765,17,-9.88551263197568,Álvares Machado,859771399.0,31545.46,27255.0,2142,3640,5300,5724,Presidente Prudente,1462.07,5792,43.868817692948575,8545,61.915803202666474,Jair → Jair
1760,1877,1783,1815,2014,1911,2991,1751,1895,1945,1972,2091,2111,1754,0,29,0.255327306113152,101,31,2760,14,2,629,945,3501400,1090,54.12115193644489,1208,63.212977498691785,968,46.29363940698231,1094,51.82378019895784,1,-11.389197299733944,Álvaro de Carvalho,69376886.0,14429.47,4808.0,463,703,1002,1017,Marília,1137.02,650,33.419023136246786,1027,52.07910750507099,Jair → Jair
1742,1766,1753,1734,1913,1804,3150,1764,1843,1857,1949,1977,2031,1734,1,131,1.0960436477290543,61,25,2638,7,3,631,897,3501509,1023,53.4762153685311,1118,61.97339246119734,972,49.165402124430955,1074,52.88035450516987,0,-9.093037956027473,Alvinlândia,82612841.0,28635.3,2885.0,528,686,903,957,Marília,1203.52,753,40.54927302100162,1052,53.97639815289892,Jair → Jair
107316,111319,111989,118603,129962,125649,196114,117337,125346,126127,131277,137218,137936,119252,452,8171,0.1589112450383965,14409,4410,180965,1636,993,32746,42776,3501608,83563,64.29802557670703,98605,78.4765497536789,82517,60.135696482968704,92771,67.25655376406449,986,-11.219995989614404,Americana,17600565714.0,74188.86,237240.0,12963,27044,40614,45165,Campinas,2358.27,71780,56.91089140310957,88501,67.41546500910289,Jair → Jair
14515,14764,15315,15997,18426,18027,26144,17240,18216,18793,19884,21151,21278,16865,30,496,0.07006281701279704,991,459,27329,156,94,8393,10899,3501707,8487,46.05991533702377,10503,58.262606090863706,8295,39.218003876885255,9600,45.11702227652975,51,-13.145583814333953,Américo Brasiliense,1504961923.0,45578.66,33019.0,4896,7524,11126,11678,Araraquara,1233.06,6330,33.68275421699569,8985,45.18708509354255,Jair → PT
3059,3221,3145,3266,3598,3463,5455,3395,3538,3589,3759,3856,3892,3384,7,175,1.031720513453564,187,88,4779,22,9,875,1324,3501806,2257,62.72929405225125,2630,75.94571181056887,2266,58.7655601659751,2481,63.74614594039055,3,-12.199565870178319,Américo de Campos,175847704.0,29957.02,5870.0,509,833,1365,1411,São José do Rio Preto,1580.65,1828,50.93340763443856,2435,64.77786645384411,Jair → Jair
29937,30122,32451,34027,37705,36380,55633,33364,36033,36697,38923,40992,41476,34366,246,2219,0.27750249535678506,4306,2009,53837,361,497,8751,12424,3501905,24111,63.9464262034213,29332,80.62671797691038,24948,60.86065573770492,28122,67.80306683383161,351,-12.823651143078777,Amparo,6698468843.0,98495.31,68008.0,3005,7048,11910,13354,Campinas,1986.75,19964,54.4022672153037,26499,68.08056932918839,Jair → Jair
2316,2425,2327,2467,2770,2606,4220,2674,2778,2794,2806,3076,2976,2618,15,79,1.5443098123069632,295,86,4687,56,13,593,892,3502002,1763,63.64620938628159,2050,78.66462010744436,1859,60.43563068920676,1984,66.66666666666667,193,-11.997953440777692,Analândia,266291597.0,58028.24,4589.0,200,556,944,992,Campinas,1677.47,1586,56.76449534717251,1914,68.21097647897363,Jair → Jair
25976,25827,25413,27009,30023,29156,42539,28265,29195,29641,31451,32910,33529,27439,70,1930,0.7881157718023033,1608,890,42582,138,134,8372,11272,3502101,17868,59.51437231455884,20882,71.62162162162163,18800,57.12549377089031,21248,63.372006322884666,87,-8.249615298736963,Andradina,4464940278.0,74685.78,59783.0,5269,8274,11518,12281,Araçatuba,1774.02,15438,52.0832630478054,20179,64.16012209468697,Jair → Jair
10023,10712,10927,11208,12343,11958,19127,11346,12238,11999,12563,12874,13109,11299,57,190,2.3837233142277796,978,185,17892,53,91,4125,5258,3502200,6279,50.87093899376165,7903,66.08964709817695,6401,49.7203666304179,7310,55.76321611106873,19,-10.326430987108225,Angatuba,1776474762.0,73951.99,24022.0,2692,4055,5399,5799,Sorocaba,1526.22,6114,50.954246187182264,7305,58.14693942529651,Jair → Jair
3331,3386,3312,3289,3573,3388,5827,3395,3605,3539,3637,3839,3813,3346,10,110,1.1508247006157646,190,146,5485,22,42,1019,1387,3502309,2128,59.55779457038903,2504,73.90791027154664,2131,55.50924719979161,2315,60.71334906897456,9,-13.194561202572082,Anhembi,315143922.0,55541.76,5674.0,497,884,1482,1498,Bauru,1188.66,1813,51.22916077988132,2250,61.86417376959032,Jair → Jair
2100,2217,2209,2302,2454,2411,3553,2231,2407,2464,2527,2563,2598,2286,7,40,1.356451174124686,116,29,3322,10,7,685,988,3502408,1505,61.32844335778321,1687,69.97096640398175,1400,54.62348809988295,1547,59.54580446497306,0,-10.425161939008689,Anhumas,132375557.99999999,32904.69,4023.0,506,724,1019,1051,Presidente Prudente,1409.42,966,39.20454545454545,1539,60.902255639097746,Jair → Jair
18497,19247,19591,19983,21800,20691,33462,18851,19949,20125,20866,21930,21880,19141,34,835,0.6073783072310803,2909,938,26882,272,175,5296,7616,3502507,13302,61.018348623853214,16138,77.99526364119666,12173,55.50843593251254,13761,62.89305301645338,88,-15.102210624743279,Aparecida,1369698939.0,42055.3,32569.0,1796,4553,7346,8119,São José dos Campos,1468.76,10437,51.86086956521739,13250,63.50043132368446,Jair → Jair
2314,2391,2332,2500,2688,2637,4069,2534,2669,2743,2840,2908,2953,2537,2,131,0.8479917772806829,83,125,3792,3,17,903,1331,3502606,1229,45.72172619047619,1547,58.665149791429656,1425,49.00275103163686,1544,52.285811039620725,3,-6.37933875180893,Aparecida d'Oeste,225793852.0,55260.37,4086.0,797,1090,1345,1409,São José do Rio Preto,1418.94,1051,38.31571272329566,1509,53.13380281690141,Jair → Jair
11108,11622,11969,11563,13379,12283,20820,11712,12560,12537,12972,13773,13837,11557,12,143,0.9489666158726493,371,231,18761,41,25,4676,5934,3502705,5405,40.39913296957919,7214,58.73158023284214,6466,46.9469251433965,7376,53.306352533063524,10,-5.425227699778617,Apiaí,1235625606.0,50259.33,24585.0,3587,5069,6151,6461,Sorocaba,1148.15,4564,36.40424343941932,7038,54.255319148936174,Jair → Jair
8934,9041,9154,9834,10650,10404,15832,10472,11014,11174,11706,12524,12551,10084,17,366,1.8760259780280961,812,358,17845,94,61,3315,4773,3502754,5825,54.694835680751176,7212,69.3194925028835,6324,50.495049504950494,7198,57.35001195123895,34,-11.969480551644558,Araçariguama,4832076525.0,224518.01,21522.0,1922,3192,5145,5353,Sorocaba,1464.76,4572,40.91641310184357,6933,59.226037929267044,Jair → Jair
90922,90300,92967,95988,103419,100777,160723,100823,105579,106402,110209,114023,115093,101687,619,3502,0.5581116487225586,9133,2537,144856,592,272,23443,33276,3502804,69755,67.44892137808333,80353,79.73347093086716,71740,62.9171307543215,79700,69.24834698895675,313,-10.485123941910402,Araçatuba,11457739505.0,57253.2,200124.0,10823,20424,32370,35393,Araçatuba,2088.68,60654,57.0045675833161,76933,69.80645863767931,Jair → Jair
14451,15425,15690,16054,17742,17011,27390,16093,17226,17256,18241,18818,19119,16365,58,983,0.6727725188816578,1711,514,26428,183,100,4520,6095,3502903,10431,58.79269529928982,13130,77.18535065545824,11224,59.64502072483792,12602,65.9134891992259,64,-11.27186145623233,Araçoiaba da Serra,1523193918.0,46949.85,32443.0,1962,3881,5804,6517,Sorocaba,1993.37,9235,53.5176170607325,12146,66.58626171810756,Jair → Jair
2491,2673,2542,2756,3057,2998,4455,2875,3047,3039,3296,3373,3442,2793,15,90,2.9231107168444623,108,92,4523,12,28,1049,1589,3503000,1441,47.13771671573438,1834,61.17411607738492,1457,43.195967981025795,1682,48.86693782684486,0,-12.307178250540062,Aramina,219178923.0,40438.92,5420.0,809,1164,1698,1760,Ribeirão Preto,1628.68,1251,41.16485686080948,1707,51.79004854368932,Jair → PT
3335,3449,3463,3604,4047,3885,5775,3626,3778,3725,3955,4216,4265,3476,5,59,0.7429419183872525,235,125,5541,24,22,1127,1586,3503109,2112,52.18680504077094,2679,68.95752895752896,2291,54.34060721062619,2523,59.155920281359904,2,-9.80160867616906,Arandu,217238409.0,31552.42,6885.0,658,1206,1689,1742,Sorocaba,1251.83,1847,49.58389261744966,2369,59.89886219974716,Jair → Jair
1528,1604,1624,1512,1764,1574,2980,1578,1699,1693,1702,1779,1794,1580,1,36,2.5686221338395256,190,38,2510,9,6,552,831,3503158,737,41.78004535147392,950,60.35578144853876,791,44.46318156267566,872,48.60646599777034,5,-11.749315450768414,Arapeí,53235830.0,22848.0,2330.0,321,624,864,922,São José dos Campos,1149.76,491,29.00177200236267,871,51.17508813160987,Jair → PT
90369,90196,97372,101909,113320,110651,169538,108156,111854,117255,124200,129941,131457,108196,397,3906,0.10425052566738202,8490,3161,169892,930,616,50395,62587,3503208,58448,51.57783268619838,70340,63.56924022376662,55772,42.92101800047714,65076,49.50363997352746,531,-14.065600250239157,Araraquara,14689500266.0,60643.28,242228.0,18967,40311,59994,66381,Araraquara,2128.11,47331,40.36586925930664,61613,49.607890499194845,Jair → PT
58879,57803,59840,63321,69515,68053,104333,64901,66415,67630,71688,75218,76212,63437,250,3768,0.17457689561922507,7562,2405,96755,580,394,15990,22580,3503307,45057,64.81622671365892,54587,80.21248144828296,45688,60.74078013241511,52074,68.32782239017477,562,-11.884659058108184,Araras,10022873262.0,76588.83,130866.0,6221,13466,21530,24138,Campinas,1910.5,36517,53.99526837202425,49108,68.502399285794,Jair → Jair
1321,1413,1360,1368,1498,1408,2477,1509,1604,1602,1654,1675,1697,1492,0,13,2.538443615199732,65,23,2337,3,18,307,574,3503356,856,57.142857142857146,987,70.09943181818181,977,58.32835820895522,1065,62.75780789628757,1,-7.3416239218942465,Arco-Íris,136328537.0,66696.94,2044.0,288,421,561,632,Marília,1178.32,658,41.07365792759051,1080,65.2962515114873,Jair → Jair
3437,3664,3760,4071,4387,4340,6295,3879,4102,4217,4534,4692,4775,4007,14,93,0.3953329930692462,316,85,6347,30,26,1171,1545,3503406,2695,61.43150216548894,3277,75.50691244239631,2839,60.507246376811594,3129,65.52879581151832,6,-9.978116630877992,Arealva,301110079.0,37036.91,8130.0,518,1063,1554,1646,Bauru,1731.53,2323,55.08655442257529,2989,65.92412880458757,Jair → Jair
1962,2050,2072,2049,2287,2091,3617,2236,2393,2453,2473,2567,2533,2234,0,38,1.5126652489603885,59,44,3475,4,12,924,1512,3503505,716,31.30738959335374,963,46.0545193687231,856,33.346318659914296,946,37.34701934465061,4,-8.707500024072488,Areias,75042147.0,20979.07,3577.0,694,1128,1545,1587,São José dos Campos,1093.27,637,25.96820220138606,961,38.859684593611,PT → PT
5050,4761,5019,5273,5792,5652,8620,5319,5558,5614,5920,6328,6383,5149,8,118,1.1649583352740152,405,118,8202,10,6,1751,2591,3503604,3117,53.81560773480663,3791,67.07360226468506,3174,50.15802781289507,3515,55.06814977283409,18,-12.005452491850974,Areiópolis,221706617.0,21886.14,10130.0,1171,1861,2747,2868,Bauru,1345.98,2410,42.92839330245814,3329,56.233108108108105,Jair → Jair
4275,4229,4105,4562,5011,4875,6968,4280,4532,4636,4954,5134,5208,4243,12,154,2.6702886215238593,344,104,6455,24,32,1063,1676,3503703,3016,60.18758730792257,3668,75.24102564102564,3017,58.76509544215037,3307,63.49846390168971,1,-11.742561739335933,Ariranha,1252002226.0,164693.79,7602.0,655,1207,1800,1901,São José do Rio Preto,1546.55,2106,45.42709232096635,3278,66.16875252321357,Jair → Jair
20902,21013,21163,22670,25368,24683,36208,24851,26248,26903,28118,29417,29911,24799,85,1399,1.8624607151582708,2516,1132,38571,211,237,7146,9753,3503802,15497,61.08877325764743,18341,74.30620264959688,17037,57.91549104259442,18979,63.4515729998997,205,-10.85462964969718,Artur Nogueira,2162832741.0,42032.66,51456.0,3835,6342,10138,10932,Campinas,1649.8,12942,48.106159164405454,18365,65.31403371505797,Jair → Jair
39323,39486,40973,42880,47699,45689,70945,45186,47537,47904,50622,53620,53512,44147,150,1579,0.20368952878308733,4390,1586,71429,662,406,16770,21510,3503901,26052,54.61749722216398,31746,69.48280767799689,26313,49.07310704960835,30665,57.30490357303035,253,-12.177904104966537,Arujá,10426127299.0,120285.74,86678.0,7979,13943,21271,22847,São Paulo,1982.83,21088,44.02137608550434,29112,57.50859310181344,Jair → Jair
1117,1114,1112,1195,1302,1273,1934,1294,1340,1383,1425,1451,1473,1289,3,72,0.20766784578554365,59,43,1881,7,9,459,592,3503950,629,48.31029185867896,818,64.25765907305578,787,54.23845623707788,858,58.24847250509165,0,-6.009186567964129,Aspásia,65850757.0,35749.6,1842.0,332,455,577,615,São José do Rio Preto,1361.65,517,37.3825018076645,833,58.45614035087719,Jair → Jair
43533,42282,43982,45748,49419,48121,76113,46433,47481,49647,52035,53393,54231,47006,96,2372,-0.2508693327129876,5772,2616,69962,258,563,15547,19692,3504008,30347,61.40755579837714,35336,73.43155794767357,30077,56.331354297379804,33844,62.407110324353226,234,-11.024447623320341,Assis,4682609402.0,46175.48,101409.0,6425,12785,18650,20387,Marília,1997.74,25835,52.03738393054968,32343,62.15624099164024,Jair → Jair
60889,63847,64465,66880,75100,71731,112007,73641,78606,77921,82373,87718,88269,72698,338,4681,0.44868913838485014,7136,3123,118786,643,796,20220,29506,3504107,44826,59.68841544607191,56292,78.47653037041168,48671,55.4857611892656,56255,63.73132130192933,478,-14.745209068482353,Atibaia,9426583645.0,59418.61,158647.0,6123,15439,28168,32014,Campinas,2283.78,39779,51.050422864182956,52867,64.18001044031418,Jair → Jair
6605,6788,6859,7342,7947,7816,11772,7534,7777,7915,8306,8492,8617,7506,13,334,1.1303483689237197,689,316,11077,46,58,2015,2660,3504206,4796,60.34981754121052,5561,71.1489252814739,5320,62.64719736222327,5760,66.84460949286294,39,-4.30431578861095,Auriflama,443572489.0,32396.47,13692.0,1530,2255,2711,2857,Araçatuba,1494.63,4693,59.292482627921665,5646,67.97495786178666,Jair → Jair
2540,2613,2598,2532,2880,2691,4443,2662,2788,2868,2906,3033,3027,2720,3,40,3.1644995453854037,112,58,4185,11,17,975,1374,3504305,1397,48.50694444444444,1571,58.379784466740986,1354,44.64226838114079,1500,49.554013875123886,2,-8.8257705916171,Avaí,500953319.0,111745.11,4483.0,779,1120,1485,1527,Bauru,1349.49,879,30.648535564853557,1532,52.71851342050929,Jair → PT
4730,4861,4824,4829,5445,5112,8314,4797,5137,5270,5504,5737,5793,4776,5,87,1.6854995403434003,307,133,7433,14,17,1872,2616,3504404,2876,52.819100091827366,3257,63.71283255086072,2649,46.17395851490326,2942,50.78543069221474,11,-12.927401858645979,Avanhandava,295754756.0,26258.97,11263.0,1286,1855,2760,2851,Araçatuba,1246.92,1912,36.280834914611006,2888,52.47093023255814,Jair → Jair
35478,33459,38419,40171,44058,42203,64520,38656,42119,42974,45317,47760,48419,40322,102,1666,-0.15309101938429848,4295,2283,64508,311,454,12681,16583,3504503,26571,60.309137954514505,32653,77.37127692344146,27165,56.87814070351759,30775,63.55975959850472,146,-13.811517324936737,Avaré,4408538237.0,47503.24,92805.0,3752,9550,16186,17644,Sorocaba,1769.85,23350,54.33517941080653,28734,63.40666857912042,Jair → Jair
7472,7886,7799,8356,8948,8715,13409,9534,9915,10198,10537,10868,11048,9641,30,740,1.1699557787368633,1046,401,16988,151,69,2264,3129,3504602,6015,67.22172552525704,6953,79.78198508318991,6926,63.728376886271626,7638,69.13468501086169,53,-10.647300072328221,Bady Bassitt,762195130.0,27960.2,27260.0,885,1762,3155,3410,São José do Rio Preto,1808.97,5910,57.952539713669346,7408,70.30464078959855,Jair → Jair
824,905,886,884,1003,946,1468,913,959,1015,1034,1086,1081,919,3,31,0.7526700866201281,84,23,1408,11,4,229,415,3504701,641,63.90827517447657,719,76.00422832980972,584,53.775322283609576,639,59.11193339500463,2,-16.892294934805093,Balbinos,82894684.0,21326.13,3887.0,129,227,452,442,Bauru,1703.84,399,39.310344827586206,619,59.864603481624755,Jair → Jair
4426,4657,4636,5092,5303,5159,7971,5002,5227,5383,5560,5694,5802,4925,8,169,2.193506828456563,311,186,7405,18,29,799,1717,3504800,3374,63.62436356779182,4204,81.4886605931382,3353,58.88654724271163,3883,66.92519820751465,25,-14.563462385623552,Bálsamo,367870867.0,38335.86,9596.0,444,955,1761,1919,São José do Rio Preto,1568.8,2260,41.98402377856214,3843,69.11870503597122,Jair → Jair
4495,4950,5056,5093,5909,5506,8540,5444,5618,5852,6004,6345,6348,5268,13,232,1.6778459392960912,441,174,8249,85,24,2093,3220,3504909,2364,40.006769334912846,3078,55.90265165274246,2515,39.637509850275805,2837,44.69124133585381,36,-11.211410316888653,Bananal,282443967.0,28332.23,9969.0,1058,2428,3396,3511,São José dos Campos,1340.96,1903,32.5187969924812,2784,46.3690872751499,Jair → PT
1446,1585,1591,1644,1826,1754,2653,1735,1842,1817,1927,1977,2024,1669,7,31,3.2480242282029224,89,25,2933,15,7,614,919,3505005,745,40.79956188389923,1018,58.0387685290764,902,45.624683864441074,993,49.06126482213439,1,-8.97750370694201,Barão de Antonina,80403485.0,22770.74,3531.0,430,736,928,1031,Sorocaba,1066.93,720,39.62575674188222,1008,52.30928905033731,Jair → PT
3188,3223,3200,3245,3546,3327,5798,3413,3566,3661,3690,3843,3881,3399,6,107,1.9266121030187406,179,134,4975,8,5,885,1492,3505104,1765,49.77439368302313,2178,65.46438232642019,1980,51.522248243559716,2237,57.6397835609379,4,-7.824598765482293,Barbosa,186922613.0,33142.31,5640.0,710,1149,1619,1644,Araçatuba,1080.41,1266,34.58071565146135,2198,59.56639566395664,Jair → Jair
13213,14376,14697,15294,16830,16393,25151,15149,15992,15924,16763,17640,17807,15281,43,468,0.5315355752204027,1586,423,23196,121,73,3117,4662,3505203,11426,67.89067142008318,13538,82.58402976880376,11512,65.26077097505669,12760,71.65721345538272,51,-10.926816313421043,Bariri,1863763724.0,58989.2,31595.0,1138,2855,4613,5047,Bauru,1755.66,9713,60.995980909319265,12101,72.18874903060312,Jair → Jair
17069,17587,18717,19828,21352,20617,32539,18740,19646,19955,21093,22127,22342,18915,52,932,0.710613117724705,1835,851,28388,176,189,5170,7080,3505302,13282,62.20494567253653,15951,77.36819129844304,12960,58.57097663488046,14684,65.72374899292812,115,-11.644442305514914,Barra Bonita,2077900588.0,60499.06,34346.0,2066,4666,7054,7658,Bauru,1853.96,10543,52.83387622149837,14013,66.43436211065283,Jair → Jair
2834,2912,2951,2778,3217,2915,5268,2990,3272,3201,3340,3412,3465,2935,1,29,3.302442733580456,64,27,4675,2,4,1095,1565,3505351,876,27.230338824992227,1383,47.4442538593482,1430,41.91090269636577,1727,49.84126984126984,3,2.3970159819216406,Barra do Chapéu,202870405.0,39171.73,5179.0,1392,1532,1590,1738,Sorocaba,888.5,675,21.087160262417996,1775,53.1437125748503,PT → PT
3371,3686,3622,3487,3942,3648,6413,3936,4209,4167,4236,4390,4401,3952,0,36,1.040051417621413,78,86,6327,16,86,1664,2111,3505401,1383,35.083713850837135,1846,50.603070175438596,1963,44.71526195899772,2162,49.12519881845035,4,-1.4778713569882456,Barra do Turvo,145159017.0,21110.97,6876.0,1626,1802,2216,2239,Sorocaba,1094.16,1224,29.37365010799136,2125,50.16525023607176,Jair → PT
46690,50022,50353,53088,56652,55108,85636,52465,56634,57535,60963,62920,64305,53665,122,2341,0.9740332770609399,2949,1573,85354,299,401,15616,22084,3505500,34374,60.675704299936456,40754,73.95296508673877,35299,56.1013986013986,40384,62.80071534095327,236,-11.152249745785504,Barretos,6715414139.0,54826.42,122485.0,7327,14354,22049,23921,Ribeirão Preto,1844.44,29602,51.45042148257583,38879,63.77474861801421,Jair → Jair
12707,13773,13443,14109,15851,15494,23133,15344,16182,16071,17533,18437,18647,14590,22,322,1.9627161493760497,788,317,23653,106,89,6933,8688,3505609,8024,50.621411898302945,9469,61.11397960500839,7922,42.967944893420835,9041,48.48501099372553,28,-12.628968611282858,Barrinha,737580107.0,22983.3,32092.0,4547,6025,9252,9606,Ribeirão Preto,1385.51,6695,41.65888868147595,8845,50.44772714310158,Jair → PT
139273,150164,154908,162839,181744,173476,267776,184458,189512,195098,200581,214198,212684,174966,545,6922,0.36394870266978785,13696,6064,297548,1841,1851,66520,96138,3505708,87488,48.13804032045074,109197,62.946459452604394,93212,43.51674618810633,109971,51.70628726185327,997,-11.240172190751125,Barueri,71646709835.0,226391.22,316473.0,35483,64279,94634,102713,São Paulo,2412.35,69837,35.79585644137818,104443,52.07023596452306,Jair → Jair
9989,10310,10438,11341,12109,11921,17604,11080,11683,11908,12622,13027,13263,11212,38,277,2.4724384047734276,741,852,16989,129,109,2056,3290,3505807,8143,67.24750185812206,9951,83.47454072644912,8614,66.12420357718584,9478,71.46196184875217,15,-12.012578877696953,Bastos,1596603168.0,74250.25,21503.0,1084,1970,3440,3785,Marília,1449.37,7027,59.01074907625126,9332,73.9344002535256,Jair → Jair
24135,25276,25962,27048,29860,28737,44889,27053,28522,28841,30873,32376,32748,26772,78,1230,0.4081233064209897,1836,747,42336,203,112,10037,13277,3505906,16003,53.5934360348292,20371,70.88770574520653,15844,48.93748455646158,18531,56.58666178087211,60,-14.301043964334418,Batatais,3328690303.0,56996.17,58402.0,3962,8366,13185,14217,Ribeirão Preto,1826.35,12902,44.73492597344059,17596,56.9947850872931,Jair → Jair
166688,174286,171389,173415,192073,183658,300019,174688,185288,187476,194614,204607,205714,181100,334,6052,-0.08401072443160018,8889,5102,277515,1232,1120,57921,75984,3506003,112237,58.434553529126944,133954,72.9366539981923,110151,53.835401525852,125569,61.04057088968179,704,-11.89608310851051,Bauru,20654759202.0,54477.06,379146.0,21762,49704,72701,80145,Bauru,2210.1,95526,50.953722076425784,118630,60.95656016525019,Jair → Jair
31969,33669,34497,36387,39444,38227,59186,37312,37249,38595,41072,42580,43436,35821,63,2331,0.8835781406406653,2634,2019,56464,314,170,8299,12426,3506102,25200,63.888043808944325,30396,79.51447929473932,26879,63.125880695162046,29911,68.86223409153698,229,-10.652245203202341,Bebedouro,5343661449.0,69967.94,76373.0,3670,7831,12224,13525,Ribeirão Preto,1734.11,21197,54.921621971758,28646,69.74581223217764,Jair → Jair
1242,1276,1264,1407,1445,1461,2110,1480,1506,1507,1593,1632,1672,1430,1,39,0.9695903429177264,87,40,2147,10,2,463,641,3506201,850,58.8235294117647,1035,70.84188911704312,898,55.02450980392157,983,58.791866028708135,0,-12.050023088334989,Bento de Abreu,288020154.0,110521.93,2606.0,264,426,641,689,Araçatuba,1550.41,720,47.777040477770406,952,59.76145637162586,Jair → Jair
4696,5025,4990,5161,5769,5526,8528,5131,5426,5484,5689,6067,6135,5164,18,127,-0.09148468935102727,289,119,7733,20,21,1601,2138,3506300,3539,61.34512047148553,4140,74.9185667752443,3447,56.81555958463821,3835,62.510187449062755,5,-12.408379326181546,Bernardino de Campos,605499302.0,52166.74,11607.0,702,1386,2173,2300,Marília,1515.11,2650,48.32239241429613,3551,62.41870275971173,Jair → Jair
23268,24926,24830,26116,28498,27411,40663,29823,31817,31828,32524,34721,34598,29945,69,1167,0.9979562580542307,2289,1030,53049,169,217,10602,13780,3506359,15804,55.45652326479051,18527,67.589653788625,17678,50.914432188013016,19594,56.63333140643968,203,-10.95632238218532,Bertioga,2663550123.0,41496.08,64188.0,5422,8884,14137,15004,São Paulo,1511.97,15689,49.293075279628,18744,57.63128766449391,Jair → Jair
4058,2902,4098,4455,4697,4616,7052,4159,4399,4492,4731,4768,4901,4261,20,130,0.7712979086957432,255,116,6361,38,12,956,1397,3506409,3269,69.59761549925484,3764,81.5424610051993,3123,65.4991610738255,3416,69.70006121199755,12,-11.84239979320175,Bilac,307745487.0,42047.48,7319.0,469,852,1388,1485,Araçatuba,1639.46,2402,53.47284060552093,3334,70.4713591206933,Jair → Jair
51745,40389,52570,56533,61721,60866,89169,53763,57742,58807,64284,65194,67146,55844,398,3033,0.7243307959434162,4359,1944,84653,406,308,12309,16748,3506508,44109,71.46514152395457,50564,83.0742943515263,44050,67.56756756756756,49166,73.22253000923361,238,-9.851764342292697,Birigui,4866489546.0,40902.09,118979.0,5702,10302,16638,17980,Araçatuba,1732.98,38323,65.16741204278402,47536,73.94686080517702,Jair → Jair
13551,14202,13908,14547,15788,15166,24122,15528,16086,15601,16290,17539,17355,14517,37,305,0.8346451763175367,890,434,24235,134,94,4283,6350,3506607,8651,54.79478084621231,11348,74.82526704470526,9057,51.63920405952449,10445,60.18438490348603,31,-14.64088214121923,Biritiba Mirim,1111541124.0,37447.06,29683.0,1591,3818,6496,6910,São Paulo,1243.58,6217,39.85000961476828,9940,61.019030079803564,Jair → Jair
5385,5678,5740,5992,6758,6586,10103,6309,6819,7146,7238,7690,7673,6284,7,144,-0.14097224320416046,349,161,9700,54,19,2882,4190,3506706,2844,42.083456643977506,3573,54.25144245368964,2905,37.77633289986996,3242,42.25205265215691,11,-11.999389801532729,Boa Esperança do Sul,633216137.0,48791.5,12978.0,2079,3013,4312,4431,Araraquara,1261.94,1877,26.26644276518332,3048,42.11108040895275,Jair → PT
4959,5036,5293,5601,6259,6026,9164,5586,6022,6025,6273,6679,6722,5639,25,140,1.5098949403831625,526,190,8539,32,45,1229,1963,3506805,3951,63.125099856207065,4892,81.18154663126452,4139,61.970354843539454,4517,67.19726271942874,8,-13.984283911835789,Bocaina,381376277.0,33873.02,11259.0,590,1134,2022,2205,Bauru,1595.83,2897,48.08298755186722,4310,68.7071576598119,Jair → Jair
4352,4501,4458,4620,5050,4906,7647,4905,5212,5283,5473,5745,5809,4839,10,178,1.1652627837931249,331,169,8955,18,16,1432,2090,3506904,3013,59.663366336633665,3568,72.72727272727273,3192,55.561357702349866,3523,60.647271475296954,14,-12.08000125197578,Bofete,309772994.0,29615.01,10460.0,755,1338,2125,2286,Bauru,1480.67,2149,40.67764527730456,3383,61.81253425909008,Jair → Jair
23893,24417,25025,25994,29079,28270,41994,27779,29951,30433,31832,33381,33856,28326,72,1248,1.0556781800102755,2687,1237,47695,285,415,7320,10405,3507001,18289,62.89418480690533,21746,76.92253272019809,20006,59.932296815553755,22432,66.2570888468809,145,-10.665443873317187,Boituva,4474129933.0,73249.13,61081.0,3394,6524,10448,11424,Sorocaba,1819.01,15126,49.70262543949003,21427,67.31276702689118,Jair → Jair
9423,9842,10098,10461,11766,11366,17150,11116,12232,12056,12709,13611,13716,11196,71,432,1.2730861202215422,1079,408,18397,93,116,3475,4624,3507100,6899,58.635050144484104,8597,75.6378673235967,7529,55.31555359635589,8551,62.3432487605716,41,-13.294618563025097,Bom Jesus dos Perdões,1627411043.0,73953.06,22006.0,1398,2769,4843,5165,Campinas,1604.07,5906,48.98805573988056,8085,63.61633488079314,Jair → Jair
2063,2130,2144,2088,2278,2185,3933,2244,2362,2375,2435,2518,2505,2222,3,31,0.7115133183325355,71,55,3288,8,9,1101,1328,3507159,786,34.503950834064966,1090,49.88558352402746,1007,39.99205718824464,1121,44.750499001996005,3,-5.135084522031455,Bom Sucesso de Itararé,77487097.0,21796.65,3555.0,829,1095,1357,1384,Sorocaba,1141.43,898,37.810526315789474,1107,45.46201232032854,PT → PT
645,688,692,728,765,759,1211,720,756,769,765,809,790,725,1,15,3.6022172582113043,37,13,1094,2,1,194,292,3507209,409,53.4640522875817,525,69.1699604743083,444,54.88257107540173,460,58.22784810126582,2,-10.942112373042477,Borá,120962346.0,133365.32,907.0,159,234,319,330,Marília,1323.39,311,40.442132639791936,473,61.830065359477125,Jair → Jair
2233,2393,2418,2588,2640,2581,4024,2699,2584,2701,2793,2935,2950,2531,3,56,2.640596649007506,127,54,3889,14,4,635,1087,3507308,1500,56.81818181818182,1860,72.06509104998062,1555,52.981260647359456,1724,58.440677966101696,3,-13.624413083878927,Boracéia,657535084.0,139456.01,4715.0,386,721,1184,1226,Bauru,1269.35,1303,48.24139207700851,1706,61.0812746151092,Jair → Jair
6447,6460,6417,6957,7460,7324,10856,7092,7670,7660,8119,8279,8451,7175,9,288,1.7102000477485007,522,244,10752,40,68,1527,2457,3507407,4807,64.43699731903486,5904,80.61168760240305,5260,63.53424326609494,5749,68.02745237250029,14,-12.58423522990276,Borborema,704920778.0,49551.58,14226.0,689,1420,2421,2702,Araraquara,1614.88,4107,53.61618798955614,5662,69.73765242024879,Jair → Jair
1471,1513,1520,1486,1649,1541,2746,1462,1565,1563,1616,1676,1678,1454,3,57,2.9145375800988944,87,29,2399,10,7,368,628,3507456,863,52.33474833232262,1046,67.87800129785853,889,53.042959427207634,977,58.224076281287246,2,-9.653925016571286,Borebi,118452374.0,43661.03,2713.0,380,495,674,701,Bauru,1282.36,557,35.63659628918746,988,61.13861386138614,Jair → Jair
64572,63290,65520,67741,74329,70944,115257,71616,73335,73798,75999,81574,81376,69541,201,2839,-0.5795152260447693,6917,2340,110576,417,341,23143,32022,3507506,42056,56.58087691210699,52219,73.60594271538115,41008,50.27091965577267,47560,58.44475029492725,292,-15.161192420453894,Botucatu,7992147651.0,55059.4,145155.0,7485,18725,30302,33816,Bauru,1991.29,32374,43.8683975175479,43977,57.865235068882484,Jair → Jair
78675,75992,77855,79898,88754,84600,135308,87475,88986,89487,93115,99433,99835,84166,231,5828,0.23361754756595587,9551,5220,130993,834,561,19482,30564,3507605,53920,60.752191450526176,67605,79.91134751773049,58530,58.863757505053655,66832,66.94245505083387,473,-12.96889246689662,Bragança Paulista,10443287830.0,59064.7,176811.0,6047,16995,29419,33003,Campinas,1941.5,44667,49.91451272251835,62551,67.17607259839983,Jair → Jair
2843,2588,2843,2990,3182,3079,4953,2936,3079,3106,3181,3311,3305,2926,12,115,2.1488689700238837,242,102,4232,8,16,628,923,3507704,2179,68.47894406033942,2402,78.01234166937317,2165,65.3881002718212,2275,68.83509833585477,1,-9.177243333518405,Braúna,157855147.0,29472.58,5356.0,434,677,1006,1030,Araçatuba,1369.89,1809,58.24211204121056,2258,70.98396730587865,Jair → Jair
1587,1304,1607,1687,1850,1782,2616,1649,1756,1770,1856,1923,1942,1647,3,23,1.5499596043893646,47,48,2881,5,14,764,969,3507753,756,40.86486486486486,899,50.44893378226712,817,42.48569942797712,898,46.24098867147271,0,-4.207945110794412,Brejo Alegre,90696609.0,35359.3,2565.0,708,883,1034,1044,Araçatuba,1329.38,605,34.18079096045198,887,47.79094827586207,Jair → PT
9767,10209,10133,10779,11684,11436,17568,11582,12158,12043,13072,13341,13710,11379,12,428,1.28296894850223,828,331,17209,82,71,3082,4018,3507803,7856,67.2372475179733,9157,80.07170339279469,8229,61.68203283112211,9320,67.97957695113057,42,-12.09212644166412,Brodowski,1210304604.0,48026.05,25201.0,1000,2279,4090,4390,Ribeirão Preto,1711.42,6901,57.30299759196213,9054,69.2625458996328,Jair → Jair
9622,10293,10236,10614,11998,11737,17651,11090,11570,11842,12489,13050,13259,11233,31,500,0.3809890149594679,1039,433,17857,149,81,2453,3787,3507902,7860,65.5109184864144,9364,79.78188634233621,8257,63.272030651341,9188,69.29632702315408,242,-10.48555931918213,Brotas,1555980462.0,65109.23,23898.0,947,2373,3616,4071,Bauru,1482.87,6741,56.92450599560885,8702,69.67731603811355,Jair → Jair
9441,9680,9588,9618,10788,10274,17090,9713,10557,10390,10939,11310,11514,9871,7,80,1.9720877645378252,1577,174,14893,27,157,3404,4108,3508009,6181,57.29514275120504,7390,71.92914152228927,6441,56.94960212201592,6963,60.47420531526837,8,-11.4549362070209,Buri,907832787.0,44831.25,20250.0,1969,2884,4317,4551,Sorocaba,996.87,5664,54.51395572666025,6831,62.446293079806196,Jair → Jair
7919,7592,7715,8105,8847,8645,13398,8088,8567,8781,9488,9587,9871,8167,19,252,1.2488504746644793,421,222,13163,40,26,2440,3288,3508108,5409,61.139369277721265,6252,72.31925968768074,5741,59.88317513299259,6327,64.09684935670145,21,-8.222410330979287,Buritama,746203785.0,43358.73,17210.0,1562,2393,3355,3544,Araçatuba,1627.85,4810,54.77736020954333,6200,65.34569983136593,Jair → Jair
2434,2613,2436,2476,2731,2592,4227,2604,2738,2652,2831,2885,2941,2540,1,46,2.5680728409935654,213,113,4133,67,76,519,810,3508207,1776,65.03112413035518,2047,78.97376543209876,1895,65.68457538994801,2024,68.82012920775246,11,-10.1536362243463,Buritizal,305567589.0,70148.67,4356.0,340,545,844,917,Ribeirão Preto,1763.97,1717,64.74358974358974,2021,71.38820204874602,Jair → Jair
2147,2223,2216,2202,2453,2308,3921,2174,2299,2292,2446,2540,2557,2166,2,30,0.8868445397512374,65,55,3701,8,9,863,1153,3508306,1138,46.39217284957195,1376,59.61871750433276,1212,47.71653543307087,1329,51.97497066875244,1,-7.643746835580316,Cabrália Paulista,177481056.0,41284.27,4299.0,618,932,1153,1228,Bauru,1242.79,934,40.75043630017452,1293,52.86181520850368,Jair → Jair
18339,19575,19217,20260,23299,22816,31944,21676,23232,23434,24163,26374,26650,21668,55,812,0.9655730129928202,2715,872,36457,293,205,6503,8809,3508405,14412,61.856732048585776,17136,75.10518934081347,14732,55.85804201107151,16677,62.57786116322702,80,-12.527328177586448,Cabreúva,7240981438.0,154027.39,47011.0,3149,5680,9527,9973,Campinas,1480.46,11865,50.63156097977298,15354,63.54343417621984,Jair → Jair
42065,43838,45487,46566,51407,48834,79263,48793,49712,50569,52952,55481,55619,47907,95,2792,0.6011969653212219,6233,2390,72700,617,282,12178,17524,3508504,31603,61.476063571108995,39663,81.22005160339108,32466,58.51733025720517,36878,66.30468005537676,216,-14.91537154801432,Caçapava,6516271282.0,67735.3,96202.0,3675,9171,16688,18741,São José dos Campos,1632.59,27014,53.420079495342996,35428,66.90587702069799,Jair → Jair
15039,16027,15826,16002,17721,16778,27934,15925,16774,17029,17695,18526,18588,16119,27,687,0.3060368303437784,1645,654,23979,227,232,5550,7215,3508603,10069,56.819592573782515,12126,72.27321492430563,9612,51.88383892907265,10952,58.91973316117925,70,-13.353481763126382,Cachoeira Paulista,847786431.0,26859.28,31564.0,2354,4652,7107,7636,São José dos Campos,1383.47,8140,47.800810382289036,10480,59.22576999152303,Jair → Jair
7831,8174,8382,8646,9509,9116,14636,8539,9158,9258,9869,10059,10320,8541,24,330,1.6955390813454727,486,230,13352,55,57,2958,4180,3508702,4794,50.415395940687766,5956,65.33567354102676,5108,50.78039566557312,5774,55.94961240310077,48,-9.386061137925992,Caconde,554109419.0,32402.16,17101.0,1799,3160,4260,4546,Campinas,1386.07,3418,36.919421041261614,5689,57.645151484446245,Jair → Jair
7432,7760,7795,8076,8775,8496,13728,8016,8466,8653,8948,9343,9457,8109,21,347,0.7621703847483374,508,278,12265,43,43,2178,3286,3508801,5380,61.31054131054131,6467,76.11817325800376,5206,55.72086053730065,5912,62.5145394945543,13,-13.603633763449466,Cafelândia,930635174.0,55880.58,16654.0,1073,2029,3310,3545,Bauru,1524.12,3797,43.880735005200506,5662,63.276709879302636,Jair → Jair
2131,2242,2226,2357,2517,2410,3959,2392,2488,2577,2651,2674,2705,2393,0,18,4.084853412132695,74,21,3334,7,2,623,1203,3508900,1047,41.597139451728246,1305,54.149377593360995,1227,45.88631264023934,1367,50.53604436229205,1,-3.6133332310689426,Caiabu,88015441.0,23711.06,3712.0,801,1105,1251,1338,Presidente Prudente,1359.73,736,28.560341482343812,1448,54.62089777442475,Jair → Jair
36475,38237,40118,42967,47524,46132,67548,43687,47988,48681,51242,53696,53908,44403,163,2105,0.42000218323958194,3910,1408,72330,473,495,19307,24652,3509007,24223,50.97003619223971,29988,65.00476892395734,23497,43.75931168057211,27747,51.471024708763075,229,-13.533744215194268,Caieiras,5507619475.0,57955.42,95032.0,8638,16144,24029,26161,São Paulo,1668.47,18596,38.19970830508823,26590,51.89102689200266,Jair → Jair
2300,2409,2454,2492,2595,2517,4297,2554,2704,2698,2817,2848,2903,2576,0,48,1.3292652221863932,82,68,3761,3,10,1197,1553,3509106,978,37.6878612716763,1197,47.55661501787843,1101,38.65870786516854,1264,43.541164312779884,2,-4.015450705098544,Caiuá,111895200.0,20471.13,5466.0,1026,1320,1583,1639,Presidente Prudente,1214.27,797,29.540400296515937,1264,44.87042953496628,PT → PT
34535,35186,36736,38466,43752,42182,61763,41600,44794,45905,47989,51260,51212,41324,103,1576,1.558841085856578,3799,1445,70106,511,485,16769,22821,3509205,21840,49.917718047174986,26934,63.851879948793325,21861,42.64728833398361,26060,50.88651097399047,212,-12.965368974802857,Cajamar,28984601766.0,312708.11,92689.0,9196,15248,23376,25152,São Paulo,1728.39,17098,37.24648731075046,25168,52.445352059847046,Jair → Jair
13060,14016,13996,14118,15599,14971,24936,14008,14996,15031,15585,16462,16431,14315,15,396,0.8480987574310319,647,671,22040,247,245,3994,5078,3509254,9723,62.330918648631325,11259,75.20539710106205,10277,62.42862349653748,10938,66.56928975716633,37,-8.636107343895716,Cajati,1987670371.0,69706.13,28515.0,2456,3712,5170,5493,Sorocaba,1206.25,8783,58.43257268312155,10507,67.41738851459736,Jair → Jair
4742,4874,4727,5099,5514,5384,7992,5039,5314,5361,5592,5759,5896,4935,4,175,2.1047949872176375,300,179,7452,38,31,1196,2040,3509304,3341,60.59122234312659,3847,71.45245170876672,3280,56.95433234936621,3621,61.41451831750339,18,-10.037933391263323,Cajobi,275000646.0,30110.66,9133.0,950,1537,2193,2275,Ribeirão Preto,1564.43,2318,43.23820182801716,3552,63.51931330472103,Jair → Jair
9882,10201,10058,10696,11917,11741,16753,11842,12496,12026,13128,13622,13889,10975,19,292,1.0605200350353314,477,195,18283,35,51,4760,6119,3509403,5906,49.55945288243686,7421,63.205859807512134,6379,46.8286595213625,7268,52.329181366549065,19,-10.876678440963069,Cajuru,1123798612.0,47158.98,23830.0,2037,4320,6237,6621,Ribeirão Preto,1447.0,5090,42.32496258107434,7009,53.3897014015844,Jair → Jair
3026,3058,3029,3079,3387,3246,5201,3276,3526,3438,3522,3663,3672,3270,15,35,1.7137841318620985,349,62,4856,22,13,1007,1340,3509452,1941,57.30735163861824,2264,69.74738139248305,1991,54.354354354354356,2212,60.239651416122,2,-9.507729976361048,Campina do Monte Alegre,211436295.0,35511.64,5954.0,640,982,1386,1460,Sorocaba,1336.83,1604,46.65503199534613,2182,61.9534355479841,Jair → Jair
471842,500640,520989,546423,603384,583125,905622,545197,571110,594043,621519,653539,655030,550920,2758,36284,-0.22903033713379983,65923,31073,870690,7507,7058,218272,273531,3509502,336703,55.80244089999072,401284,68.81612004287246,320684,49.06883904403563,368251,56.21895180373418,7001,-12.597168239138277,Campinas,91968328317.0,80741.47,1139047.0,95083,181841,259973,286779,Campinas,2678.6,274044,46.132014012453645,347988,55.98992146660038,Jair → Jair
33646,34579,35565,36690,42105,40629,60877,37364,39860,40826,42144,45342,45359,37715,131,1529,-0.35608994944122685,3943,1313,59511,439,261,14130,17782,3509601,24071,57.16898230613941,28924,71.19052893253587,22936,50.58444709099731,26382,58.162657906920344,195,-13.027871025615525,Campo Limpo Paulista,3233934762.0,41657.24,77632.0,7145,11705,17546,18977,Campinas,1564.93,18602,45.56410130799001,24362,57.80656795747912,Jair → Jair
18736,19655,21929,22640,25247,23869,35206,21025,23585,23918,25806,27579,28051,21613,157,916,0.7642248191591037,2037,1078,38191,261,231,6194,9456,3509700,13205,52.30324394977621,18414,77.14608906950438,14814,53.714782987055365,17558,62.59313393461909,80,-14.552955134885295,Campos do Jordão,1946799338.0,41444.19,46974.0,1980,5455,9402,10493,São José dos Campos,1626.97,11619,48.57847646124258,16350,63.35735875377819,Jair → Jair
2318,2350,2301,2341,2570,2503,4068,2526,2618,2603,2705,2802,2828,2482,9,41,1.4942076462729474,99,22,3804,6,0,711,984,3509809,1518,59.06614785992218,1714,68.47782660807032,1676,59.81441827266239,1757,62.12871287128713,1,-6.349113736783188,Campos Novos Paulista,342294513.0,70027.52,4888.0,566,789,1012,1071,Marília,1334.45,1375,52.82366500192086,1721,63.622920517560075,Jair → Jair
5455,5669,5837,5935,6342,6051,10273,6549,6889,6818,6970,7360,7247,6479,6,109,0.970218914114561,343,167,10449,70,68,2115,2911,3509908,3371,53.15357931251971,4107,67.87307882994547,3818,51.875,4150,57.2650752035325,22,-10.608003626412973,Cananéia,330537640.0,26897.03,12289.0,996,1944,2888,3097,Sorocaba,1281.29,3075,45.10120269873863,4059,58.23529411764706,Jair → Jair
2453,2599,2583,2512,2853,2625,4644,2599,2723,2723,2811,2954,2961,2601,4,40,1.2759974294069067,256,106,3962,24,36,652,1091,3509957,1467,51.41955835962145,1927,73.4095238095238,1556,52.67433987813135,1774,59.912191827085444,11,-13.49733198243836,Canas,121017029.0,24542.09,4931.0,324,698,1135,1187,São José dos Campos,1174.28,1247,45.795078957032686,1720,61.18818925649235,Jair → Jair
13801,14682,14723,15592,17073,16698,25400,15036,15733,16055,17048,17659,18007,15170,34,514,0.014839241958071625,1679,601,22929,151,95,3889,5250,3510005,10747,62.94734375915188,12990,77.79374775422207,11256,63.740868678860636,12459,69.18975953795746,54,-8.60398821626461,Cândido Mota,2482755063.0,84306.94,29449.0,1905,3708,5224,5548,Marília,1531.52,8913,55.51541575833074,11798,69.20459877991553,Jair → Jair
1272,1331,1357,1563,1658,1657,2296,1562,1659,1749,1813,1898,1928,1552,3,72,1.492791801031288,106,52,2858,13,14,361,571,3510104,991,59.7708082026538,1227,74.04948702474351,1162,61.22233930453108,1292,67.01244813278008,4,-7.037038891963434,Cândido Rodrigues,157950773.0,54673.16,2889.0,278,430,608,636,Araraquara,1528.06,725,41.45225843339051,1242,68.50523993381137,Jair → Jair
2133,2280,2234,2237,2529,2395,3993,2600,2672,2745,2792,3008,2965,2520,2,22,1.793416023618427,61,43,4341,12,3,983,1256,3510153,1283,50.731514432582046,1536,64.13361169102296,1408,46.808510638297875,1578,53.22091062394604,9,-10.912701067076924,Canitar,218327890.0,34748.99,6283.0,531,859,1448,1387,Marília,1266.24,1076,39.19854280510018,1536,55.01432664756447,Jair → Jair
20935,22589,22395,22525,24992,23524,39195,21919,24024,23583,24671,25905,26069,21995,40,311,0.8346651943800012,2002,455,34360,142,140,6490,9378,3510203,13709,54.85355313700384,17480,74.3070906308451,13973,53.93939393939394,15942,61.153093712839,38,-13.153996918006094,Capão Bonito,1668881584.0,36016.18,46337.0,3284,6044,9426,10127,Sorocaba,1240.46,10355,43.90874782682441,15293,61.987758907219,Jair → Jair
7563,8914,8905,9131,9979,9675,15153,9249,10001,10118,10619,10895,11183,9403,8,291,1.5582614891670659,892,277,14556,101,68,2159,3290,3510302,6196,62.0903898186191,7699,79.57622739018088,6695,61.450206516750804,7544,67.4595367969239,17,-12.116690593256976,Capela do Alto,536047966.0,23443.01,22866.0,978,1976,3303,3639,Sorocaba,1062.65,4447,43.95137378928642,7329,69.01779828609097,Jair → Jair
22469,23028,22976,23800,27028,26011,40260,25184,26152,26236,28102,29042,29458,24593,96,1084,1.1951001226200617,2655,2223,37632,185,111,6210,8558,3510401,18087,66.91949089832767,20783,79.90081119526354,17898,61.62798705323325,20135,68.35155136126009,426,-11.54925983400345,Capivari,3824460124.0,76385.32,50068.0,2533,5228,8548,9323,Campinas,1570.15,15487,59.029577679524316,19544,69.54665148388015,Jair → Jair
51384,53999,55405,56451,63268,60218,94334,67087,68020,69991,70847,76580,75911,65118,225,3316,0.33039334142558374,6583,3190,105591,516,460,20239,28529,3510500,34897,55.157425554782826,42855,71.16642864259856,40760,53.2253852180726,45092,59.40114080963233,439,-11.76528783296623,Caraguatatuba,5822814916.0,43172.58,134873.0,8828,17363,28924,30819,São José dos Campos,1578.4,32141,45.92161849380635,42318,59.731534151057915,Jair → Jair
158499,160434,171742,182770,202559,196054,289375,177832,188735,199471,208452,221422,222280,178348,497,5695,0.3826696700099106,13577,5805,290539,1966,1656,85026,110684,3510609,90375,44.6166302163814,115383,58.85266304181501,85103,38.434753547524636,103403,46.51925499370164,837,-12.333408048113377,Carapicuíba,8436817189.999999,21801.46,386984.0,47542,80671,110774,118877,São Paulo,1432.95,60782,30.471597375057026,97768,46.90192466371155,Jair → PT
5552,5651,5559,5880,6474,6238,9391,5790,6032,6186,6641,6789,6978,5730,18,379,0.8736149221795415,429,215,9627,20,43,2162,2937,3510708,3264,50.41705282669138,3859,61.862776530939406,3344,49.25614965385182,3831,54.901117798796214,20,-6.961658732143192,Cardoso,440024546.0,38785.77,11345.0,1541,2379,3070,3147,São José do Rio Preto,1515.63,2713,43.857096669899775,3704,55.774732720975756,Jair → Jair
10601,11667,11527,11959,13419,12817,19504,11805,12800,12799,13818,14410,14690,11972,46,937,0.49266251407360073,1189,446,19599,113,123,3469,4542,3510807,8647,64.4384827483419,10147,79.1682921120387,8738,60.638445523941705,9789,66.63716814159292,148,-12.531123970445776,Casa Branca,1494279305.0,53209.39,28083.0,1157,2670,4479,4901,Campinas,1545.95,7461,58.293616688803816,9276,67.12983065566652,Jair → Jair
1260,1363,1426,1578,1719,1708,2290,1562,1720,1754,1915,1910,2002,1527,2,30,1.8264763956669938,68,36,2675,2,10,549,868,3510906,812,47.23676556137289,1106,64.75409836065573,909,47.59162303664922,1058,52.84715284715285,0,-11.906945513502883,Cássia dos Coqueiros,306056167.0,109344.83,2799.0,263,602,855,944,Ribeirão Preto,1539.7,601,34.26453819840365,1047,54.67362924281984,Jair → Jair
8565,8517,8417,8871,10008,9826,14154,9643,10172,10405,11003,11506,11678,9359,6,308,0.3647870903258479,419,349,15399,62,39,4778,6103,3511003,4277,42.73581135091926,5005,50.93629147160594,4554,39.5793499043977,5158,44.16852200719301,10,-6.767769464412929,Castilho,2275540623.0,113908.03,19977.0,3662,4821,6147,6520,Araçatuba,1419.26,3491,33.55117731859683,4900,44.53330909751886,Jair → PT
54845,56051,55925,59044,64811,63108,98573,57207,59433,59977,63624,65531,66511,57066,151,3545,0.29361186151632523,5444,2556,86345,425,463,15124,19233,3511102,42034,64.85627439786457,49732,78.80458895861064,41207,62.88168958202988,46210,69.4772293304867,248,-9.327359628123943,Catanduva,7029953383.0,60712.43,115791.0,7416,13376,18919,20301,São José do Rio Preto,1898.84,34039,56.753422145155646,44391,69.77084119200302,Jair → Jair
3266,3473,3403,3836,4093,4068,5910,3669,3928,3934,4208,4380,4442,3669,6,109,1.8094005885746611,230,107,5688,15,26,911,1342,3511201,2535,61.93501099438065,3140,77.18780727630285,2726,62.23744292237443,2945,66.29896443043674,6,-10.888842845866108,Catiguá,196946443.0,28123.15,7003.0,576,928,1425,1497,São José do Rio Preto,1398.86,1963,49.89832231825115,2866,68.1083650190114,Jair → Jair
4274,4417,4376,4700,5048,4881,7435,5087,5329,5415,5764,5834,5971,5146,27,348,0.7836424513531881,480,188,8585,30,60,1029,1593,3511300,3245,64.28288431061807,3890,79.69678344601516,3826,65.5810764484059,4274,71.57929994975716,33,-8.117483496258004,Cedral,808869528.0,64104.42,12618.0,438,991,1559,1697,São José do Rio Preto,1810.97,3103,57.30378578024008,4171,72.36294240111035,Jair → Jair
8133,8188,8505,9019,9977,9707,14559,9116,9605,9786,10263,10880,10918,8992,11,302,0.1622531667020013,999,329,15003,52,59,2981,4094,3511409,5559,55.71815174902275,7135,73.50365715463067,5782,53.143382352941174,6545,59.9468767173475,19,-13.556780437283173,Cerqueira César,1400618178.0,65239.1,21469.0,1231,2572,4068,4373,Sorocaba,1459.9,4550,46.49499284692418,6169,60.1091298840495,Jair → Jair
20168,21606,21817,22685,25030,24279,37943,22279,23852,24064,25337,26711,26955,22848,51,1077,0.6446107399723502,2707,871,36047,315,283,4882,6894,3511508,17143,68.4898122253296,20269,83.48366901437456,17471,65.40751001460073,19447,72.14616954182897,100,-11.337499472545588,Cerquilho,2891327658.0,64690.18,44695.0,1618,4010,6860,7508,Sorocaba,1839.05,14560,60.505319148936174,18443,72.79078028180132,Jair → Jair
6458,7489,7508,7739,8692,8405,12982,7973,8584,8567,9170,9555,9773,8026,24,238,1.7240330418716354,733,270,13821,73,47,1900,2593,3511607,5481,63.05798435342844,6939,82.55800118976799,6121,64.06070120355835,6841,69.99897677274123,27,-12.559024417026762,Cesário Lange,1215884112.0,63832.64,19048.0,758,1466,2715,2932,Sorocaba,1256.04,4931,57.55807167036302,6577,71.72300981461287,Jair → Jair
7935,8265,8030,8429,9259,8928,14051,9190,9150,9038,9482,9899,10043,8639,5,357,1.503072750051814,710,305,13217,90,30,1933,2722,3511706,5972,64.49940598336754,7063,79.11066308243727,6336,64.0064652995252,7009,69.78990341531414,37,-9.320759667123127,Charqueada,790607333.0,50892.01,15535.0,1027,1865,2893,3034,Campinas,1454.08,5258,58.17658774065059,6760,71.29297616536596,Jair → Jair
3469,3275,3408,3653,3923,3846,5862,3618,3752,3835,4080,4166,4271,3640,9,111,1.707537381611516,276,117,5281,16,21,1005,1390,3511904,2394,61.024725975019116,2859,74.33697347893916,2481,59.55352856457033,2743,64.2238351674081,11,-10.11313831153106,Clementina,254107308.0,36394.63,6982.0,710,987,1473,1528,Araçatuba,1390.17,2121,55.30638852672751,2690,65.93137254901961,Jair → Jair
7454,7937,8090,8723,9364,9166,13730,8840,9548,9680,10183,10624,10819,8685,130,421,2.1565649928065156,542,183,14066,81,55,2904,4510,3512001,4838,51.66595472020504,6144,67.03032947850753,4967,46.752635542168676,5794,53.55393289583141,20,-13.476396582676117,Colina,2052576439.0,111034.1,18486.0,1781,3022,4739,5025,Ribeirão Preto,1572.33,3522,36.38429752066116,5673,55.710497888637924,Jair → Jair
3254,3493,3313,3380,3832,3640,5620,3628,3862,3806,3948,4121,4153,3528,1,85,3.2982285239049176,153,77,5801,12,18,1194,1753,3512100,1830,47.75574112734864,2160,59.34065934065934,1955,47.439941761708326,2172,52.29954249939802,4,-7.041116841261321,Colômbia,743433098.0,112148.6,6629.0,994,1480,1918,1981,Ribeirão Preto,1282.7,1406,36.941671045717285,2195,55.59777102330294,Jair → Jair
12481,12790,12592,13498,15026,14629,21768,13901,14883,14757,16045,16749,17043,13945,31,620,2.4699345798970427,1702,511,20939,102,96,2951,4004,3512209,10581,70.417942233462,12002,82.0425182855971,11423,68.20108663203773,12369,72.5752508361204,37,-9.467267449476694,Conchal,1093663839.0,38919.04,28101.0,1642,2627,4435,4674,Campinas,1349.53,9461,64.1119468726706,12041,75.04518541601745,Jair → Jair
7740,7894,7930,8397,8913,8723,14035,7942,8429,8515,9128,9307,9586,8103,15,415,1.3737876025382434,748,370,12666,69,75,1968,2617,3512308,5742,64.42275328172333,6887,78.95219534563797,5867,63.0385731170087,6706,69.95618610473608,42,-8.996009240901898,Conchas,551103139.0,36180.62,15232.0,825,1836,2598,2880,Bauru,1601.09,4872,57.216676453317675,6511,71.32997370727432,Jair → Jair
11075,11261,11550,12038,13465,13095,20188,12389,13407,13488,14229,14965,15104,12793,58,587,0.5098634056015925,1546,585,19586,110,167,3764,4732,3512407,8769,65.12439658373562,10191,77.82359679266895,8858,59.19144670898764,10004,66.23411016949153,88,-11.589486623177422,Cordeirópolis,4167915366.0,170021.84,24514.0,1746,2904,4790,5100,Campinas,1684.38,7193,53.32888493475682,9497,66.74397357509312,Jair → Jair
2632,2266,2640,2772,3010,2938,4559,2812,2944,2999,3128,3216,3252,2841,6,132,0.17180063104979126,194,99,4029,12,11,759,969,3512506,2125,70.59800664451828,2369,80.63308373042887,2073,64.4589552238806,2239,68.84993849938499,10,-11.783145231043875,Coroados,335404552.0,62111.95,5400.0,420,569,985,1013,Araçatuba,1464.68,1613,53.78459486495498,2159,69.02173913043478,Jair → Jair
2450,2641,2662,2662,2888,2706,4606,2673,2832,2801,2872,2997,2984,2593,8,27,0.5201371100838585,77,41,3808,6,7,1409,1756,3512605,1026,35.526315789473685,1362,50.33259423503326,1032,34.434434434434436,1144,38.33780160857909,4,-11.99479262645417,Coronel Macedo,165849194.0,38749.81,4280.0,1083,1344,1793,1840,Sorocaba,1281.73,854,30.489111031774367,1116,38.85793871866295,Jair → PT
1959,2012,2005,2036,2293,2228,3493,2241,2339,2359,2438,2587,2589,2222,5,98,1.948278686472804,172,78,3525,10,18,420,671,3512704,1511,65.89620584387265,1814,81.41831238779174,1647,63.6644762272903,1826,70.52916183854771,10,-10.889150549244036,Corumbataí,354603601.0,84530.06,4195.0,191,414,710,763,Campinas,1543.11,1151,48.79186095803306,1767,72.47744052502051,Jair → Jair
23447,25679,25607,26917,31086,30442,44328,26564,28584,29773,31608,33672,34029,26872,104,1349,0.46702009026068225,3235,1359,44621,484,321,10561,13109,3512803,18580,59.76967123463939,21333,70.07752447276789,17726,52.643145640294605,19757,58.059302359751975,189,-12.018222113015916,Cosmópolis,2313364052.0,38702.49,59773.0,6328,9109,13507,14272,Campinas,1614.71,14360,48.231619252342725,18499,58.52632245001266,Jair → Jair
3944,3862,3961,4293,4606,4500,6968,4883,5022,5049,5279,5404,5503,4760,6,156,1.139374045815721,183,141,7043,19,21,1381,1916,3512902,2793,60.638297872340424,3250,72.22222222222223,3077,56.93930421909697,3443,62.56587316009449,9,-9.656349062127738,Cosmorama,878427208.0,100748.62,8719.0,862,1250,2066,2060,São José do Rio Preto,1404.7,2449,48.50465438700733,3363,63.70524720591021,Jair → Jair
96033,99622,104738,109750,121314,115769,179043,117733,125121,127253,132420,141781,140668,114758,389,3964,0.47188969409889836,7656,3514,193991,946,990,50338,66727,3513009,56314,46.420033961455395,72473,62.60138724529019,57580,40.6119296661753,69121,49.13768589871186,561,-13.463701346578333,Cotia,19060773462.0,69460.17,274413.0,23283,43296,65283,71547,São Paulo,2275.73,46072,36.205040352683234,65693,49.60957559281076,Jair → PT
14057,14896,15217,15970,17737,17085,25730,17908,17549,17689,18635,19325,19657,16398,71,681,2.373566881297876,1222,595,27150,133,71,3507,5715,3513108,10734,60.51756215820037,13546,79.2859233245537,11579,59.917205692108666,13162,66.95833545301927,52,-12.327587871534433,Cravinhos,2357353267.0,70831.8,33281.0,1370,3539,5988,6495,Ribeirão Preto,1576.75,7735,43.72774040364068,12920,69.33190233431715,Jair → Jair
4489,4750,4799,4762,5231,4953,8465,4734,5061,5092,5402,5495,5613,4746,4,141,1.6209297016571753,371,148,7304,34,23,1554,2151,3513207,2867,54.807876123112216,3576,72.19866747425803,2863,52.10191082802548,3287,58.56048458934616,19,-13.63818288491187,Cristais Paulista,449171364.0,48443.85,9272.0,765,1377,2193,2326,Ribeirão Preto,1581.65,2403,47.191673212882954,3251,60.181414291003335,Jair → Jair
1472,1510,1480,1525,1619,1569,2727,1485,1538,1562,1556,1597,1602,1499,1,23,1.2636036573820064,119,39,1970,15,7,351,533,3513306,883,54.539839407041384,1081,68.89738687061823,917,57.420162805259864,1033,64.48189762796504,4,-4.415489242653194,Cruzália,218198594.0,103509.77,2108.0,295,488,560,569,Marília,1505.41,585,37.45198463508323,1023,65.74550128534705,Jair → Jair
35049,36273,35990,37104,41666,39365,61102,36018,38773,39758,41027,43671,43893,36519,64,1489,1.1021591414807972,3749,1472,56302,489,447,8686,16165,3513405,24072,57.77372437959007,30111,76.49180744316017,22497,51.51473517895171,26115,59.49695851274691,255,-16.994848930413262,Cruzeiro,4281961616.9999995,57122.53,74961.0,3519,9254,16148,17778,São José dos Campos,1498.46,15581,39.18959706222647,24862,60.599117654227705,Jair → Jair
55286,58466,59402,61992,67124,64610,100131,61237,65634,65406,66379,71072,70191,61004,124,604,0.4524383380182826,4859,1127,90437,481,257,27650,34294,3513504,31907,47.53441392050534,39026,60.40241448692153,29477,41.47484241332733,33610,47.88363180464732,150,-12.518782682274207,Cubatão,27813387639.0,247282.87,112476.0,16296,25584,34848,36581,São Paulo,1246.76,24880,38.03932360945479,32085,48.336070142665605,Jair → PT
10042,10359,10778,11114,11916,11549,18508,11349,12150,12256,13258,13271,13687,11364,30,184,1.4320234965018557,855,333,18167,125,160,4180,5810,3513603,5721,48.0110775427996,7824,67.74612520564551,6496,48.94883580739959,7493,54.745378826623806,31,-13.000746379021706,Cunha,432940522.0,19581.21,22110.0,2447,3725,5642,6194,São José dos Campos,1243.82,5240,42.75456919060052,7448,56.17740232312566,Jair → Jair
12835,13823,14179,15088,17099,16544,24494,14687,15017,15526,16819,17905,18197,14341,83,851,0.507505925162036,1860,750,24956,179,156,3375,5183,3513702,11010,64.38973039359027,13415,81.08679883945841,10961,61.21753700083775,12497,68.67615541023245,89,-12.410643429225956,Descalvado,2584483423.0,81385.67,31756.0,1044,3129,5151,5700,Araraquara,1726.15,8112,52.24784232899652,11636,69.18366133539449,Jair → Jair
178195,190623,196297,207883,233984,226545,335637,209274,226262,229590,241910,256536,257228,206801,494,5292,-0.5430901674872644,12707,5010,330977,2073,1581,124083,146507,3513801,93457,39.941619939824946,117805,52.00070626144916,84519,32.946253157451586,102841,39.980484239662864,952,-12.020222021786296,Diadema,21229085409.0,53985.47,393237.0,71929,108740,144525,154387,São Paulo,1522.03,65369,28.47205888758221,95403,39.4373940721756,Jair → PT
1003,967,1024,1063,1126,1083,1751,1129,1187,1198,1200,1249,1232,1108,6,44,-0.19372294372294618,34,19,1707,2,0,368,577,3513850,447,39.698046181172295,618,57.06371191135734,564,45.15612489991994,642,52.11038961038961,1,-4.953322300967727,Dirce Reis,99485465.0,61410.78,1620.0,334,465,583,590,São José do Rio Preto,1358.16,378,31.552587646076795,623,51.916666666666664,Jair → Jair
5249,5644,5479,6141,6649,6603,9226,5833,6242,6235,6721,7162,7328,5723,7,369,1.29233049771004,339,192,9524,26,43,1470,2096,3513900,3936,59.19687171003159,5084,76.99530516431925,4445,62.06366936609886,4948,67.52183406113537,14,-9.473471103183883,Divinolândia,528584116.00000006,47372.66,11158.0,660,1519,2168,2380,Campinas,1682.61,2975,47.714514835605456,4625,68.8141645588454,Jair → Jair
3368,3559,3630,3856,4292,4128,6195,3980,4284,4391,4697,4881,4976,3973,15,141,2.0963216584164286,222,110,6733,21,11,1769,2520,3514007,1813,42.241379310344826,2260,54.748062015503876,1919,39.315713993034215,2202,44.252411575562704,46,-10.495650439941173,Dobrada,213754857.0,24404.03,8759.0,1314,1868,2634,2774,Araraquara,1361.96,1207,27.48804372580278,2177,46.34873323397913,Jair → PT
10809,11264,11330,11784,12901,12499,19789,11503,12269,12478,13128,13646,13853,11732,17,329,1.4278114025068618,1022,322,18576,83,59,2802,4259,3514106,8352,64.73916750639485,9845,78.76630130410433,8201,60.098197273926424,9161,66.13008012704829,29,-12.636221177056044,Dois Córregos,1187096718.0,48433.16,24510.0,1381,2654,4417,4692,Bauru,1357.54,6307,50.54495912806539,8869,67.55789152955515,Jair → Jair
1232,1254,1302,1430,1531,1508,2175,1456,1517,1558,1624,1668,1680,1431,1,49,0.6752873563218387,59,33,2361,5,8,810,976,3514205,531,34.68321358589157,677,44.89389920424403,586,35.13189448441247,659,39.226190476190474,1,-5.6677087280535545,Dolcinópolis,84390137.0,38237.49,2207.0,687,831,994,1021,São José do Rio Preto,1359.18,460,29.525032092426187,648,39.90147783251231,PT → PT
3825,3891,3817,4143,4710,4570,6714,3853,4212,4423,4714,5110,5202,3873,29,137,1.9892156618069095,249,113,6803,31,23,1120,1937,3514304,2869,60.91295116772824,3406,74.52954048140043,2598,50.84148727984344,2961,56.9204152249135,19,-17.609125256486934,Dourado,1178139786.0,145521.22,8096.0,460,1164,2074,2241,Araraquara,1694.59,1662,37.576305674881304,2777,58.90963088672041,Jair → Jair
20393,21081,21733,22680,24563,23851,37415,21998,23180,23909,25044,25574,25943,22766,37,1426,0.7894595663118764,2148,822,33727,162,148,5217,7109,3514403,16464,67.02764320319179,19141,80.25240031864492,16753,65.5079377492766,18374,70.82449986508885,138,-9.427900453556063,Dracena,1855223877.0,40797.46,45474.0,2533,4710,6933,7569,Presidente Prudente,1886.73,14873,62.206700405704964,17935,71.61395943140073,Jair → Jair
6038,6294,6441,6515,7105,6801,11115,6570,6947,7042,7346,7489,7634,6722,7,208,0.9571756198946915,383,178,9874,48,35,2254,2957,3514502,4078,57.39619985925405,4879,71.73945008087045,4023,53.71878755508079,4488,58.789625360230545,16,-12.94982472063991,Duartina,435779649.0,35348.77,12328.0,956,1922,2915,3146,Bauru,1624.7,3300,46.861687020732745,4389,59.746800980125236,Jair → Jair
3969,4140,4109,4396,4890,4802,7099,4626,4908,4822,5236,5441,5547,4517,8,145,2.65644730776917,482,184,7345,41,45,1255,1745,3514601,3098,63.353783231083845,3714,77.34277384423157,3232,59.40084543282485,3551,64.01658554173427,25,-13.3261883024973,Dumont,414001737.0,43712.57,9471.0,627,1088,1888,1996,Ribeirão Preto,1673.48,2663,55.22604728328494,3491,66.67303284950344,Jair → Jair
3074,3236,3183,3316,3627,3510,5606,3355,3501,3549,3674,3860,3897,3330,2,160,0.6469739504824119,183,113,5074,15,18,975,1331,3514700,2110,58.17480011028398,2431,69.25925925925925,2248,58.23834196891192,2460,63.12548113933795,8,-6.133778119921303,Echaporã,187402902.0,30201.92,6205.0,660,1079,1377,1437,Marília,1387.75,1634,46.04113834883066,2343,63.77245508982036,Jair → Jair
6157,6925,6926,6887,7463,7146,11902,7040,7379,7473,7873,7901,8035,7121,11,79,0.1364679217234439,93,201,10813,45,205,3108,3598,3514809,3143,42.11443119388986,3890,54.43604813881892,3975,50.31008733071763,4352,54.16303671437461,10,-0.2730114244443058,Eldorado,423995268.0,32442.82,13069.0,2458,3256,3509,3683,Sorocaba,1096.71,3328,44.53365448949552,4275,54.29950463609806,Jair → Jair
7496,7564,7550,7964,9013,8765,12707,8946,9369,9134,9794,10356,10618,8567,27,436,1.1071970326530334,1006,438,13539,74,36,2182,3048,3514908,5863,65.05048263619217,6815,77.75242441528808,6503,62.79451525685593,7196,67.77170841966472,91,-9.980715995623356,Elias Fausto,2159508523.0,122013.02,17699.0,1234,1950,3224,3422,Campinas,1295.02,5114,55.98861396978323,6746,68.87890545231775,Jair → Jair
1770,1864,1821,1935,2113,2037,3151,1811,1897,1939,2055,2116,2137,1770,6,57,1.764235056762601,212,132,2737,25,6,428,634,3514924,1393,65.92522479886418,1593,78.20324005891017,1321,62.42911153119093,1440,67.38418343472158,1,-10.81905662418859,Elisiário,121970552.0,38868.88,3138.0,302,444,657,697,São José do Rio Preto,1535.69,907,46.77668901495616,1421,69.14841849148418,Jair → Jair
1509,1559,1533,1573,1696,1651,2744,1654,1739,1736,1770,1806,1851,1631,3,26,0.6609345383622198,47,33,2449,1,0,360,716,3514957,1024,60.37735849056604,1195,72.38037552998183,965,53.43300110741971,1090,58.887088060507836,1,-13.493287469473998,Embaúba,93031653.0,40048.06,2323.0,277,456,748,761,São José do Rio Preto,1354.87,561,32.315668202764975,1054,59.548022598870055,Jair → Jair
103265,108373,108423,115446,130186,125931,184751,123667,138705,137241,145621,154497,154307,120247,290,2717,0.7730147684847779,6697,2718,206368,1260,905,66275,82202,3515004,52864,40.60651682976664,68422,54.332928349651795,53933,34.908768455050904,66009,42.77770937157744,434,-11.555218978074357,Embu das Artes,17290649652.0,68971.96,250691.0,34247,57509,83277,88298,São Paulo,1249.69,47097,34.317004393730734,63419,43.550724140062215,Jair → PT
26407,29148,30021,31991,34902,33871,50970,32031,34235,35251,37220,39301,39489,31687,58,868,-0.35926934073383876,2097,997,53805,260,228,14525,19059,3515103,16622,47.6247779496877,21334,62.986035251395,15845,40.317040278873314,19410,49.152928663678495,106,-13.833106587716507,Embu-Guaçu,1742920008.0,26025.38,66970.0,7020,12537,18458,20079,São Paulo,1386.48,11671,33.10828061615273,18161,48.793659322944656,Jair → PT
1597,1638,1686,1786,1883,1856,2875,1762,1857,1952,2110,2089,2152,1786,3,48,1.4997181063796106,69,45,2729,2,6,741,991,3515129,907,48.167817312798725,1090,58.72844827586207,1022,48.92292963140258,1109,51.53345724907063,0,-7.194991026791442,Emilianópolis,97865943.0,32470.45,3014.0,679,766,990,1043,Presidente Prudente,1334.16,792,40.57377049180328,1119,53.03317535545024,Jair → Jair
8857,8996,9103,9247,10218,9859,15537,9779,10138,10240,10634,11042,11168,9627,48,485,1.7259322694735388,1186,445,15006,128,85,3012,3689,3515152,6152,60.20747700137013,7049,71.49812354194137,6495,58.82086578518384,7101,63.583452722063036,33,-7.9146708198783315,Engenheiro Coelho,814390123.0,41622.72,19566.0,2169,2810,3846,4067,Campinas,1609.27,5678,55.44921875,6945,65.30938499153658,Jair → Jair
19303,20109,19925,20257,22438,21462,36078,19970,20958,21295,22354,23451,23752,19756,48,1838,0.4707263596123852,1394,526,30992,147,105,5477,8126,3515186,12967,57.790355646670825,16536,77.04780542353927,13157,56.104217304166134,15006,63.17783765577636,89,-13.869967767762915,Espírito Santo do Pinhal,2715247127.0,68194.87,39816.0,2000,4926,7944,8746,Campinas,1838.17,10155,47.68725052829303,14228,63.64856401538874,Jair → Jair
1931,1995,2065,2039,2291,2150,3535,2184,2310,2356,2452,2529,2542,2198,4,49,1.8998604841597526,67,48,3545,3,8,885,1109,3515194,1165,50.85115670013095,1354,62.97674418604651,1189,47.01463028865164,1344,52.871754523996856,0,-10.104989662049654,Espírito Santo do Turvo,181809326.0,43735.71,4157.0,609,796,1190,1198,Marília,1193.58,785,33.31918505942275,1343,54.77161500815661,Jair → Jair
3898,4176,4020,4564,4761,4719,6889,4463,4503,4758,5098,5231,5377,4390,6,290,1.8681636101282209,205,203,7142,20,20,1010,1618,3515202,2856,59.987397605545056,3624,76.79593134138588,3180,60.79143567195565,3570,66.39389994420681,13,-10.402031397179073,Estrela d'Oeste,1317162584.0,139870.72,9417.0,636,1095,1649,1807,São José do Rio Preto,1667.09,2600,54.6448087431694,3480,68.26206355433503,Jair → Jair
1504,1594,1545,1589,1741,1632,2681,1699,1832,1835,1867,1946,1925,1736,2,10,2.463957039211458,26,19,2470,1,6,639,984,3515301,665,38.19643882825962,875,53.615196078431374,774,39.77389516957862,863,44.83116883116883,2,-8.784027247262543,Estrela do Norte,69691794.0,25783.13,2703.0,601,757,1031,1062,Presidente Prudente,1405.87,604,32.915531335149865,883,47.29512587038029,Jair → PT
3981,4226,4259,4159,4672,4520,7529,4153,4430,4448,4609,4625,4726,4170,2,48,0.3538542183240665,102,42,6345,14,5,2309,2926,3515350,1322,28.296232876712327,1660,36.72566371681416,1468,31.74054054054054,1709,36.16165890816758,1,-0.5640048086465796,Euclides da Cunha Paulista,162208418.0,20470.52,7924.0,2458,2860,2905,3017,Presidente Prudente,1077.55,994,22.347122302158272,1683,36.51551312649165,PT → PT
7716,8199,8169,8115,9112,8513,14496,8125,8643,8843,9109,9507,9621,8191,10,158,0.4479203005912282,304,183,12546,55,48,3105,4197,3515400,4319,47.399034240561896,5772,67.802184893692,4514,47.48080361838645,5145,53.47676956657312,8,-14.325415327118883,Fartura,566394766.0,34036.1,16641.0,1483,2741,4143,4476,Marília,1482.13,3297,37.28372724188624,4912,53.924689867164346,Jair → Jair
28579,30493,30398,32583,34879,34074,52319,32074,33629,35115,37676,38118,39197,32711,36,1699,0.7916414184842466,2335,1300,50341,140,222,9781,13765,3515509,20984,60.16227529458987,24660,72.37189646064448,21512,56.43527992024765,24566,62.673163762532845,133,-9.698732698111634,Fernandópolis,2790708100.0,39203.05,71186.0,5483,9414,13603,14631,São José do Rio Preto,1853.8,18122,51.6075751103517,23911,63.46480518101709,Jair → Jair
2664,2881,2644,3003,3299,3209,4610,3305,3346,3419,3541,3753,3739,3167,0,64,1.1864303982258377,147,75,5092,15,8,794,1156,3515608,2143,64.95907850863898,2538,79.09005920847616,2277,60.671462829736214,2474,66.16742444503878,8,-12.922634763437387,Fernando Prestes,281661783.0,47401.85,5942.0,447,671,1229,1265,São José do Rio Preto,1600.05,1406,41.123135419713364,2385,67.35385484326461,Jair → Jair
916,995,983,996,1090,1033,1709,1016,1072,1051,1114,1138,1178,1004,1,34,1.6106171492320271,50,25,1691,8,6,262,366,3515657,598,54.862385321100916,777,75.21781219748306,680,59.753954305799645,772,65.53480475382004,0,-9.683007443663016,Fernão,102634371.0,61977.28,1656.0,116,256,388,406,Marília,1270.67,566,53.8534728829686,748,67.14542190305207,Jair → Jair
69091,70382,72848,77807,87695,84398,125084,84518,89295,88518,93396,100058,99669,80055,120,1446,-0.4525506537006194,6066,1784,128954,607,377,42453,52215,3515707,39368,44.89195507155482,48212,57.124576411763314,37178,37.15644925942953,44398,44.54544542435461,170,-12.579130987408703,Ferraz de Vasconcelos,5523980573.0,30826.13,179198.0,22784,36186,52030,55271,São Paulo,1201.71,27796,31.40152285410877,41181,44.09289477065399,Jair → PT
1005,1021,1041,1041,1136,1086,1809,980,1034,1042,1096,1115,1131,977,7,16,2.447530445894408,48,20,1430,3,3,408,511,3515806,496,43.66197183098591,603,55.52486187845304,509,45.65022421524664,576,50.92838196286472,2,-4.5964799155883185,Flora Rica,65664782.99999999,44159.24,1487.0,378,483,563,555,Presidente Prudente,1376.01,460,44.145873320537426,585,53.37591240875913,Jair → Jair
1643,1681,1703,1730,1875,1751,3045,1785,1881,1914,1959,2037,2053,1767,3,83,0.3790565829907635,103,74,2680,13,19,633,859,3515905,920,49.06666666666667,1230,70.24557395773843,1045,51.300932744231716,1145,55.77204091573307,2,-14.473533042005357,Floreal,131171272.0,47995.34,2733.0,307,521,862,908,São José do Rio Preto,1699.56,716,37.4085684430512,1100,56.151097498723836,Jair → Jair
4596,4834,4821,5042,5684,5506,8292,5009,5213,5374,5663,5886,5986,5006,4,112,2.256887708850819,331,134,7421,43,14,1485,1997,3516002,3305,58.14567206192822,3880,70.46857973120233,3421,58.12096500169895,3740,62.47911794186435,11,-7.989461789337973,Flórida Paulista,361684346.0,27912.05,12958.0,1225,1626,2161,2246,Presidente Prudente,1313.48,2988,55.60104205433569,3666,64.73600565071517,Jair → Jair
1767,1785,1700,1688,1892,1762,3174,1819,1938,1906,1897,2051,2018,1807,3,40,0.10966143924500216,87,24,2681,7,4,690,953,3516101,891,47.093023255813954,1048,59.47786606129399,905,44.124817162359825,1002,49.65312190287413,0,-9.824744158419854,Florínea,216161178.0,56131.18,3851.0,538,714,1021,1016,Marília,1361.28,658,34.52256033578174,944,49.762783342119135,Jair → PT
152780,157064,157872,158865,175436,167772,273036,160506,168086,170130,178264,184859,187399,160700,253,8734,-0.9078889837125814,14161,6626,241715,2158,1222,49177,66005,3516200,106547,60.73268884379489,126487,75.39219893665212,104625,56.59719029097853,119713,63.88134408401326,749,-11.510854852638865,Franca,14375667458.0,40777.87,352536.0,19611,41285,62126,67686,Ribeirão Preto,1734.79,88354,51.93322753188738,112259,62.973455100300676,Jair → Jair
59795,66871,67557,70717,82434,79507,113056,77253,83392,84497,89878,95394,96364,75078,135,1632,-0.10927858301250382,3259,1855,126758,613,410,46084,53798,3516309,30870,37.44814033044617,39062,49.13026525966267,31939,33.48114137157473,38789,40.25258395251338,173,-8.877681307149288,Francisco Morato,2237469166.0,13549.01,165139.0,26923,40445,55240,57575,São Paulo,1035.25,25006,29.593950081067966,36080,40.14330536950088,PT → PT
50436,53160,55204,59386,67373,65577,91609,62375,69567,68339,72355,77011,77459,62146,147,2069,-0.7241630526056824,4699,1805,107782,698,554,34898,39919,3516408,30826,45.754233891915156,38078,58.06609024505543,29718,38.58929243874252,35285,45.55313133399605,230,-12.512958911059378,Franco da Rocha,5438088812.0,37543.16,144849.0,17689,27499,40231,42174,São Paulo,1397.55,23080,33.77280908412473,32436,44.82896828139037,Jair → PT
1694,1580,1695,1850,1924,1872,2886,1783,1854,1877,1946,1987,2028,1769,4,40,2.4734396759853325,72,32,2682,1,7,303,542,3516507,1281,66.58004158004158,1558,83.22649572649573,1308,65.82788122798188,1413,69.67455621301775,2,-13.551939513477976,Gabriel Monteiro,123955929.0,44862.8,2763.0,161,314,546,615,Araçatuba,1710.43,932,49.65370271710176,1404,72.14799588900308,Jair → Jair
3272,3373,3363,3374,3649,3478,6020,3338,3482,3497,3601,3698,3736,3272,5,71,1.82262600146165,136,44,4633,16,7,1310,1758,3516606,1727,47.32803507810359,2157,62.018401380103505,1609,43.51000540832883,1844,49.357601713062095,10,-12.66079966704141,Gália,220849140.0,34615.85,6380.0,800,1321,1838,1892,Marília,1433.66,1129,32.28481555619102,1843,51.180227714523745,Jair → PT
20523,20906,21339,21746,23938,22880,36305,20718,22232,22464,23872,24758,25053,21497,64,788,0.5091851053247041,2758,592,32428,123,93,5560,7609,3516705,15166,63.355334614420585,18233,79.68968531468532,15286,61.7416592616528,16940,67.61665269628388,49,-12.073032618401442,Garça,1893765629.0,44971.87,42110.0,2180,4647,7518,8113,Marília,1612.63,13078,58.217592592592595,16263,68.12583780160858,Jair → Jair
1712,1779,1761,1897,2005,1999,2978,1927,1994,2090,2171,2246,2250,1928,3,29,-0.3448078202569249,45,38,2873,9,32,902,1230,3516804,794,39.600997506234414,1005,50.275137568784395,879,39.13624220837043,983,43.68888888888889,3,-6.586248679895505,Gastão Vidigal,101942077.0,31347.5,3252.0,751,994,1229,1267,Araçatuba,1377.87,649,31.05263157894737,941,43.344081068631965,Jair → PT
2262,2391,2402,2459,2818,2734,4155,2475,2880,2791,2830,3079,3057,2419,3,54,1.1285689681678264,98,44,4169,14,9,1082,1602,3516853,1179,41.83818310858765,1381,50.51207022677396,1142,37.08996427411497,1292,42.26365718024207,1,-8.248413046531887,Gavião Peixoto,1735632823.0,369126.5,4702.0,915,1353,1700,1765,Araraquara,1489.75,770,27.588677893228233,1228,43.3922261484099,Jair → PT
5233,5412,5371,5600,5981,5751,9713,5367,5763,5772,6124,6183,6305,5456,13,270,0.28145267433650645,389,190,7985,40,24,1487,2174,3516903,3566,59.62213676642702,4170,72.50912884715702,3632,58.74171114345787,4049,64.21887390959556,15,-8.290254937561457,General Salgado,348923464.0,33836.64,10312.0,1004,1581,2130,2256,Araçatuba,1735.05,2815,48.76992376992377,3950,64.50032658393206,Jair → Jair
4401,4373,4387,4578,5085,4870,7443,4379,4637,4850,5084,5274,5402,4367,7,124,1.173531614452905,341,112,7055,30,16,1457,2152,3517000,2925,57.52212389380531,3456,70.96509240246407,2713,51.44103147516117,3052,56.49759348389485,12,-14.467498918569213,Getulina,272840621.0,26665.42,10232.0,883,1414,2230,2350,Marília,1290.17,2004,41.31958762886598,2932,57.67112509834776,Jair → Jair
2461,2292,2483,2595,2801,2705,4397,2497,2629,2639,2826,2873,2894,2511,8,68,0.7936228456170866,131,83,3995,12,6,932,1165,3517109,1555,55.51588718314888,1749,64.65804066543438,1556,54.1594152453881,1678,57.98203178991016,4,-6.676008875524225,Glicério,188391507.0,45527.19,4138.0,669,956,1178,1216,Araçatuba,1412.75,1321,50.05683971201213,1661,58.775654635527246,Jair → Jair
4817,4903,4867,5055,5740,5572,8315,5057,5327,5455,5706,6056,6159,5063,14,192,2.2157822949462798,571,173,8171,30,31,1525,2148,3517208,3514,61.21951219512195,4101,73.60014357501795,3298,54.45838837516513,3704,60.1396330573145,20,-13.460510517703455,Guaiçara,310852418.0,27658.37,11239.0,924,1471,2384,2455,Bauru,1305.59,2492,45.68285976168653,3558,62.35541535226078,Jair → Jair
2671,2731,2782,2774,3117,2974,4929,2986,3100,3197,3190,3365,3361,2953,3,49,2.2427830200557963,136,50,4492,13,7,790,1448,3517307,1564,50.17645171639397,1843,61.97041022192334,1549,46.03268945022288,1760,52.36536745016364,2,-9.605042771759699,Guaimbê,593772310.0,107723.57,5512.0,793,1131,1560,1601,Marília,1235.95,962,30.090710040663122,1742,54.608150470219435,Jair → Jair
15702,15996,16423,17416,18801,18463,28152,16612,18012,18240,19507,20054,20811,17042,26,707,0.4585612346897747,1258,516,28602,203,135,5453,7189,3517406,11156,59.33726929418648,13565,73.47126685804041,11247,56.083574349257006,13046,62.68800153764836,48,-10.783265320392047,Guaíra,3233958320.0,82333.01,39279.0,2877,4898,7224,7765,Ribeirão Preto,1685.85,9436,51.73245614035088,12318,63.146562772338136,Jair → Jair
7552,8061,8130,9026,9923,9815,13481,9352,10126,10507,11140,11487,11803,9618,38,625,1.128730470648378,753,462,15936,80,110,2509,3928,3517505,5729,57.73455608183009,7041,71.73713703515028,6667,58.03952293897449,7508,63.61094636956706,34,-8.126190665583223,Guapiaçu,1134076670.0,52235.12,21711.0,1433,2774,3979,4295,São José do Rio Preto,1671.55,5220,49.681164937660604,7212,64.73967684021544,Jair → Jair
8053,9073,9277,9167,10066,9442,16314,8862,9783,9659,10217,10353,10572,8911,18,140,0.8386181051655797,505,136,13645,25,27,5121,5881,3517604,3538,35.14802304788397,4914,52.044058462190215,4034,38.96455133777649,4398,41.600454029511916,8,-10.443604432678299,Guapiara,585182465.0,34279.33,17071.0,3775,4528,5763,6174,Sorocaba,1032.99,3264,33.792318045346306,4336,42.439072134677495,Jair → PT
8133,8675,8691,8974,9942,9612,14911,9337,10107,10142,10656,10958,11058,9246,12,222,1.5390390390390394,493,214,14185,68,58,3706,5164,3517703,4729,47.565882116274395,5779,60.12276321265085,4806,43.858368315386016,5529,50.0,27,-10.122763212650852,Guará,854714843.0,45937.59,18606.0,2870,3833,5445,5529,Ribeirão Preto,1332.26,3356,33.09012029185565,5492,51.53903903903904,Jair → Empate
3819,3829,3820,4178,4531,4433,6476,4206,4358,4367,4642,4823,4868,4093,2,132,1.5983268056971127,347,124,6161,11,7,1253,1565,3517802,2860,63.120723902008386,3233,72.93029551094067,2877,59.65166908563135,3149,64.68775677896467,8,-8.242538731975998,Guaraçaí,374454285.0,50323.11,7441.0,837,1200,1666,1719,Araçatuba,1542.83,2486,56.92695214105793,3077,66.28608358466178,Jair → Jair
5073,5057,4852,5149,5487,5378,8698,5523,5804,5868,5961,6163,6196,5486,4,122,2.103272086292776,205,94,8101,1,13,1508,2909,3517901,2645,48.204847822125025,3183,59.18557084417999,2682,43.51776732110985,3042,49.09619109102647,9,-10.089379753153523,Guaraci,660485534.0,63815.03,10350.0,1522,2195,3091,3154,Ribeirão Preto,1492.66,1440,24.539877300613497,3052,51.199463177319245,Jair → PT
946,976,964,1014,1068,1041,1717,1187,1220,1256,1288,1297,1322,1167,2,17,1.4232388344405749,38,26,1785,2,1,488,651,3518008,457,42.79026217228464,582,55.90778097982709,541,41.71164225134927,635,48.03328290468986,4,-7.874498075137225,Guarani d'Oeste,48665285.0,24728.3,1968.0,365,459,661,687,São José do Rio Preto,1226.38,399,31.76751592356688,637,49.45652173913044,Jair → PT
3061,3123,3068,3184,3487,3419,5238,3187,3263,3359,3551,3702,3762,3137,2,114,2.4058037278923905,250,108,4763,23,10,953,1321,3518107,2128,61.02667049039289,2472,72.30184264404797,2102,56.78011885467315,2272,60.39340776182881,22,-11.908434882219154,Guarantã,312045476.0,48552.28,6427.0,656,947,1409,1490,Bauru,1310.94,1624,48.347722536469185,2230,62.7992114897212,Jair → Jair
13964,14527,14448,15268,16286,15942,24945,15696,16192,16525,17368,17893,18104,15755,46,763,0.8865176950901201,1146,442,23649,92,62,4116,5581,3518206,10579,64.95763232223996,12499,78.40296073265588,11024,61.610685743028,12126,66.97967300044189,37,-11.423287732213993,Guararapes,1718487879.0,55358.31,31043.0,1996,3443,5512,5978,Araçatuba,1575.63,9584,57.99697428139183,11787,67.86619069553201,Jair → Jair
16046,16308,15478,16089,17240,16679,27565,17470,18084,17429,18149,19134,19187,16069,70,393,1.4251946162729965,864,358,26410,96,80,3975,6339,3518305,10401,60.33062645011601,12788,76.67126326518377,10917,57.055503292568204,12212,63.64726116641476,52,-13.02400209876901,Guararema,2034662745.0,65138.39,31236.0,1936,3891,6456,6975,São Paulo,1601.96,7761,44.52923288771588,11810,65.07245578268775,Jair → Jair
57040,60107,60745,61646,68245,64461,103968,62884,65062,66296,69343,72076,72350,63419,142,3390,0.30837511846426935,12101,3088,91052,1042,504,16907,23819,3518404,42509,62.28881236720639,50772,78.7639037557593,41721,57.88473278206338,47275,65.34208707671044,332,-13.42181667904886,Guaratinguetá,8369820871.0,70904.25,118044.0,5683,13689,22274,25075,São José dos Campos,1872.42,36094,54.44370701098106,45524,65.65046219517471,Jair → Jair
4806,5095,5132,5399,6056,5895,8762,5571,6342,6053,6499,6870,6948,5602,11,189,1.1792567529321047,665,110,8906,27,18,1608,2230,3518503,3835,63.32562747688243,4601,78.04919423240034,4028,58.63173216885007,4482,64.50777202072538,9,-13.541422211674956,Guareí,386201340.0,25724.46,15013.0,818,1294,2328,2466,Sorocaba,1385.89,3086,50.98298364447381,4269,65.68702877365749,Jair → Jair
16525,17086,17220,17851,19686,18967,30026,18751,19758,20018,20708,21791,21961,18190,25,628,0.45060431948932944,1270,456,28404,97,91,6755,9454,3518602,10522,53.44915168139795,12825,67.6174408182633,10551,48.41907209398376,11836,53.8955420973544,40,-13.721898720908904,Guariba,1517993918.0,40482.0,37498.0,4299,6142,9540,10125,Ribeirão Preto,1320.05,7839,39.15975621940254,11254,54.34614641684373,Jair → Jair
128459,138188,138606,148151,158844,155448,227529,151759,162236,159581,164784,178405,176041,149857,374,2688,0.7000645770616316,16436,4216,238508,1598,891,56251,70390,3518701,87808,55.27939361889653,104510,67.23148577016109,87911,49.27608531151033,99610,56.5834095466397,700,-10.648076223521386,Guarujá,11536359008.0,40107.77,287634.0,29311,50938,72573,76431,São Paulo,1416.67,78605,49.25711707534105,94394,57.28347412370133,Jair → Jair
478645,505218,521275,562973,624076,601117,887099,594718,628801,639392,680762,728550,728923,582524,2058,23861,-0.27081448263658103,51137,20116,948440,6792,5137,251353,317221,3518800,318726,51.07166434857293,397523,66.13071997631077,331178,45.45714089630087,391234,53.67288451592281,3615,-12.457835460387962,Guarulhos,97557673612.0,75522.42,1291771.0,113848,203594,311756,337689,São Paulo,1643.73,261531,40.9030766728392,363541,53.40207003328623,Jair → Jair
3110,3156,3294,3352,3778,3614,5652,3704,3911,3939,4126,4283,4331,3604,2,94,-0.020705432982502714,283,84,5781,21,32,1819,2232,3518859,1720,45.52673372154579,2197,60.79136690647482,1748,40.8125145925753,1989,45.92472870006927,8,-14.866638206405554,Guatapará,353798145.0,48333.08,7320.0,1124,1417,2245,2342,Ribeirão Preto,1428.08,1400,35.542015740035545,1894,45.904023267086764,Jair → PT
2089,2161,2133,2217,2421,2353,3637,2300,2481,2465,2585,2640,2679,2231,3,51,0.7180426889273477,106,81,3561,3,4,936,1341,3518909,971,40.10739363899215,1280,54.39864003399915,1157,43.82575757575758,1270,47.40574841358716,6,-6.992891620411989,Guzolândia,120155836.0,28298.6,4246.0,825,1073,1295,1409,Araçatuba,1208.8,849,34.44219066937119,1244,48.12379110251451,Jair → PT
3965,4208,4081,4158,4669,4460,7095,4535,4788,4839,5065,5239,5324,4565,7,62,1.8979635883032202,215,77,6943,17,13,1515,1896,3519006,2512,53.80167059327479,2976,66.72645739910314,2945,56.21301775147929,3230,60.66867017280241,10,-6.057787226300732,Herculândia,552689427.0,60568.7,9125.0,1120,1484,2020,2094,Marília,1172.66,2527,52.22153337466419,3169,62.56663376110563,Jair → Jair
6448,6907,6916,7123,7924,7561,12463,8238,8794,9036,9240,9651,9646,8405,46,570,2.437750928316973,702,386,12588,121,107,1685,2796,3519055,4878,61.55981827359919,5866,77.58233037957942,5945,61.59983421407108,6492,67.30250881194277,86,-10.279821567636645,Holambra,1806633110.0,119692.14,15094.0,889,1695,2857,3154,Campinas,2545.63,4237,46.89021691013723,6444,69.74025974025975,Jair → Jair
85100,91678,91637,95132,108173,104449,157504,107470,112002,114695,120043,126204,127205,106947,315,5904,-0.6457870867304862,10666,5060,164245,1383,1266,46501,55219,3519071,58941,54.48771874682222,68606,65.68373081599633,60988,48.32493423346328,69513,54.64643685389725,743,-11.037293962099078,Hortolândia,22163924356.0,93660.54,236641.0,25130,35843,54556,57692,Campinas,1619.28,50845,44.330615981516196,64824,54.00064976716676,Jair → Jair
4870,4989,5084,5258,5737,5490,8755,5669,5870,5990,6273,6441,6528,5781,17,173,1.357753467240542,375,224,8287,23,35,1356,2100,3519105,3671,63.98814711521701,4307,78.45173041894354,3943,61.21720229777985,4254,65.1654411764706,23,-13.286289242472947,Iacanga,687530477.0,65874.34,10437.0,589,1183,2098,2274,Bauru,1415.72,2880,48.080133555926544,4173,66.52319464371114,Jair → Jair
3001,3106,3024,3216,3531,3424,5257,3217,3403,3435,3589,3757,3782,3256,3,61,1.8900294527655888,201,60,4775,21,14,821,1144,3519204,2196,62.192013593882756,2579,75.32126168224299,2335,62.15065211605004,2505,66.23479640401904,2,-9.086465278223955,Iacri,372133574.0,60697.04,6131.0,534,845,1214,1277,Marília,1368.52,1889,54.99272197962154,2445,68.12482585678462,Jair → Jair
2354,2384,2514,2459,2784,2646,4436,2605,2754,2804,2811,3008,2975,2595,0,48,0.14296775273609796,130,83,4366,10,9,1398,1504,3519253,1059,38.03879310344828,1263,47.73242630385487,1252,41.62234042553192,1379,46.35294117647059,1,-1.3794851273842852,Iaras,326006583.0,40699.95,8010.0,1157,1383,1589,1596,Sorocaba,1284.97,960,34.236804564907274,1307,46.495908929206685,PT → PT
12616,13369,13546,14792,16804,16634,23261,14226,15423,16076,17330,18838,19061,14441,38,507,0.3154242886438041,1394,632,26273,170,128,6414,7998,3519303,9359,55.69507260176149,11452,68.84694000240471,8646,45.896591994903915,10204,53.53339279156393,58,-15.313547210840781,Ibaté,1516837474.0,47138.96,32178.0,3146,5182,8432,8857,Araraquara,1285.02,6703,41.69569544662851,9332,53.84881708020773,Jair → Jair
5193,5478,5403,5780,6211,6100,9338,5891,6253,6312,6740,6868,7065,5891,15,170,2.7003387367408607,582,352,9099,110,187,1272,1954,3519402,4174,67.20334889711802,4842,79.37704918032787,4369,63.613861386138616,4826,68.30856334041047,26,-11.0684858399174,Ibirá,418177801.0,35772.27,11690.0,687,1258,2100,2239,São José do Rio Preto,1717.95,3680,58.30164765525982,4786,71.00890207715133,Jair → Jair
2958,3162,3118,3256,3591,3449,5547,3444,3486,3548,3705,3883,3919,3348,9,37,1.2385833368629733,155,73,5069,20,14,743,1116,3519501,2150,59.87190197716514,2629,76.22499275152218,2505,64.51197527684779,2690,68.63995917325849,1,-7.58503357826369,Ibirarema,331386983.0,51900.86,6385.0,484,820,1142,1229,Marília,1429.78,2073,58.42728297632469,2589,69.87854251012146,Jair → Jair
24261,25862,26217,27600,29961,28950,44176,26555,27944,28521,30575,31875,32487,26820,63,3082,0.42403043360874904,1943,1038,41340,243,232,7806,10654,3519600,18106,60.431894796568876,22062,76.20725388601036,19051,59.7678431372549,21029,64.73050758765045,108,-11.476746298359913,Ibitinga,2528835327.0,42124.09,60033.0,3384,6888,10565,11458,Araraquara,1437.98,15676,54.96300971214193,19921,65.1545380212592,Jair → Jair
31480,33316,34439,36112,39620,37612,58545,36755,40004,39636,42531,44586,45280,36921,78,1051,1.1527676590585685,2096,1234,62046,219,234,9853,13770,3519709,20551,51.87026754164563,28966,77.0126555354674,25646,57.52029785134347,30098,66.47084805653711,202,-10.541807478930295,Ibiúna,3023500924.0,39990.75,75605.0,3630,8646,13710,15182,Sorocaba,1324.95,19066,48.10273488747603,28761,67.62361571559568,Jair → Jair
3679,3890,3811,3912,4299,4082,6716,4198,4412,4406,4523,4691,4704,4115,19,207,1.7135115155945257,187,115,6061,17,23,1346,2059,3519808,2065,48.03442661083973,2576,63.106320431161194,2220,47.32466425069281,2482,52.76360544217687,11,-10.342714988984326,Icém,263931833.99999997,33755.19,7819.0,1055,1506,2146,2222,São José do Rio Preto,1574.21,1616,36.677258284157965,2464,54.47711695777139,Jair → Jair
3986,4149,4144,4269,4623,4486,7213,4242,4542,4543,4745,4810,4865,4371,11,87,1.288920993267105,262,74,5980,22,13,1431,1791,3519907,2499,54.055807916937056,3097,69.03700401248328,2670,55.50935550935551,2966,60.96608427543679,6,-8.070919737046488,Iepê,503731726.0,66115.2,7619.0,856,1389,1842,1899,Presidente Prudente,1401.72,2301,50.64935064935065,2954,62.2550052687039,Jair → Jair
9969,10341,10598,11382,12520,12153,18261,10807,11558,11675,12453,13468,13501,10686,33,318,0.7294289724683694,879,412,17569,104,66,3578,4985,3520004,7087,56.605431309904155,8735,71.87525713815519,7078,52.554202554202554,7998,59.24005629212651,42,-12.635200846028681,Igaraçu do Tietê,477976018.0,20686.23,23106.0,2097,3418,5316,5503,Bauru,1348.69,5346,45.79014989293362,7468,59.96948526459488,Jair → Jair
10543,11373,11167,11865,13376,13045,18893,11967,13161,13035,13917,14666,14872,11852,28,537,2.314738422901655,720,412,19753,108,112,4717,6627,3520103,6596,49.3122009569378,8041,61.64047527788425,6432,43.85653893358789,7446,50.06724045185584,37,-11.573234826028411,Igarapava,1422122446.0,54254.63,26212.0,3102,5004,6997,7426,Ribeirão Preto,1501.48,5168,39.64710395090142,7290,52.38197887475749,Jair → Jair
5079,5340,5138,5352,5745,5569,9108,6096,6333,6134,6385,6693,6652,5837,19,81,1.7955728130469666,275,98,9463,27,8,1518,2333,3520202,3301,57.458659704090515,4225,75.86640330400431,3659,54.66905722396534,4102,61.66566446181599,4,-14.200738842188315,Igaratá,353163257.0,33301.58,10605.0,630,1344,2318,2550,São José dos Campos,1478.86,2979,48.56537332898598,4052,63.46123727486296,Jair → Jair
11304,12539,13348,13602,14160,13701,22225,14029,14712,14828,15327,15909,16025,14144,31,258,1.133863980513425,827,307,22199,66,72,4587,6111,3520301,7595,53.637005649717516,9249,67.50602145828772,8490,53.36601923439562,9454,58.99531981279251,51,-8.51070164549521,Iguape,1896850188.0,65150.27,29115.0,2365,4452,6182,6571,Sorocaba,1336.34,6682,45.06339357971405,9216,60.129183793305934,Jair → Jair
13885,15514,14695,15111,16516,15857,25884,18779,19475,19654,20549,21565,21672,18426,37,875,1.5901228156789742,712,763,31192,76,161,6404,8772,3520400,8781,53.166626301767984,10815,68.20331714700133,10850,50.31300718757245,12076,55.721668512366186,95,-12.481648634635143,Ilhabela,14830714927.0,424535.26,34934.0,2360,5042,8576,9596,São José dos Campos,1970.57,9842,50.076320341915135,11777,57.31179132804516,Jair → Jair
5890,6260,6355,6435,6919,6584,10846,7311,7808,7847,7918,8289,8302,7412,12,228,0.6669573681913903,341,164,13354,53,36,2356,3374,3520426,3763,54.38647203353086,4586,69.65370595382745,4224,50.95910242490047,4709,56.721271982654784,61,-12.93243397117267,Ilha Comprida,2802536357.0,208848.38,13419.0,1194,1998,3360,3593,Sorocaba,1392.2,3146,40.0917548107557,4544,57.388229350846174,Jair → Jair
11085,11570,11550,12111,13325,12937,20123,12676,13080,13359,14014,14429,14647,12651,61,714,0.8105881380759712,1010,560,20330,109,97,4501,6050,3520442,7306,54.829268292682926,8755,67.67411300919842,7173,49.712384780650076,8205,56.018297262238,50,-11.655815746960421,Ilha Solteira,917731981.0,35920.47,25549.0,2125,4182,5735,6442,Araçatuba,2147.45,5993,44.86114230107044,7964,56.82888540031397,Jair → Jair
110014,105196,103591,106947,119290,115190,178936,129828,131716,130375,135060,142608,143282,122783,400,5768,0.49285673629194093,11473,4442,191807,694,616,33996,47733,3520509,74782,62.68924469779529,88374,76.72020140637208,80147,56.20091439470436,91937,64.16507307268185,819,-12.555128333690234,Indaiatuba,28264863052.0,110518.41,255748.0,12993,26816,45933,51345,Campinas,2601.91,66999,51.38945349952061,87327,64.65792980897379,Jair → Jair
2440,2600,2584,2755,2924,2868,4364,2710,2903,2936,3105,3177,3215,2750,8,76,0.3945374815616205,166,81,4066,9,26,774,1138,3520608,1859,63.57729138166895,2153,75.0697350069735,1870,58.860560276990874,2024,62.954898911353034,6,-12.114836095620468,Indiana,99885601.0,19623.89,5090.0,438,715,1105,1191,Presidente Prudente,1627.06,1538,52.3841961852861,1967,63.349436392914654,Jair → Jair
1844,1966,1936,1961,2140,2064,3475,2145,2278,2247,2329,2394,2403,2124,9,47,0.9611393515369286,51,41,3179,2,10,801,1130,3520707,978,45.700934579439256,1194,57.848837209302324,1099,45.90643274853801,1214,50.52018310445277,4,-7.328654104849555,Indiaporã,167087329.0,41409.5,4035.0,687,870,1141,1189,São José do Rio Preto,1550.8,817,36.35959056519804,1199,51.4813224559897,Jair → Jair
1897,1947,1954,2130,2250,2213,3464,2092,2128,2217,2308,2386,2421,2079,15,89,2.375266390200707,112,48,3162,15,26,359,582,3520806,1492,66.31111111111112,1823,82.37686398553998,1656,69.40486169321039,1753,72.40809582817018,5,-9.968768157369809,Inúbia Paulista,176722809.0,48885.98,3615.0,199,390,603,668,Presidente Prudente,1419.58,1286,58.0063148398737,1726,74.78336221837088,Jair → Jair
6832,6874,6878,7003,7657,7348,12202,6777,7045,7221,7436,7851,7897,6738,9,137,2.667358989867047,359,163,10000,38,20,1564,2635,3520905,4383,57.24173958469375,5575,75.87098530212303,4415,56.23487453827538,4888,61.89692288210713,20,-13.974062420015905,Ipaussu,678117975.0,49454.34,13712.0,798,1773,2786,3009,Marília,1441.01,3167,43.858191386234594,4801,64.56428187197417,Jair → Jair
11442,11985,11997,12250,13748,13156,20749,13445,14256,14501,14453,15435,15466,13031,17,288,1.0000867981545838,891,358,21612,119,93,4238,6796,3521002,6983,50.79284259528659,8473,64.40407418668288,7110,46.06413994169096,8039,51.97853355748092,31,-12.425540629201954,Iperó,1291002665.0,35409.71,36459.0,3096,4683,6964,7427,Sorocaba,1304.0,4155,28.653196331287496,7657,52.978620355635506,Jair → Jair
3206,3409,3385,3509,3794,3696,6070,3688,3831,3873,3994,4195,4233,3701,12,157,0.8713696578413561,267,149,5857,31,29,844,1155,3521101,2616,68.95097522403796,2952,79.87012987012987,2716,64.74374255065554,2972,70.21025277580912,14,-9.659877094320748,Ipeúna,1055775919.0,154556.57,6831.0,491,744,1202,1261,Campinas,1722.53,2349,60.650658404337726,2839,71.08162243365048,Jair → Jair
2325,2467,2453,2631,2834,2806,4162,2825,2984,3040,3135,3295,3321,2869,4,147,0.8431483570550711,255,116,4911,26,23,564,927,3521150,1763,62.20889202540579,2174,77.4768353528154,2125,64.49165402124432,2311,69.5874736525143,17,-7.8893617003010945,Ipiguá,173090620.0,25601.33,6761.0,363,632,962,1010,São José do Rio Preto,1353.73,1431,47.07236842105263,2208,70.43062200956938,Jair → Jair
1833,2012,1953,1968,2138,2008,3387,2101,2229,2184,2268,2314,2353,2047,0,9,1.2527817316030934,15,17,3358,21,10,949,1268,3521200,709,33.161833489242284,813,40.48804780876494,853,36.86257562662057,1008,42.83892902677433,0,2.350881218009391,Iporanga,70828696.0,17505.86,4046.0,749,1195,1279,1345,Sorocaba,1124.95,594,27.197802197802197,1000,44.091710758377424,PT → PT
6295,6650,6494,6923,7620,7451,11348,7472,7962,7945,8401,8730,8885,7194,4,115,2.910255947368597,405,105,11239,37,25,3149,4312,3521309,3710,48.68766404199475,4408,59.15984431619917,3640,41.695303550973655,4066,45.762521102982554,15,-13.397323213216616,Ipuã,589809580.0,40805.98,14454.0,2232,3043,4636,4819,Ribeirão Preto,1452.66,2870,36.12334801762115,4089,48.67277705035115,Jair → PT
11047,11670,11630,12033,13354,12871,20094,12169,13015,13017,13518,14230,14244,12294,36,257,1.4424089045739237,1244,346,17628,181,124,3179,4032,3521408,8952,67.03609405421597,10139,78.77398803511771,9083,63.82993675333802,9790,68.73069362538612,49,-10.043294409731587,Iracemápolis,2403777589.0,109426.76,21967.0,1537,2732,4206,4454,Campinas,1866.43,8163,62.71030191288315,9486,70.17310252996005,Jair → Jair
2984,3170,3024,3499,3711,3780,5171,3387,3544,3634,4019,3979,4193,3392,7,187,1.423206380709999,222,131,5492,20,39,782,1070,3521507,2426,65.37321476690919,2891,76.48148148148148,2706,68.00703694395577,3017,71.95325542570951,8,-4.528226055771967,Irapuã,282415637.0,41126.49,6867.0,582,889,1146,1176,São José do Rio Preto,1334.09,2153,59.246009906439184,2949,73.37646180641951,Jair → Jair
2962,3034,3123,3308,3579,3473,5160,2985,3106,3247,3449,3541,3578,3035,7,113,1.6895476544671268,216,66,4564,12,8,968,1298,3521606,2039,56.97122101145571,2364,68.06795277857759,1966,55.5210392544479,2171,60.6763555058692,28,-7.391597272708388,Irapuru,142421744.0,20101.87,7085.0,705,1109,1341,1407,Presidente Prudente,1356.24,1606,49.461040960886976,2151,62.36590316033633,Jair → Jair
8894,9418,9367,9332,10390,9868,16483,9444,9828,9776,10217,10590,10777,9259,8,151,0.753570504191913,717,168,13517,28,28,4230,4685,3521705,4929,47.43984600577478,6066,61.47142278070531,5145,48.58356940509915,5754,53.391481859515636,18,-8.079940921189674,Itaberá,1058158523.0,58842.16,17983.0,2882,3802,4831,5023,Sorocaba,1205.06,4593,46.98240589198036,5532,54.14505236370755,Jair → Jair
8634,9320,9822,10429,11473,11139,16788,10265,11237,11516,12403,12611,12962,10394,9,229,0.40407436106283257,561,338,16752,53,71,4826,6293,3521804,4933,42.99660071472152,6556,58.85627076039142,5450,43.216239790658946,6333,48.85820089492362,20,-9.998069865467798,Itaí,1082752493.0,43000.5,25180.0,2560,4583,6206,6629,Sorocaba,1400.91,4027,34.968739145536645,6110,49.26227525598645,Jair → PT
6814,7231,7174,8012,8494,8474,12373,8028,8509,8770,9194,9411,9642,8247,31,390,1.566031290213573,901,373,12338,41,120,1544,2237,3521903,5961,70.17894984695079,7102,83.8092990323342,6566,69.76941876527468,7145,74.10288321924912,19,-9.706415813085073,Itajobi,1278534349.0,75256.6,16989.0,724,1372,2313,2497,São José do Rio Preto,1572.71,4700,53.59179019384265,6957,75.6689145094627,Jair → Jair
1772,1891,1828,1974,2075,2025,3232,1937,2087,2055,2148,2258,2291,1940,0,51,0.7917590246670017,105,36,3178,8,5,531,779,3522000,1292,62.265060240963855,1502,74.17283950617283,1319,58.41452612931798,1442,62.941946748144915,2,-11.23089275802792,Itaju,308304551.0,85214.08,3618.0,364,523,799,849,Bauru,1371.85,952,46.32603406326034,1369,63.733705772811916,Jair → Jair
37622,39181,41741,44068,47032,46098,70961,49135,51650,52795,54506,57652,57648,49166,138,1457,0.05641797154915196,5179,1675,85246,391,354,18377,24503,3522109,25454,54.12059874128253,31784,68.94876133454814,27950,48.48053840283078,31700,54.98889814043852,270,-13.959863194109616,Itanhaém,2956406115.0,26284.77,112476.0,7366,14314,24162,25948,São Paulo,1374.2,22763,43.11582536225021,30003,55.045316111987674,Jair → Jair
1732,1804,1841,1769,1983,1798,3328,1840,2000,1987,2049,2118,2103,1841,0,15,0.7186971968511813,31,21,2996,0,8,980,1134,3522158,537,27.080181543116492,888,49.38820912124583,859,40.55712936732767,924,43.93723252496434,2,-5.4509765962814924,Itaoca,67981734.0,19866.08,3422.0,701,910,1149,1179,Sorocaba,1008.01,689,34.675390035228986,915,44.65592972181552,PT → PT
61366,64833,67423,71072,80055,76756,115419,75314,80307,82152,86710,92314,92414,72447,208,1845,-0.3100945985252963,4447,1898,124100,670,489,39959,50174,3522208,32460,40.54712385235151,41677,54.298035332742714,32388,35.084602552158934,39226,42.4459497478737,335,-11.852085584869016,Itapecerica da Serra,6215133643.0,39206.76,158522.0,21104,35079,49701,53188,São Paulo,1248.65,26273,31.980962118998928,36536,42.1358551493484,Jair → PT
62521,66127,66987,69539,75827,73492,113408,73994,80525,77792,82471,85772,86668,74297,133,2172,0.424513953139666,9245,1993,114292,537,556,19905,26647,3522307,48223,63.59608055178235,57906,78.79224949654385,51589,60.14666791027375,58297,67.26473438870171,241,-11.527515107842135,Itapetininga,7962801863.0,50464.55,157790.0,6565,15586,25764,28371,Sorocaba,1671.4,44474,57.17040312628548,55824,67.68924834184138,Jair → Jair
43938,44117,44333,43848,49072,46107,77784,45709,46582,47074,49760,51549,52225,44480,63,957,0.904987501519976,4530,1527,68623,242,222,13966,17913,3522406,26732,54.47505705901533,34188,74.14926150042292,29115,56.48024209974975,32952,63.09621828626137,117,-11.053043214161555,Itapeva,4558511821.0,50803.67,89728.0,6159,11919,18108,19273,Sorocaba,1443.07,23803,50.56506776564558,31847,64.00120578778134,Jair → Jair
79250,85454,88030,93529,103543,100184,147554,105848,109886,110487,113824,122712,122212,98080,176,1745,1.0918154158366207,5781,2143,168564,875,550,45326,62729,3522505,44652,43.124112687482494,57076,56.97117304160345,44409,36.18961470760806,53526,43.79766307727555,202,-13.173509964327899,Itapevi,15615097192.0,67220.4,232297.0,29213,43108,65327,68686,São Paulo,1138.47,29855,27.021278521455013,51095,44.88947849311217,Jair → PT
31765,31636,32428,35304,38640,37767,56060,34297,34432,35931,38778,40783,41757,33230,102,2982,0.21507973838201622,4522,1836,53426,392,319,8741,12577,3522604,25183,65.17339544513457,30289,80.19964519289327,24638,60.41242674643847,28124,67.35158177072108,265,-12.848063422172189,Itapira,6365973525.0,88389.29,72022.0,2497,7478,12168,13633,Campinas,1823.28,19615,54.590743369235476,26201,67.5666615091031,Jair → Jair
1875,1934,2050,2093,2192,2127,3598,1940,2188,2274,2413,2443,2504,2039,0,13,5.202649651978305,48,25,3311,4,3,1045,1239,3522653,746,34.03284671532847,1128,53.03244005641749,913,37.37208350388866,1088,43.45047923322684,1,-9.581960823190656,Itapirapuã Paulista,77308055.0,17953.57,4306.0,924,999,1402,1416,Sorocaba,1084.01,433,19.041336851363237,1174,48.65312888520514,Jair → PT
16060,16591,16667,18116,20093,19871,28531,18635,18762,19471,21517,21907,22661,18163,57,1257,1.5289681891370037,2046,982,28948,149,102,4641,6179,3522703,13535,67.36176777982382,15842,79.7242212269136,14089,64.31277673802894,15807,69.75420325669653,98,-9.970017970217071,Itápolis,2524858407.0,63931.8,39493.0,1980,4029,6331,6854,Araraquara,1675.41,11955,61.39900364644856,15338,71.28317144583353,Jair → Jair
6349,6730,6936,7202,7785,7504,11906,6942,7367,7474,7992,8125,8347,6923,11,194,0.7469596708245376,432,167,11030,41,26,2403,3279,3522802,4005,51.445086705202314,5204,69.3496801705757,4301,52.93538461538461,4860,58.22451180064694,19,-11.125168369928758,Itaporanga,408306917.0,28988.78,14085.0,1324,2300,3237,3487,Sorocaba,1283.91,3396,45.43751672464544,4713,58.971471471471475,Jair → Jair
5345,5566,5719,5855,6522,6202,9846,6349,6712,6756,7009,7469,7452,6361,9,149,1.3438362010901272,342,192,9485,28,18,1788,2814,3522901,3991,61.192885617908615,4711,75.95936794582393,3953,52.925425090373544,4360,58.5077831454643,10,-17.451584800359626,Itapuí,1311337801.0,96005.4,13659.0,804,1491,2932,3092,Bauru,1421.09,2745,40.63055062166963,4195,59.85161934655443,Jair → Jair
1985,2084,2096,2156,2439,2360,3521,2085,2235,2304,2359,2507,2499,2076,1,23,0.41405286150068576,55,41,3645,7,7,1295,1696,3523008,620,25.420254202542026,782,33.13559322033898,589,23.494216194654967,692,27.691076430572227,1,-5.444516789766755,Itapura,209348725.0,52613.4,3979.0,1269,1578,1721,1807,Araçatuba,1299.95,427,18.53298611111111,663,28.105129292072913,PT → PT
131156,129884,131502,141551,160319,154424,221751,154963,157814,162668,172817,185605,186528,143683,236,3840,-0.5947846460794182,9650,4806,258016,1268,856,71148,93088,3523107,71464,44.57612634809349,90182,58.398953530539295,72868,39.259718218797985,87164,46.72971350145823,509,-11.669240029081067,Itaquaquecetuba,11979259765.0,32439.94,369275.0,41213,64242,93775,99364,São Paulo,1101.16,50761,31.20527700592618,79729,46.13492885537881,Jair → PT
22102,22561,21642,21933,24309,23027,39368,22847,23010,22876,24097,25013,25376,21581,15,426,0.7597472405689487,1521,560,33824,102,72,6621,8614,3523206,13987,57.53836027808631,17141,74.43870239284318,13921,55.655059369128054,16112,63.49306431273644,32,-10.94563808010674,Itararé,1406445260.0,31649.61,44438.0,2913,5886,8638,9264,Sorocaba,1297.43,11773,51.46441685609372,15483,64.25281155330539,Jair → Jair
4875,5412,5490,5531,5917,5697,9400,5907,6283,6180,6337,6666,6615,5958,8,70,1.213001042122528,323,130,9811,38,28,1696,2388,3523305,3361,56.802433665708975,3992,70.07196770229946,3761,56.42064206420642,4042,61.10355253212396,22,-8.968415170175497,Itariri,400626557.0,25800.27,15528.0,895,1705,2426,2573,São Paulo,1027.49,3210,51.94174757281554,3949,62.31655357424649,Jair → Jair
48926,41638,49339,52199,57818,55729,84838,55063,57000,57944,60658,64389,64637,53694,164,3641,0.30458120281831214,9015,3523,85255,1425,1159,13122,20079,3523404,35782,61.88730153239476,44476,79.80764054621471,37409,58.09843296215192,43044,66.5934371954144,490,-13.214203350800318,Itatiba,10327467002.0,84936.81,121590.0,4263,11253,19338,21593,Campinas,2282.1,29392,50.72483777440287,40579,66.89801839823271,Jair → Jair
8227,8365,8567,8743,9709,9295,15031,8393,8969,9071,9558,10194,10380,8335,34,231,0.9438269790642337,781,317,14029,61,66,2491,3791,3523503,5510,56.75146771037182,6814,73.30823023130715,5388,52.85462036492054,6165,59.39306358381503,34,-13.915166647492121,Itatinga,601160989.0,31523.91,19070.0,1137,2481,3987,4215,Bauru,1388.79,3897,42.96108477565869,5767,60.33689056287926,Jair → Jair
5609,5996,5906,6184,6892,6604,10008,6084,6524,6762,7074,7476,7551,6078,22,244,1.099849269243947,544,213,10412,47,44,2011,2817,3523602,4048,58.73476494486361,4739,71.7595396729255,3995,53.437667201712145,4461,59.078267779102106,104,-12.681271893823393,Itirapina,1570273265.0,97242.59,16148.0,1099,1865,2961,3090,Araraquara,1659.02,3261,48.225377107364686,4257,60.17811704834605,Jair → Jair
2958,3015,3059,3094,3351,3276,5280,3087,3305,3400,3641,3659,3756,3143,1,80,1.5237215255554446,143,84,5150,26,7,1261,1924,3523701,1494,44.58370635631155,1845,56.31868131868132,1536,41.97868270019131,1714,45.63365282215123,2,-10.685028496530094,Itirapuã,190876434.0,33029.32,5779.0,957,1431,1906,2042,Ribeirão Preto,1202.12,995,29.264705882352942,1717,47.15737434770667,Jair → PT
3425,3683,3669,3856,4324,4208,6192,4044,4147,4132,4332,4648,4623,3786,9,116,0.8071919098953018,268,71,6009,13,10,1499,1871,3523800,2232,51.61887141535615,2783,66.13593155893535,2302,49.526678141135974,2589,56.00259571706684,7,-10.133335841868515,Itobi,251137683.0,31212.74,8046.0,988,1425,2022,2034,Campinas,1439.31,1717,41.553727008712485,2461,56.80978762696214,Jair → Jair
71753,73921,74622,76904,86439,83079,127769,77860,83565,84028,87548,93650,93655,78319,296,3789,0.5133938413831629,9842,3387,128489,812,823,22424,30982,3523909,53893,62.34801420655028,64175,77.24575404133415,53081,56.680192205018685,60031,64.0980193262506,434,-13.147734715083558,Itu,14012530257.0,83288.93,168240.0,9396,18904,30597,33624,Sorocaba,1874.09,44019,52.38610939210739,56566,64.61141316763376,Jair → Jair
22954,24074,24363,25995,28823,28237,40170,28824,29683,30387,31655,33875,34037,28136,86,1519,1.261940007335994,3199,1227,48444,341,270,7757,11249,3524006,18109,62.82829684626861,21693,76.82473350568404,19034,56.18892988929889,21512,63.20180979522284,194,-13.622923710461194,Itupeva,10529260248.0,149105.87,70616.0,4037,6544,11532,12525,Campinas,2035.47,15166,49.909500773357024,20406,64.46374980255884,Jair → Jair
16474,17047,17049,17337,19461,18573,29890,17725,18970,19035,20073,20791,21158,17682,48,941,1.0326918242883707,1373,498,27436,161,137,5905,7761,3524105,11370,58.42454139047325,13229,71.22705001884457,11363,54.653455822230775,12759,60.303431326212305,77,-10.92361869263226,Ituverava,2218625130.0,59051.53,37571.0,3360,5344,7924,8399,Ribeirão Preto,1788.4,9246,48.57368006304176,12312,61.336123150500676,Jair → Jair
2733,3096,2895,3187,3464,3412,4654,3269,3441,3695,3820,3977,4060,3232,8,88,3.7763392051169618,145,128,5011,17,11,1117,1698,3524204,1859,53.6662817551963,2132,62.48534583821805,1920,48.277596178023636,2102,51.77339901477833,2,-10.711946823439725,Jaborandi,247094751.0,39719.46,6221.0,949,1280,1876,1958,Ribeirão Preto,1584.97,1169,31.637347767253043,2122,55.54973821989529,Jair → Jair
30188,30777,32128,32891,36221,34543,56754,33411,35020,35919,37609,38852,39317,33750,105,1947,0.07743544103119859,2743,1030,51062,202,163,9706,13444,3524303,22453,61.988901466000385,26606,77.02284109660424,22218,57.18624523834037,25232,64.17580181600835,121,-12.847039280595894,Jaboticabal,4156253295.0,57869.61,71821.0,3600,7937,12713,14085,Ribeirão Preto,1948.36,17894,49.81764525738467,24165,64.25323725703954,Jair → Jair
101537,104094,106048,107804,120423,114551,187046,113570,118022,121557,125928,132046,132579,114713,348,5993,0.17319835166424724,11887,4802,171299,1108,1063,35248,46868,3524402,71859,59.672155651329064,88982,77.67893776571134,71611,54.23185859473214,83006,62.608708769865515,882,-15.070228995845824,Jacareí,19692996445.0,81960.24,240275.0,11821,25569,44402,49573,São José dos Campos,1799.5,59933,49.304441537714816,79060,62.78190712152976,Jair → Jair
3422,3528,3409,3448,3904,3659,6216,3781,3940,3912,4123,4300,4414,3620,3,113,3.3434013289358546,175,90,5829,7,34,862,1522,3524501,2144,54.91803278688525,2694,73.62667395463241,2315,53.83720930232558,2637,59.74173085636611,13,-13.884943098266298,Jaci,880800415.0,115696.89,7613.0,556,965,1643,1777,São José do Rio Preto,1443.85,1715,43.83946830265849,2601,63.085132185301966,Jair → Jair
7347,8004,8007,8068,8776,8409,14169,8242,8680,8630,8875,9218,9255,8317,16,185,0.34482769116047507,511,284,12371,188,107,2242,2828,3524600,5338,60.824977210574296,6358,75.6094660482816,5772,62.61661965719245,6274,67.79038357644517,29,-7.819082471836438,Jacupiranga,698900817.0,43418.08,16097.0,1184,2051,2799,2981,Sorocaba,1256.95,4807,55.70104287369641,6047,68.13521126760564,Jair → Jair
22217,23849,24565,25478,28301,27434,41835,27496,29955,30138,31377,33446,33379,27932,89,1824,1.5285140245138251,4080,1661,45265,537,479,7364,10623,3524709,18133,64.07194092081552,21336,77.77210760370343,18943,56.63756503019793,21568,64.6154767967884,257,-13.156630806915032,Jaguariúna,14680877677.0,247373.54,59347.0,2912,6098,10736,11811,Campinas,2045.01,16018,53.148848629637,20754,66.14399082130222,Jair → Jair
22274,21092,22117,23760,25948,25281,37326,23199,24093,25539,27177,27742,28422,23769,80,4184,0.3096088225268403,2320,1716,36152,113,346,5829,8557,3524808,16319,62.89116694928318,19587,77.47715675803964,17315,62.414389733977366,19385,68.20420800788122,75,-9.27294875015842,Jales,2590208251.0,53104.15,48776.0,3021,5694,8221,9037,São José do Rio Preto,2077.24,13765,53.89795998277145,18620,68.51381683040806,Jair → Jair
3130,3250,3235,3314,3629,3439,5770,3304,3444,3446,3581,3784,3770,3277,5,101,2.509257153692829,363,179,5002,44,17,929,1296,3524907,2237,61.64232570956186,2732,79.44169816807211,2075,54.83615221987315,2311,61.29973474801061,15,-18.1419634200615,Jambeiro,461642156.0,72165.41,6397.0,345,707,1341,1459,São José dos Campos,1751.77,1852,53.74347069065583,2285,63.808991901703436,Jair → Jair
41593,45609,47477,51135,55764,53322,79509,49889,53657,54454,57603,60791,60890,48754,139,1359,0.7146687707157611,3723,1474,76093,533,377,21721,28860,3525003,25499,45.7266336704684,32976,61.843141667604364,25078,41.2528170288365,29948,49.18377401872229,174,-12.659367648882075,Jandira,5547106684.0,46991.46,118045.0,11727,20346,28770,30942,São Paulo,1628.78,18197,33.41719616557094,28743,49.89844278943805,Jair → PT
13559,14859,15255,16593,18229,18072,25113,17020,18075,18463,20336,21099,21672,17009,71,801,0.7601820606138858,1536,657,29816,127,167,4906,6884,3525102,11795,64.70459158483735,14129,78.18171757414785,12716,60.26825915920186,14171,65.38851974898486,71,-12.793197825162991,Jardinópolis,2398612345.0,52970.55,45282.0,1842,3943,6812,7501,Ribeirão Preto,1536.17,10170,55.08313925147593,13452,66.14870180959875,Jair → Jair
12079,12809,12924,13518,15328,15005,21919,15664,16829,16839,17670,18808,19012,15546,50,660,1.7114237920326971,1595,707,26785,130,195,4369,6144,3525201,9435,61.55401878914405,11346,75.61479506831056,10780,57.316035729476816,12076,63.517778245318745,93,-12.097016822991812,Jarinu,3546443823.0,94483.65,37535.0,2210,3659,6486,6936,Campinas,1368.78,8773,52.09929330720352,11526,65.22920203735144,Jair → Jair
59553,60322,62019,65520,72360,70043,106942,65541,70793,70014,74249,77762,78807,67048,392,2783,0.38134850143528354,9211,3237,98925,493,774,14691,20598,3525300,49130,67.89662797125483,57771,82.47933412332425,51027,65.61945423214424,56644,71.87686373037928,371,-10.602470392944966,Jaú,6542932931.0,49011.83,133497.0,4945,12272,19992,22163,Bauru,1751.62,41975,59.95229525523467,53651,72.25821223181457,Jair → Jair
1886,1963,1921,1851,2132,1976,3381,2148,2241,2254,2316,2404,2397,2116,2,41,2.6996180458734074,51,36,3345,6,0,639,1152,3525409,877,41.13508442776735,1114,56.37651821862348,1047,43.552412645590685,1140,47.55944931163955,2,-8.817068906983934,Jeriquara,308788507.0,79934.9,3863.0,639,862,1221,1257,Ribeirão Preto,1491.08,676,29.991126885536822,1164,50.259067357512954,Jair → PT
5619,5753,5766,5966,6511,6353,9887,6107,6542,6473,6925,7282,7370,6131,24,213,0.7698298791568874,695,242,9463,47,38,1510,2245,3525508,4068,62.47888189218246,5122,80.62332756178184,4425,60.76627300192255,4924,66.81139755766621,13,-13.811930004115624,Joanópolis,335736757.0,26198.73,12815.0,524,1231,2232,2446,Campinas,1780.73,3658,56.511663834389,4680,67.5812274368231,Jair → Jair
2079,2202,2196,2250,2415,2280,3911,2191,2345,2386,2469,2579,2598,2187,8,50,4.607666239195119,73,39,3514,8,0,740,1020,3525607,1121,46.418219461697724,1403,61.53508771929825,1288,49.94183792167507,1405,54.08006158583526,1,-7.455026133462987,João Ramalho,186999917.0,42781.95,4371.0,649,877,1151,1193,Presidente Prudente,1261.53,1131,47.40150880134116,1449,58.68772782503038,Jair → Jair
14577,15218,15647,17341,17995,18041,26091,17101,18663,19089,20260,20663,21233,17586,38,654,1.459296233223725,1846,790,27328,141,141,4189,6687,3525706,11106,61.71714365101417,13648,75.64990854165512,12381,59.918695252383486,13915,65.53478076578911,50,-10.115127775866014,José Bonifácio,1940540325.0,52972.47,36633.0,2206,4393,6792,7318,São José do Rio Preto,1697.31,9054,47.43045733144743,13573,66.99407699901283,Jair → Jair
2259,2310,2306,2273,2593,2460,3837,2369,2553,2666,2685,2876,2853,2371,2,25,1.3305997607144846,95,51,3697,11,5,925,1439,3525805,1267,48.86232163517162,1373,55.8130081300813,1188,41.307371349095966,1286,45.07535927094287,3,-10.737648859138432,Júlio Mesquita,82839206.0,19473.25,4254.0,775,1087,1541,1567,Marília,1240.61,727,27.269317329332335,1246,46.40595903165735,Jair → PT
1442,1493,1511,1518,1676,1587,2654,1565,1641,1673,1758,1790,1798,1567,3,38,2.352822817920554,124,31,2458,22,4,349,558,3525854,1038,61.933174224343674,1242,78.26086956521739,1059,59.16201117318436,1185,65.90656284760846,4,-12.354306717608935,Jumirim,287950527.0,94224.65,3056.0,205,345,598,613,Sorocaba,1366.75,721,43.09623430962343,1200,68.25938566552901,Jair → Jair
188660,195294,199553,207584,229973,221970,346037,216937,226871,231665,237942,252425,251435,218192,860,11404,0.09431743895761713,21570,7425,337028,2578,1830,62294,86230,3525904,142656,62.03162980002,173143,78.00288327251431,138594,54.9050212934535,160078,63.66575854594627,1386,-14.337124726568042,Jundiaí,65418378096.0,147597.65,443221.0,21448,48827,80401,91357,Campinas,2774.36,113581,49.028122504478446,151712,63.760075984903885,Jair → Jair
8238,8506,8827,9192,10116,9681,15088,8833,9275,9654,9987,10232,10464,9010,17,353,2.3362280368148305,839,222,14152,40,67,2015,3089,3526001,6139,60.68604191379992,7384,76.27311228178907,6269,61.268569194683344,6983,66.7335626911315,26,-9.539549590657572,Junqueirópolis,940870636.0,46012.84,20448.0,1336,2297,3257,3481,Presidente Prudente,1638.65,4745,49.15061114563911,6898,69.06979072794633,Jair → Jair
8132,9190,9166,9279,9929,9437,15893,9690,10272,10163,10400,10872,10779,9824,9,138,1.3720696225566797,505,141,15252,74,34,2982,3872,3526100,5791,58.32410111793735,6815,72.21574652961746,6149,56.55813097866078,6618,61.39716114667409,11,-10.818585382943375,Juquiá,446417514.0,26024.11,17154.0,1377,2622,3943,4161,Sorocaba,1160.51,5366,52.79937026468563,6528,62.76923076923077,Jair → Jair
12835,13847,13668,13773,15411,14420,23559,15013,15911,15707,16178,17213,17087,14366,30,285,1.5859171272759625,739,337,22853,66,79,5826,7760,3526209,6663,43.23535137239634,8993,62.36477115117892,7395,42.96171498286179,8620,50.44770878445602,66,-11.917062366722902,Juquitiba,660665184.0,24108.35,27404.0,3043,5427,8038,8467,São Paulo,1076.35,5743,36.56331571910613,8418,52.03362591173198,Jair → Jair
3274,3438,3452,3404,3768,3393,6052,3579,3807,3748,3847,3989,3973,3450,2,35,1.3952641468461664,161,32,5480,18,9,975,1666,3526308,1569,41.640127388535035,2444,72.03065134099617,1875,47.00426171972926,2197,55.29826327712056,4,-16.73238806387561,Lagoinha,101410723.0,19950.96,5083.0,408,949,1532,1776,São José dos Campos,1368.11,1073,28.628601921024547,2181,56.69352742396673,Jair → Jair
12403,12838,13117,13242,14905,14398,23258,13359,14070,14367,14924,15784,15911,13661,58,711,1.8797130567864428,1494,639,20806,97,145,2697,3915,3526407,9908,66.47433747064743,11916,82.76149465203501,10438,66.13025848960973,11438,71.88737351517818,50,-10.874121136856829,Laranjal Paulista,1688979269.0,64315.12,26261.0,1219,2482,4206,4473,Campinas,1556.49,8984,62.53219182849586,11009,73.76708657196463,Jair → Jair
2338,2407,2460,2596,2785,2721,4135,2519,2639,2743,2808,2892,2927,2543,3,58,2.0979762054241036,175,43,3889,7,1,752,1241,3526506,1388,49.83842010771993,1728,63.50606394707828,1421,49.13554633471646,1572,53.7068670994192,1,-9.799196847659083,Lavínia,262293976.00000003,27071.32,9689.0,718,993,1293,1355,Araçatuba,1527.78,971,35.399197958439665,1567,55.8048433048433,Jair → Jair
3832,4037,3983,3877,4460,4077,6833,4142,4463,4448,4448,4799,4786,4070,6,85,2.1956181398383166,247,116,6106,23,33,1119,2065,3526605,2075,46.52466367713004,2698,66.17610988471915,2097,43.69660345905397,2459,51.379022147931465,19,-14.797087736787688,Lavrinhas,169896176.0,23692.12,7171.0,631,1379,2241,2327,São José dos Campos,1164.45,1228,27.607913669064747,2383,53.57464028776978,Jair → Jair
40884,44104,42535,45288,51026,49313,72972,44597,46579,48295,52473,54930,56004,44719,120,1766,0.9862870245663231,3892,2028,72965,540,448,12962,17768,3526704,32198,63.10116411241328,38007,77.07298278344453,32298,58.798470780993995,36488,65.15248910792086,474,-11.920493675523673,Leme,4938511737.0,50310.32,98161.0,6246,11306,17762,19516,Campinas,1577.91,27506,56.95413603892742,34705,66.13877613248718,Jair → Jair
31518,30971,32237,33318,36249,34897,56336,32697,34374,35082,36640,38525,38944,33781,66,3281,0.5101514031568826,3475,1601,50842,233,324,6376,9197,3526803,24436,67.41151480040828,29023,83.1676075307333,26103,67.75600259571706,28970,74.38886606409203,149,-8.778741466641279,Lençóis Paulista,6564647742.0,98709.09,66505.0,2692,5874,9201,9974,Bauru,1795.57,20563,58.614104098968134,27443,74.89901746724891,Jair → Jair
134177,137908,137260,145291,159011,154632,235591,150209,159454,157678,167419,173701,176126,150429,381,4688,0.29907560324149074,15018,4725,219193,1579,1509,34373,43941,3526902,111964,70.41273874134494,127375,82.37298877334575,116868,67.28113252082602,129373,73.45479940497144,696,-8.918189368374314,Limeira,20876940083.0,71528.46,291869.0,14451,27257,42807,46753,Campinas,1932.42,102782,65.18474359136975,123478,73.75387500821293,Jair → Jair
3670,3762,3708,3893,4120,4026,6648,3994,4174,4219,4269,4458,4472,4034,9,169,1.53512383447503,432,205,5884,24,35,689,1185,3527009,2806,68.10679611650485,3300,81.9672131147541,2877,64.53566621803499,3162,70.70661896243291,10,-11.26059415232119,Lindóia,405308216.0,57785.6,7014.0,332,726,1264,1310,Campinas,1690.27,1943,46.053567196018015,3084,72.24174279690794,Jair → Jair
34309,33821,34373,35640,39121,37992,58272,35144,35947,37289,39136,40783,41387,35628,109,3181,0.43137665522023383,5479,1843,53917,325,229,7909,10857,3527108,27727,70.87497763349607,31675,83.37281532954306,26867,65.87793933746904,29727,71.82690216734723,153,-11.54591316219583,Lins,8610362609.0,115144.13,74779.0,2842,6317,10737,11660,Bauru,1864.07,23310,62.51173268256054,28279,72.25827882256746,Jair → Jair
38419,39445,40202,40536,45594,42808,68835,41259,43933,43859,45945,48045,48459,41768,105,1814,0.26565870814305015,6796,1808,61282,525,426,10875,15795,3527207,28040,61.49932008597622,33879,79.14174920575593,27742,57.74170048912478,31671,65.35628056707732,231,-13.785468638678608,Lorena,4501317953.0,53047.17,84855.0,3690,8929,15040,16788,São José dos Campos,1673.5,23243,52.99482432339999,30150,65.62193927522037,Jair → Jair
1243,1224,1274,1299,1389,1332,2264,1308,1354,1378,1393,1420,1441,1299,3,35,1.190198040863585,55,24,1879,10,6,335,518,3527256,714,51.40388768898488,904,67.86786786786787,803,56.54929577464789,888,61.62387231089521,5,-6.2439955569726635,Lourdes,55440123.0,28430.83,1950.0,342,428,529,553,Araçatuba,1400.55,521,37.808417997097244,875,62.814070351758794,Jair → Jair
19858,20900,21450,23072,25051,24561,36104,24111,25800,26230,27532,29260,29376,24372,128,1851,1.4059931687334242,2909,1131,39293,317,289,7001,9600,3527306,15593,62.245020158875896,18600,75.72981556125565,16703,57.08475734791524,18720,63.72549019607843,201,-12.004325365177216,Louveira,20154612051.0,388732.46,51847.0,3616,5961,9798,10656,Campinas,2025.97,14011,53.415935951200915,17932,65.13148336481186,Jair → Jair
7518,7930,8003,8493,9287,9022,14067,8319,8838,9092,9616,9931,10103,8540,38,392,1.1537908708357207,725,202,13601,43,51,2600,3385,3527405,5784,62.28060730052762,6931,76.82332077144757,5736,57.75853388379821,6430,63.64446204097793,32,-13.178858730469642,Lucélia,600068339.0,29912.18,20061.0,1211,2091,3389,3673,Presidente Prudente,1571.18,4867,53.5305763308403,6231,64.79825291181365,Jair → Jair
1255,1302,1295,1317,1474,1406,2240,1424,1489,1509,1521,1623,1594,1427,1,27,1.8682402863466407,55,27,2146,10,6,633,713,3527504,713,48.37177747625509,914,65.00711237553342,767,47.25816389402341,817,51.254705144291094,4,-13.75240723124233,Lucianópolis,138654329.0,58454.61,2372.0,339,492,780,777,Bauru,1464.02,507,33.59840954274354,808,53.122945430637735,Jair → Jair
5216,5495,5417,5426,6355,6041,9493,6338,6699,6609,6816,7263,7312,6108,13,159,2.278170298229938,331,153,10074,55,19,2144,3029,3527603,3385,53.265145554681354,3940,65.22098990233405,3384,46.592317224287484,3896,53.282275711159734,9,-11.93871419117432,Luís Antônio,2385616849.0,194506.06,12265.0,1353,2101,3302,3416,Ribeirão Preto,1381.42,2623,39.68830382811318,3787,55.56044600938967,Jair → Jair
2460,2536,2418,2497,2728,2642,4180,2565,2735,2698,2894,2907,2967,2536,6,67,1.5614048940557623,91,70,3796,5,4,834,1216,3527702,1454,53.2991202346041,1772,67.07040121120363,1502,51.668386652906776,1674,56.4206268958544,2,-10.649774315349234,Luiziânia,117808607.0,25060.33,4701.0,626,870,1240,1293,Araçatuba,1314.88,1115,41.32690882134915,1678,57.98203178991016,Jair → Jair
2161,2204,2165,2167,2384,2262,3848,2277,2380,2383,2455,2570,2567,2239,2,65,2.9093690321382866,105,25,3317,14,3,792,1081,3527801,1293,54.236577181208055,1470,64.9867374005305,1229,47.82101167315175,1362,53.05804440981691,1,-11.928692990713593,Lupércio,115243875.0,28948.47,3981.0,553,792,1193,1205,Marília,1073.89,956,40.117498950902224,1374,55.967413441955195,Jair → Jair
1523,1567,1541,1600,1725,1678,2717,1631,1698,1761,1802,1859,1879,1656,1,37,0.033875198688228636,63,31,2377,9,4,707,851,3527900,818,47.42028985507246,1001,59.654350417163286,919,49.435180204410976,991,52.74081958488558,2,-6.913530832277708,Lutécia,135644625.0,50975.06,2661.0,498,677,865,888,Marília,1451.06,710,40.31800113571834,951,52.77469478357381,Jair → Jair
7657,8336,8344,8521,9462,9043,14756,8524,8930,9027,9423,9991,10006,8619,19,432,0.9587084425562438,931,306,12416,75,43,2047,2862,3528007,6050,63.93997040794758,7084,78.33683512108813,6231,62.36612951656491,6871,68.66879872076754,33,-9.668036400320588,Macatuba,691847287.0,41110.42,16829.0,1132,1959,3000,3135,Bauru,1555.42,5190,57.494184114323694,6561,69.62750716332378,Jair → Jair
3314,3426,3332,3791,4102,4015,5512,3924,4132,4184,4420,4627,4690,3878,7,130,1.3249042441316305,212,149,5931,23,23,775,1291,3528106,2467,60.14139444173574,3119,77.68368617683686,2972,64.23168359628269,3258,69.46695095948827,5,-8.216735217348585,Macaubal,245038153.0,32754.73,7481.0,473,896,1277,1432,São José do Rio Preto,1516.91,2175,51.98374760994264,3129,70.7918552036199,Jair → Jair
1827,1944,1837,1979,2102,2043,3298,2408,2516,2562,2661,2695,2751,2349,2,85,2.728371398819,142,86,4118,11,1,578,974,3528205,1203,57.23120837297812,1437,70.33773861967694,1486,55.139146567717994,1669,60.668847691748454,1,-9.668890927928487,Macedônia,123749527.0,31226.22,3963.0,369,606,1051,1082,São José do Rio Preto,1428.56,1005,39.2271662763466,1687,63.397219090567454,Jair → Jair
1592,1679,1673,1767,1972,1862,2846,1846,1919,1950,2083,2111,2171,1814,3,69,0.19360075963144396,117,37,2799,21,9,595,871,3528304,1053,53.39756592292089,1282,68.85069817400644,1097,51.96589294173378,1259,57.99170888991248,3,-10.858989284093958,Magda,168948851.0,53380.36,3165.0,353,580,877,912,Araçatuba,1547.56,864,44.30769230769231,1212,58.185309649543925,Jair → Jair
20043,21537,22231,22703,25773,24605,38172,24037,25326,25894,27147,29179,29296,23781,54,868,0.6893358804624512,1657,670,38509,210,83,8840,11913,3528403,13896,53.91688976836224,17565,71.38792928266612,13674,46.862469584290075,16238,55.42736209721464,59,-15.960567185451481,Mairinque,2923463212.0,58437.71,50027.0,3742,7040,12044,13058,Sorocaba,1607.36,10665,41.187147601761026,15234,56.11669797767709,Jair → Jair
32796,36409,36448,38173,42699,41026,62286,40179,43544,44596,45973,48645,48702,41074,521,5031,0.8551797363982487,3501,1548,65854,406,737,13153,17697,3528502,24593,57.59619663223963,30283,73.81416662604202,25893,53.22849213691027,29538,60.65048663299248,246,-13.163679993049541,Mairiporã,2767181265.0,29484.21,93853.0,5566,10743,17784,19164,São Paulo,1825.67,19780,44.3537536998834,28276,61.50566636939073,Jair → Jair
4346,4511,4464,4609,5128,4885,7711,4707,4927,4893,5034,5421,5422,4550,10,87,1.481237067835437,378,216,7104,28,53,1276,1981,3528601,2913,56.80577223088923,3680,75.33265097236438,2853,52.628666297731044,3208,59.16635927701955,13,-16.166291695344825,Manduri,361118423.0,36583.77,9871.0,635,1205,2007,2214,Sorocaba,1661.83,2415,49.35622317596567,3053,60.64759634485499,Jair → Jair
1856,1852,2004,2024,2173,2031,3486,1957,2098,2142,2186,2232,2228,1982,1,41,2.0569939931110497,70,22,3193,12,5,1145,1258,3528700,784,36.07915324436263,974,47.95667159034958,800,35.842293906810035,900,40.394973070017954,0,-7.561698520331625,Marabá Paulista,201667809.0,44099.67,4573.0,868,1057,1305,1328,Presidente Prudente,1197.87,657,30.672268907563026,928,42.451967063129004,PT → PT
6619,6845,6835,7213,7789,7666,12121,7430,7630,7737,7860,8289,8334,7338,18,196,1.5256184085425772,458,203,10419,49,40,2015,2800,3528809,4654,59.75093079984594,5548,72.37151056613618,4833,58.306188925081436,5238,62.850971922246224,12,-9.520538643889957,Maracaí,1039675675.0,82038.64,12673.0,1358,2118,2943,3096,Marília,1465.29,3772,48.752746542587566,5060,64.3765903307888,Jair → Jair
1631,1695,1693,1765,1912,1861,2873,1831,1920,1912,1985,2085,2115,1790,4,62,0.25296103756900834,163,85,2797,19,22,332,468,3528858,1325,69.29916317991632,1587,85.27673293927995,1472,70.59952038369305,1611,76.17021276595744,2,-9.106520173322508,Marapoama,163561590.0,49684.57,3292.0,163,274,491,504,São José do Rio Preto,1526.46,1155,60.40794979079498,1517,76.42317380352645,Jair → Jair
1760,1825,1787,1921,2119,2054,3058,1910,2075,2082,2203,2286,2285,1951,1,28,1.4595772027601157,88,22,2873,3,4,660,904,3528908,997,47.05049551675319,1275,62.07400194741967,1195,52.274715660542434,1314,57.5054704595186,1,-4.568531487901069,Mariápolis,90254596.0,25691.6,3513.0,565,779,930,971,Presidente Prudente,1361.35,928,44.57252641690682,1299,58.965047662278714,Jair → Jair
107667,106776,107262,111601,121616,117660,184726,117411,118734,121892,126587,132359,134203,116600,247,5249,0.15759670519169333,12962,3987,172571,748,603,27888,38503,3529005,81202,66.76917510853835,94124,79.99660037395887,83212,62.868410912744885,93172,69.4261678203915,523,-10.570432553567372,Marília,12507570770.0,52635.31,237627.0,9865,23536,37724,41031,Marília,2024.26,70955,58.21136744002888,88084,69.58376452558319,Jair → Jair
1116,1143,1098,1213,1292,1268,1862,1186,1243,1261,1330,1366,1369,1161,2,60,1.9417059815352857,52,28,1760,3,7,349,594,3529104,584,45.20123839009288,772,60.88328075709779,668,48.90190336749634,731,53.39663988312637,1,-7.4866408739714245,Marinópolis,56364596.0,30303.55,1860.0,323,496,608,638,São José do Rio Preto,1441.96,490,38.858049167327515,736,55.338345864661655,Jair → Jair
11105,11592,11429,12084,12773,12330,18793,12091,12939,12849,13592,13847,14064,12012,25,308,1.6665427900103182,474,230,18083,42,48,3617,4942,3529203,7061,55.2806701636264,8734,70.8353609083536,7885,56.9437423268578,8716,61.973833902161545,35,-8.861527006192063,Martinópolis,949416286.0,38158.28,24881.0,1968,3596,4944,5348,Presidente Prudente,1439.59,6861,53.397151529301894,8650,63.64037669217186,Jair → Jair
34181,35257,37907,40403,43995,43149,65850,40468,42675,43984,46478,48983,49942,40505,150,2767,-0.00822728107019799,3776,1551,63835,418,255,13588,18115,3529302,24195,54.99488578247528,30373,70.39097082203527,26555,54.21268603393014,30481,61.03279804573305,186,-9.358172776302219,Matão,7646780494.0,96754.27,79033.0,7341,12776,18195,19461,Araraquara,1700.46,19909,45.26418697708257,28363,61.024570764662855,Jair → Jair
143571,166205,173360,189941,212893,207327,296084,199643,202559,207459,222513,236974,237590,187711,510,6082,-0.14526826573140994,15611,5793,310372,2300,1474,95057,118719,3529401,103372,48.555847303575035,128689,62.07054556328891,92196,38.905533940432285,111172,46.79153163011911,940,-15.2790139331698,Mauá,25000732020.0,59773.04,418261.0,44804,78638,116755,126418,São Paulo,1478.74,71637,34.53067835090307,103794,46.6462633643877,Jair → PT
2578,2713,2601,2822,3113,3074,4511,3262,3450,3543,3701,3744,3838,3320,4,113,3.339646383756964,210,161,5274,12,9,828,1373,3529500,1786,57.37230966912946,2121,68.99804814573845,2068,55.23504273504273,2286,59.56227201667535,5,-9.4357761290631,Mendonça,593744816.0,96402.8,6159.0,675,953,1475,1552,São José do Rio Preto,1756.32,1419,40.05080440304826,2328,62.901918400432315,Jair → Jair
1982,2153,2087,2211,2389,2310,3522,2461,2518,2631,2718,2820,2819,2406,3,110,0.5469429689892067,126,60,3777,22,7,708,1119,3529609,1229,51.44411887819171,1576,68.22510822510823,1448,51.347517730496456,1643,58.28307910606598,11,-9.942029119042246,Meridiano,437548090.0,95701.68,4572.0,524,734,1136,1176,São José do Rio Preto,1579.55,1018,38.6925123527176,1599,58.83002207505519,Jair → Jair
1092,1092,1082,1135,1206,1160,1860,1196,1265,1257,1275,1347,1339,1185,0,19,1.1198289622047497,65,29,1890,7,3,386,538,3529658,588,48.756218905472636,713,61.46551724137931,691,51.29918337045286,759,56.6840926064227,1,-4.781424634956608,Mesópolis,108331327.0,55497.61,1952.0,308,447,578,580,São José do Rio Preto,1278.93,575,45.74383452665076,737,57.80392156862745,Jair → Jair
7799,8293,8332,8815,9861,9614,14062,9495,10166,10182,10862,11251,11477,9340,18,230,1.5272296853279244,532,199,15141,56,68,3777,5011,3529708,4604,46.68897677720312,5545,57.676305387975866,5281,46.93804995111546,6007,52.33946153175917,14,-5.336843856216696,Miguelópolis,1113098239.0,57255.19,19441.0,2955,4069,5443,5470,Ribeirão Preto,1416.73,4145,40.709094480455704,5851,53.866691217087094,Jair → Jair
5104,5434,5475,5805,6358,6183,9509,5558,6077,5904,6295,6709,6734,5637,3,109,0.4487535305645025,443,126,8701,30,24,1399,1904,3529807,4057,63.809374016986474,5035,81.4329613456251,4214,62.81114920256372,4667,69.3050193050193,7,-12.127942040605802,Mineiros do Tietê,309941386.0,27599.41,11230.0,523,1148,1937,2067,Bauru,1304.7,3258,55.18292682926829,4391,69.7537728355838,Jair → Jair
8623,9300,9380,9420,10263,9859,16282,9616,10254,10262,10557,10985,10994,9801,8,99,1.0352646303806807,441,136,15335,121,30,2771,3918,3529906,5576,54.33109227321446,6585,66.79176387057511,6345,57.76058261265362,6800,61.851919228670184,6,-4.9398446419049264,Miracatu,560826527.0,30228.35,18553.0,1854,3274,3876,4194,Sorocaba,1125.4,5687,55.41804716429546,6639,62.887183859050864,Jair → Jair
1552,1665,1558,1631,1776,1679,2765,1768,1818,1869,1895,1986,1994,1744,1,75,1.3490339091152066,69,36,2894,7,2,510,825,3530003,983,55.3490990990991,1110,66.11078022632519,1021,51.40986908358509,1099,55.115346038114346,1,-10.995434188210844,Mira Estrela,77240190.0,24708.95,3126.0,454,569,843,895,São José do Rio Preto,1291.65,707,37.827715355805246,1070,56.46437994722955,Jair → Jair
10744,11002,11024,11792,12822,12734,17793,12080,12143,12244,13194,13580,13827,11612,65,484,1.6394938519987647,1622,325,18041,37,5,2996,3925,3530102,8766,68.3668694431446,10035,78.80477461912989,8615,63.43888070692194,9487,68.61213567657482,22,-10.192638942555064,Mirandópolis,978818314.0,34979.03,27983.0,1587,2699,4021,4340,Araçatuba,1683.93,7866,64.2437112054884,9269,70.25162952857359,Jair → Jair
7566,7854,8007,8066,8893,8521,13813,8361,8830,9152,9485,9612,9742,8428,5,125,0.9480041042015301,270,128,12737,61,29,4459,5486,3530201,3093,34.78016417406949,3947,46.32085435981692,3529,36.71452351227632,4015,41.21330322315746,3,-5.10755113665946,Mirante do Paranapanema,651108007.0,40906.45,15917.0,3776,4574,5551,5727,Presidente Prudente,1182.36,2636,28.802447552447553,3999,42.16130732735899,PT → PT
23145,25127,24739,27095,29237,28850,41602,28158,29389,30584,32269,33326,33970,28534,76,1911,0.8226150840311135,2273,1252,43741,242,225,7183,10065,3530300,18544,63.42648014502172,22447,77.8058925476603,20478,61.447518454059896,23095,67.98645863997645,218,-9.819433907683859,Mirassol,3345887627.0,52826.75,63337.0,2940,6403,9989,10875,São José do Rio Preto,2049.55,17106,55.93120585927282,22204,68.80907372400756,Jair → Jair
2129,2274,2276,2349,2580,2467,3958,2781,2908,3013,3018,3096,3136,2815,1,120,1.407583411098038,133,77,4134,10,13,430,1045,3530409,1456,56.434108527131784,1847,74.86826104580462,1790,57.81653746770026,2006,63.96683673469388,8,-10.901424311110738,Mirassolândia,378154379.0,80992.58,4669.0,342,620,1083,1130,São José do Rio Preto,1322.05,1002,33.255891138400266,1973,65.37442014579192,Jair → Jair
29656,29689,28185,30072,33412,32304,48909,29206,30922,31342,34206,36018,36968,29219,49,1453,0.03026949021258929,1216,717,49225,144,166,8412,12023,3530508,18743,56.09661199569017,24341,75.34980188211986,20952,58.17091454272864,23963,64.82092620644882,99,-10.528875675671046,Mococa,4014553266.0,59315.81,67681.0,2771,7963,11594,13005,Campinas,1693.15,16957,54.10312041350265,22183,64.8511956966614,Jair → Jair
179937,190203,190077,197608,220379,210320,326382,204855,221927,220689,230280,246956,245153,202833,578,5913,-0.6114452387640625,14946,6334,333820,2232,1761,74996,100841,3530607,116030,52.65020714314885,149953,71.29754659566375,117687,47.655047862777174,139298,56.820842494279084,837,-14.476704101384662,Mogi das Cruzes,26072522197.0,57745.81,451505.0,27495,60367,95769,105855,São Paulo,1851.39,90039,40.7990429971589,129439,56.20939725551502,Jair → Jair
64725,67655,68439,72732,80704,78373,117243,74706,77495,79214,84409,88471,89451,74060,291,8434,0.6017857597694132,9266,3624,113851,835,799,17068,24504,3530706,54474,67.49851308485329,64012,81.67608742806834,56927,64.34537871166823,62945,70.3681345093962,504,-11.307952918672143,Mogi Guaçu,9433837649.0,61395.03,153658.0,6955,14361,23998,26506,Campinas,1747.34,45171,57.024010907162875,59905,70.96992026916561,Jair → Jair
38951,39849,40622,43443,47743,46409,70387,43420,45232,46216,49240,51826,52563,43238,184,3955,0.20528501073943062,6332,3165,67759,416,736,10152,14523,3530805,31820,66.64851391827074,37986,81.85050313516774,32982,63.63987187897966,36952,70.30040142305424,346,-11.550101712113502,Mogi Mirim,8092719130.0,87434.03,92558.0,3359,8423,13896,15611,Campinas,2026.17,27136,58.71559633027523,34717,70.50568643379367,Jair → Jair
2015,2046,2045,2201,2334,2296,3605,2132,2212,2192,2253,2433,2407,2047,2,76,0.6813792660886406,204,98,3151,21,6,467,711,3530904,1496,64.09597257926306,1788,77.87456445993031,1511,62.10439786272092,1631,67.76069796427088,22,-10.113866495659437,Mombuca,179188607.0,48143.1,3722.0,277,508,750,776,Campinas,1274.03,1193,54.425182481751825,1542,68.44207723035952,Jair → Jair
1188,1265,1181,1261,1400,1339,1968,1364,1365,1376,1449,1521,1550,1283,3,24,-0.3277009728622673,45,23,2124,6,5,395,575,3531001,697,49.785714285714285,900,67.21433905899926,806,52.99145299145299,940,60.645161290322584,1,-6.569177768676674,Monções,77880840.0,40206.94,1937.0,269,439,576,610,Araçatuba,1338.77,617,44.84011627906977,874,60.317460317460316,Jair → Jair
22341,23915,24721,26635,27653,27083,42181,28728,30984,31128,31961,33522,33414,29172,70,730,1.413622336720394,2654,752,50648,250,170,11578,15016,3531100,15295,55.310454561892016,18364,67.80637300151386,15084,44.997315195990694,17243,51.60411803435686,116,-16.202254967157003,Mongaguá,1535905805.0,24792.27,61951.0,4745,8719,15100,16171,São Paulo,1287.82,13495,43.3532510922642,16945,53.01774037107725,Jair → Jair
3703,3759,3837,3985,4364,4213,6812,4120,4321,4362,4578,4824,4840,4104,20,311,0.8350573529889544,456,192,6349,33,72,902,1443,3531209,2747,62.94683776351971,3389,80.44149062425825,2915,60.427031509121065,3274,67.64462809917356,21,-12.796862525084691,Monte Alegre do Sul,304555388.0,35302.58,8627.0,320,824,1410,1566,Campinas,1992.61,2462,56.441999082989454,3135,68.47968545216251,Jair → Jair
20687,20789,21246,22805,25042,24589,36364,22277,23774,24145,25720,27002,27661,22322,72,1064,0.6667023032636337,1932,847,36101,204,200,4669,7627,3531308,15957,63.72094880600591,19985,81.27618040587255,16803,62.22872379823717,19274,69.67933191135533,134,-11.596848494517218,Monte Alto,3062782095.0,64379.33,47574.0,1898,4604,7611,8387,Ribeirão Preto,1861.15,11824,48.97080140815904,18093,70.34603421461897,Jair → Jair
9439,9879,9823,10706,11610,11487,16423,10835,11309,11824,12519,12853,13171,10917,17,496,0.73085538938372,974,500,17014,64,84,2960,4392,3531407,7135,61.455641688199826,8523,74.19691825541916,7499,58.34435540340777,8454,64.1864702756055,44,-10.010447979813662,Monte Aprazível,1038559710.0,46613.99,22280.0,1680,2964,4388,4717,São José do Rio Preto,1691.5,5805,49.09506089309878,8127,64.91732566498922,Jair → Jair
8502,8644,8597,9004,10122,9671,14912,9293,9637,9981,10141,10815,10860,9085,40,327,2.1710121177220714,638,343,14281,60,65,1861,3219,3531506,6202,61.272475795297375,7408,76.60014476269258,6442,59.56541840036986,7177,66.0865561694291,41,-10.513588593263478,Monte Azul Paulista,958013847.0,52780.22,18151.0,1142,2263,3512,3683,Ribeirão Preto,1799.99,3977,39.8457068430017,6922,68.25756828715117,Jair → Jair
2078,2233,2180,2267,2474,2392,3770,2365,2501,2536,2643,2721,2735,2347,4,55,0.9748768953345817,87,58,3332,7,14,909,1245,3531605,1235,49.91915925626516,1439,60.15886287625418,1306,47.99705990444689,1420,51.91956124314442,5,-8.239301633109761,Monte Castelo,161947180.0,38357.93,4222.0,746,953,1288,1315,Presidente Prudente,1402.16,1084,42.74447949526814,1398,52.894438138479,Jair → Jair
2356,2425,2494,2416,2680,2505,4435,2586,2768,2801,2850,2943,2964,2653,5,92,1.6518218623481786,124,70,3840,6,9,918,1276,3531704,1307,48.76865671641791,1661,66.30738522954091,1386,47.09480122324159,1588,53.57624831309042,9,-12.731136916450495,Monteiro Lobato,113890985.0,27523.2,4138.0,390,844,1286,1376,São José dos Campos,1471.13,1049,37.450910389146735,1574,55.228070175438596,Jair → Jair
21522,22680,23403,23992,27891,26901,39555,28251,29619,30330,32122,34171,34569,27810,437,1914,-0.090652733959665,2634,1274,47364,366,237,11690,14523,3531803,14804,53.07805385249722,17676,65.70759451321513,16563,48.470925638699484,18971,54.87864850010125,191,-10.828946013113878,Monte Mor,6049397718.0,93554.14,64662.0,6413,9225,14720,15598,Campinas,1367.63,13427,44.26969996702935,17599,54.787995766141584,Jair → Jair
11121,11911,11645,12622,13647,13287,19772,12892,13846,13533,14410,15293,15450,12442,12,269,1.5615279752239672,682,306,20202,116,40,4369,5996,3531902,7703,56.44463984758555,9198,69.2255588168887,7846,51.304518407114365,8780,56.82847896440129,15,-12.397079852487401,Morro Agudo,1980195494.0,70890.9,27933.0,2611,4089,6393,6670,Ribeirão Preto,1397.0,6213,45.90999778319663,8414,58.39000693962526,Jair → Jair
6388,6467,6474,7005,7634,7451,11380,6773,7091,7232,7701,8115,8254,6690,40,265,1.1995049906665685,1281,451,10618,256,161,1490,2423,3532009,5124,67.12077547812419,6096,81.81452154073278,4891,60.27110289587184,5558,67.33704870365884,52,-14.477472837073947,Morungaba,765640893.0,55804.73,13720.0,681,1355,2516,2696,Campinas,1680.58,3520,48.67256637168141,5278,68.5365536943254,Jair → Jair
2043,2102,2175,2170,2509,2407,3747,2230,2422,2407,2505,2659,2675,2266,1,48,-0.07484097226107878,174,61,3383,33,21,1102,1282,3532058,1215,48.425667596652055,1426,59.24387203988367,1157,43.512598721323805,1308,48.89719626168224,5,-10.34667577820143,Motuca,171027138.0,42396.42,4034.0,748,981,1319,1367,Araraquara,1479.74,933,38.7619443290403,1223,48.82235528942116,Jair → PT
2182,2100,2036,2151,2435,2343,3333,2346,2395,2436,2537,2591,2666,2273,7,61,1.455872442686946,99,62,3345,13,7,647,928,3532108,1452,59.630390143737166,1652,70.50789586000853,1503,58.008490930142806,1652,61.96549137284321,4,-8.54240448716532,Murutinga do Sul,113474072.0,30365.02,3737.0,540,691,964,1014,Araçatuba,1502.97,1076,44.17077175697865,1609,63.42136381553016,Jair → Jair
1401,1478,1461,1534,1631,1592,2606,1501,1601,1619,1681,1726,1739,1503,9,25,1.9799819311255007,98,20,2204,11,0,616,799,3532157,719,44.08338442673207,924,58.040201005025125,767,44.43800695249131,878,50.48878665899942,1,-7.551414346025702,Nantes,189555515.0,71261.47,2660.0,540,668,854,861,Presidente Prudente,1361.26,543,33.539221741815936,882,52.468768590124924,Jair → Jair
2496,2747,2643,2750,3008,2865,4696,2962,3170,3231,3319,3443,3453,2953,1,33,2.5283174644891417,134,54,4462,80,192,1360,1652,3532207,1310,43.55053191489362,1601,55.88132635253054,1430,41.533546325878596,1647,47.69765421372719,1,-8.183672138803352,Narandiba,896056601.0,156845.2,5713.0,989,1264,1786,1806,Presidente Prudente,1397.19,1106,34.23088826988548,1667,50.22597167821633,Jair → PT
3457,3700,3707,3663,4034,3737,6462,3744,3959,3870,4018,4101,4118,3699,6,63,1.427911455274966,284,135,5682,23,25,1029,1575,3532306,2268,56.22211204759544,2786,74.55177950227456,2206,53.79175810777859,2445,59.37348227294803,19,-15.178297229326525,Natividade da Serra,159424698.0,22778.21,6999.0,575,951,1535,1673,São José dos Campos,1183.61,1803,46.58914728682171,2443,60.801393728223,Jair → Jair
7396,7874,7931,8255,9195,8841,13632,8810,9540,9489,9920,10663,10650,8671,25,261,1.4782295926094164,640,307,14490,85,80,2550,3636,3532405,5290,57.53126699293094,6753,76.38276213098065,5805,54.44058895245241,6589,61.86854460093897,20,-14.514217530041684,Nazaré Paulista,595409604.0,32684.28,18217.0,1125,2088,3793,4061,Campinas,1356.62,3868,40.76298872378543,6284,63.346774193548384,Jair → Jair
4283,4281,4158,4610,5113,5058,7034,4692,4832,5054,5406,5593,5742,4512,9,175,2.012702322702708,307,179,7067,25,40,1264,2002,3532504,3066,59.96479561901037,3699,73.13167259786476,3076,54.997318076166636,3500,60.95437129919888,19,-12.177301298665881,Neves Paulista,384591644.0,39652.71,9699.0,669,1359,2105,2242,São José do Rio Preto,1828.88,2315,45.80530273051048,3404,62.96707362190159,Jair → Jair
4773,5038,4907,5394,5601,5488,8314,5135,5534,5490,5741,5916,5968,5244,8,201,1.142101193008486,288,139,7761,34,32,1236,1741,3532603,3639,64.97054097482592,4335,78.99052478134111,3756,63.488843813387426,4090,68.53217158176943,6,-10.458353199571675,Nhandeara,507862208.0,51549.15,9852.0,669,1153,1736,1878,São José do Rio Preto,1668.97,3168,57.704918032786885,4000,69.67427277477792,Jair → Jair
2106,2111,2123,2306,2548,2470,3453,2353,2445,2576,2730,2855,2915,2313,0,64,1.3332579370315187,255,104,3880,3,7,693,1094,3532702,1243,48.783359497645215,1557,63.036437246963565,1523,53.345008756567424,1708,58.59348198970841,5,-4.442955257255157,Nipoã,146719324.0,30888.28,4750.0,634,913,1175,1207,São José do Rio Preto,1346.36,1093,42.43012422360248,1636,59.92673992673993,Jair → Jair
2908,3040,2933,3277,3532,3479,4947,3359,3592,3692,3824,3972,3981,3455,13,189,1.841862077083718,225,145,5433,21,35,776,1283,3532801,2091,59.20158550396376,2598,74.67663121586664,2379,59.894259818731115,2572,64.60688269279076,5,-10.069748523075873,Nova Aliança,361490478.0,54010.23,6693.0,463,881,1311,1409,São José do Rio Preto,1565.88,1723,46.66847237269773,2541,66.44874476987448,Jair → Jair
4690,4754,4774,4633,5148,4837,8740,4864,5098,5048,5176,5352,5348,4794,0,46,1.5957517522331344,197,87,6958,14,15,1990,2337,3532827,2176,42.26884226884227,2877,59.479015918958034,2575,48.11285500747384,2848,53.25355272999252,6,-6.225463188965513,Nova Campina,260753457.0,30687.71,8497.0,1479,1960,2470,2500,Sorocaba,926.06,2066,40.9270998415214,2839,54.849304482225655,Jair → Jair
1207,1192,1119,1194,1325,1276,2065,1243,1299,1312,1398,1412,1449,1213,5,30,1.666089089115772,48,19,2278,2,4,411,654,3532843,645,48.679245283018865,750,58.77742946708464,642,45.46742209631728,747,51.5527950310559,2,-7.224634436028737,Nova Canaã Paulista,57172272.0,28135.96,2032.0,332,526,651,702,São José do Rio Preto,1499.45,435,33.15548780487805,744,53.21888412017167,Jair → Jair
768,802,799,832,890,847,1405,888,914,929,945,986,984,883,0,39,2.164472835204549,30,17,1376,6,4,187,332,3532868,545,61.235955056179776,641,75.6788665879575,571,57.910750507099394,617,62.703252032520325,2,-12.975614555437176,Nova Castilho,91227505.0,85901.61,1062.0,141,206,355,367,Araçatuba,1681.27,358,38.53606027987083,613,64.86772486772487,Jair → Jair
4078,4200,4387,4412,5140,5004,7323,4645,5203,5193,5366,5716,5752,4652,13,107,0.5887595466640221,208,84,7180,47,29,2206,2949,3532900,2148,41.78988326848249,2740,54.75619504396483,2260,39.53813855843247,2557,44.45410292072323,3,-10.3020921232416,Nova Europa,556399529.0,59757.23,9311.0,1673,2264,3035,3195,Araraquara,1301.87,1639,31.561717696899674,2417,45.04286246738725,Jair → PT
8135,8931,8173,9268,9760,9797,13851,9494,10306,10412,11016,11362,11583,9541,8,541,1.987319144181889,465,308,14802,50,59,3208,4834,3533007,5138,52.64344262295082,6394,65.26487700316423,5574,49.05826439007217,6270,54.13105413105413,30,-11.133822872110102,Nova Granada,732340979.0,37712.6,19419.0,1966,3403,5130,5313,São José do Rio Preto,1455.77,4397,42.23011909335382,6182,56.11837327523602,Jair → Jair
1101,1191,1175,1259,1362,1341,1998,1161,1258,1300,1442,1431,1500,1187,0,28,2.6429033749422075,44,28,2015,10,13,550,705,3533106,650,47.72393538913363,744,55.48098434004474,654,45.702306079664574,727,48.46666666666667,6,-7.014317673378073,Nova Guataporanga,47451061.0,22008.84,2156.0,479,597,713,773,Presidente Prudente,1356.94,552,42.46153846153846,737,51.109570041608876,Jair → PT
1822,1850,1797,1961,2128,2071,3055,2202,2266,2302,2400,2508,2522,2157,0,98,1.4737311657414764,78,46,3489,13,9,790,1059,3533205,1034,48.590225563909776,1285,62.04732013520039,1238,49.36204146730463,1372,54.401268834258524,5,-7.646051300941863,Nova Independência,285939288.0,62039.33,4609.0,545,786,1145,1150,Araçatuba,1422.32,1012,43.961772371850564,1341,55.875,Jair → Jair
2104,2172,2129,2409,2457,2478,3753,2451,2582,2589,2652,2757,2789,2398,1,33,4.25900177761482,141,53,3921,8,8,518,914,3533254,1417,57.67195767195767,1749,70.58111380145279,1563,56.69205658324265,1709,61.276443169594835,1,-9.304670631857952,Novais,105506875.0,23913.62,4412.0,507,729,1064,1080,São José do Rio Preto,1145.17,921,35.573580533024334,1738,65.53544494720965,Jair → Jair
1739,1802,1800,1953,2002,1957,3284,1893,1957,2014,1985,2095,2070,1873,1,47,0.8699302741576318,96,31,2640,3,9,726,1004,3533304,884,44.15584415584416,1200,61.31834440470107,872,41.62291169451074,1005,48.55072463768116,1,-12.767619767019916,Nova Luzitânia,70079780.0,24702.07,2837.0,592,757,1092,1065,Araçatuba,1254.56,565,28.05362462760675,981,49.42065491183879,Jair → PT
27726,28682,28906,30250,33718,32366,50080,30462,32728,33332,34652,36357,36585,31126,89,1854,0.29917260386964273,3779,1217,47456,491,260,9794,12899,3533403,20487,60.75983154398244,23989,74.11790150157573,20467,56.29452375058448,22857,62.47642476424764,230,-11.641476737328091,Nova Odessa,5613296888.0,90509.31,62019.0,4695,8377,12583,13728,Campinas,1934.32,17068,51.20604824192968,21753,62.77559736811728,Jair → Jair
17351,18070,17685,18765,20318,19886,31602,18555,19898,19866,20675,21690,21798,18913,36,614,0.8395092546457903,1359,447,28652,90,76,4590,6186,3533502,13046,64.20907569642681,15451,77.6978779040531,13948,64.30613185799908,15093,69.24029727497935,55,-8.457580629073746,Novo Horizonte,2313783253.0,60374.26,38324.0,2586,4435,6391,6705,São José do Rio Preto,1693.96,11201,56.382764522299404,14489,70.07980652962515,Jair → Jair
3309,3478,3423,3756,4053,3962,5963,3947,4062,4097,4277,4431,4518,3776,3,75,2.2410966634074185,246,86,6039,28,13,954,1504,3533601,2534,62.52158894645941,3045,76.85512367491167,2530,57.09772060482961,2828,62.594068171757414,4,-14.261055503154253,Nuporanga,1235536788.0,167167.74,7391.0,552,917,1574,1690,Ribeirão Preto,1765.43,1525,37.22235782279717,2773,64.83516483516483,Jair → Jair
1931,2003,2000,2105,2331,2253,3351,2261,2263,2310,2469,2546,2590,2131,0,24,1.3514608168314126,76,44,3439,4,6,691,1061,3533700,1162,49.849849849849846,1374,60.98535286284953,1268,49.80361351139042,1442,55.67567567567568,6,-5.309677187173854,Ocauçu,163910353.0,37845.84,4331.0,568,879,1125,1148,Marília,1349.57,1005,43.506493506493506,1408,57.02713649250709,Jair → Jair
1484,1541,1601,1669,1814,1733,2620,1551,1633,1670,1698,1822,1834,1547,7,24,0.956542625681891,94,56,2423,7,7,386,605,3533809,1144,63.06504961411246,1351,77.95729948066936,1038,56.97036223929747,1163,63.41330425299891,1,-14.54399522767045,Óleo,143211547.0,57010.97,2512.0,201,382,622,671,Sorocaba,1376.51,770,46.10778443113772,1093,64.3698468786808,Jair → Jair
24668,24185,23729,25587,27586,27094,40772,26041,27469,29134,29958,31268,31710,26642,78,1690,1.1120140887245213,2396,1248,41985,134,268,5504,10078,3533908,17645,63.96360472703545,20672,76.29733520336606,18600,59.48573621593962,20690,65.2475559760328,140,-11.04977922733326,Olímpia,3569675501.0,64815.98,55074.0,3364,6422,10360,11020,Ribeirão Preto,1674.78,11940,40.983043866273086,19880,66.35957006475732,Jair → Jair
2174,2349,2227,2395,2632,2513,3923,2709,2830,2856,2947,3133,3142,2625,5,86,1.0484720838354349,146,72,4392,22,15,676,1225,3534005,1460,55.47112462006079,1721,68.48388380421807,1618,51.64379189275455,1803,57.38383195416932,6,-11.10005185004875,Onda Verde,370589412.0,77675.42,4771.0,411,792,1270,1339,São José do Rio Preto,1480.85,1145,40.09103641456583,1722,58.43230403800475,Jair → Jair
3178,3282,3306,3328,3636,3524,5822,3413,3585,3622,3784,3928,3959,3440,3,101,1.074004048900818,225,68,5170,17,4,1064,1351,3534104,2316,63.696369636963695,2601,73.80817253121452,2201,56.03360488798371,2503,63.22303612023238,6,-10.585136410982145,Oriente,194078729.0,31894.61,6085.0,550,923,1466,1456,Marília,1590.53,1809,49.94478188845942,2433,64.2970401691332,Jair → Jair
2864,3145,2974,2990,3332,3162,5345,3309,3520,3587,3674,3762,3809,3311,5,67,1.8245544282208215,73,63,5005,16,12,937,1701,3534203,1551,46.54861944777911,1902,60.15180265654649,1735,46.11908559276981,1976,51.877133105802045,5,-8.274669550744441,Orindiúva,830370242.0,137843.67,6024.0,903,1260,1762,1833,São José do Rio Preto,1567.59,1193,33.25899080011151,1973,53.70168753402287,Jair → Jair
16805,17723,18082,18916,20933,20272,31785,19896,20007,20234,21596,22525,23014,18952,32,331,0.3145182024622031,1193,386,29541,174,58,5964,8264,3534302,12506,59.74298953804997,15111,74.54123914759273,12417,55.12541620421754,14135,61.41913617797862,19,-13.122102969614112,Orlândia,3247647904.0,84752.94,38319.0,2668,5161,8019,8879,Ribeirão Preto,1737.14,10323,51.01808836611644,13332,61.733654380440825,Jair → Jair
311747,318175,341217,365429,403214,389572,585046,370983,387708,396063,417009,440935,441041,359544,1247,13363,0.07718147368687767,30456,10984,583521,3908,3016,158797,209851,3534401,193461,47.97973284657775,245969,63.138264557001015,181873,41.247122591765226,218756,49.59992381660662,1922,-13.538340740394396,Osasco,119404052763.0,163878.12,728615.0,75986,143603,201683,222285,São Paulo,1951.14,139041,35.10577862612766,207158,49.6771052902935,Jair → PT
1678,1754,1667,1786,1887,1829,2978,1694,1770,1780,1824,1875,1874,1680,2,34,1.32409799846468,84,40,2457,12,17,375,554,3534500,1286,68.1505034446211,1443,78.89557135046473,1182,63.04,1280,68.30309498399146,1,-10.592476366473278,Oscar Bressane,123399289.0,49959.23,2470.0,235,386,551,594,Marília,1469.93,889,49.943820224719104,1270,69.62719298245614,Jair → Jair
13672,13707,14069,15167,16431,15960,23836,14524,15242,15835,16920,17253,17751,14929,48,709,1.144228813799728,1615,510,22864,97,133,3393,4864,3534609,11038,67.17789544154343,13016,81.55388471177945,11123,64.46994725554976,12445,70.10872626894259,46,-11.445158442836856,Osvaldo Cruz,1615247661.0,51651.56,31272.0,1466,2944,4820,5306,Presidente Prudente,1773.28,9613,60.70729396905589,12056,71.25295508274232,Jair → Jair
46442,50381,48185,48724,55235,52707,84486,52632,53492,53336,55573,58318,58830,50488,83,1033,0.7500071290720314,1822,1136,76651,279,168,15816,20403,3534708,33868,61.31619444192994,39357,74.67129603278502,32696,56.065022805994715,36790,62.53612102668706,109,-12.13517500609796,Ourinhos,4902761910.0,47155.54,103970.0,6749,13350,20772,22040,Marília,1834.77,27942,52.38863056847158,35170,63.286128155759094,Jair → Jair
4355,4546,4340,4615,5073,4934,7649,4973,5226,5248,5457,5670,5762,4869,14,353,0.8210001553911468,347,161,8018,24,43,1620,2231,3534757,2619,51.62625665286812,3122,63.27523307661127,3044,53.686067019400355,3359,58.29573064908018,8,-4.979502427531095,Ouroeste,670735495.0,65157.91,10294.0,1313,1812,2297,2403,São José do Rio Preto,1715.52,2392,45.579268292682926,3226,59.116730804471324,Jair → Jair
3479,3565,3630,3806,4205,4151,6167,3793,4076,4189,4437,4527,4601,3888,1,107,1.957928519620502,219,72,6097,26,8,1635,2108,3534807,1861,44.25683709869203,2244,54.05926282823416,2077,45.880273912083055,2325,50.53249293631819,3,-3.5267698919159685,Ouro Verde,186891202.0,24025.09,7779.0,1516,1907,2223,2276,Presidente Prudente,1167.79,1672,39.91406063499642,2329,52.490421455938694,Jair → Jair
4913,4966,5135,5348,5849,5645,8660,5138,5329,5527,5865,5931,6081,5164,1,295,1.250307548857677,412,115,7541,22,11,1271,1927,3534906,3506,59.94187040519747,4286,75.92559787422498,3522,59.38290338897319,4007,65.8937674724552,28,-10.031830401769781,Pacaembu,285243693.0,19173.47,14877.0,878,1359,1935,2074,Presidente Prudente,1561.57,2808,50.805138411434775,3938,67.14407502131287,Jair → Jair
5162,5349,5318,5709,6236,6049,8945,5715,6042,6185,6364,6638,6734,5717,15,248,2.255820860472028,368,137,9006,13,31,1281,2358,3535002,3421,54.858883899935854,4109,67.92858323689866,3653,55.03163603495029,4087,60.69201069201069,9,-7.23657254488797,Palestina,603348105.0,52574.77,11476.0,1279,1940,2508,2647,São José do Rio Preto,1569.56,2480,40.09700889248181,4006,62.94783155248272,Jair → Jair
4098,4235,4203,4508,5189,5111,7118,4988,5273,5431,5674,5979,6085,4865,2,128,1.9829961458355356,285,114,7353,33,25,1712,2531,3535101,2719,52.39930622470611,3332,65.19272158090394,2838,47.46613146011039,3250,53.410024650780606,9,-11.782696930123329,Palmares Paulista,209646424.0,21725.02,9650.0,1349,1779,2745,2835,São José do Rio Preto,1390.3,2073,38.16976615724544,3143,55.39302079661614,Jair → Jair
4217,4176,4264,4790,5163,5104,6936,4565,4793,5020,5451,5524,5742,4575,13,126,0.7337240470673763,261,126,7450,19,37,1452,2133,3535200,2729,52.85686616308348,3406,66.7319749216301,3038,54.99637943519189,3453,60.13584117032393,9,-6.596133751306169,Palmeira d'Oeste,308863583.0,34692.08,8903.0,1125,1698,2097,2289,São José do Rio Preto,1515.31,2449,48.78486055776892,3318,60.869565217391305,Jair → Jair
9900,10317,10271,10679,11852,11538,17712,10864,11295,11648,11920,12459,12685,10880,30,275,0.4374122054003351,698,229,16162,48,28,2546,4106,3535309,7038,59.382382720216,8520,73.84295371814872,7310,58.67244562163898,8260,65.11627906976744,19,-8.726674648381277,Palmital,1405806538.0,71746.79,19594.0,1761,3018,4272,4425,Marília,1582.67,5055,43.39800824175824,7814,65.55369127516778,Jair → Jair
5689,5960,6067,6373,7020,6856,10583,6718,6964,7276,7530,7912,7957,6772,12,152,2.3609504005677238,474,146,9935,27,8,2332,2824,3535408,3973,56.59544159544159,4670,68.11551925320887,4436,56.06673407482305,4785,60.135729546311424,293,-7.979789706897449,Panorama,397152926.0,26540.56,14964.0,1300,2186,3050,3172,Presidente Prudente,1347.66,4004,55.03023639362287,4706,62.49667994687915,Jair → Jair
17425,18170,18543,19258,21421,20856,32152,19603,19921,20855,21990,22904,23303,19527,23,850,-0.02219412228686224,2350,930,30038,231,62,7225,9030,3535507,12005,56.04313524111853,14579,69.90314537782892,12297,53.68931191058331,13739,58.9580740677166,64,-10.945071310112318,Paraguaçu Paulista,3133901500.0,76213.56,41120.0,4079,6277,9062,9564,Marília,1546.02,9872,47.33637017501798,12960,58.93587994542974,Jair → Jair
8246,8954,8787,8875,9908,9372,15570,8889,9525,9743,10182,10435,10574,9149,8,265,0.22485226973861216,453,290,13840,69,47,3770,4915,3535606,4759,48.031893419459024,6189,66.0371318822023,4818,46.171538092956396,5446,51.50368829203707,33,-14.533443590165234,Paraibuna,408569087.0,23126.12,17667.0,1703,3183,4692,5128,São José dos Campos,1390.47,3940,40.439289746484654,5267,51.72854056177568,Jair → Jair
2538,2774,2642,2985,3279,3272,4380,2814,2974,3107,3353,3527,3578,2836,12,184,3.0924726894997576,214,89,4552,12,8,780,1108,3535705,2088,63.677950594693506,2507,76.619804400978,2075,58.83186844343635,2285,63.86249301285635,9,-12.75731138812165,Paraíso,436076194.0,71499.62,6099.0,430,765,1199,1293,São José do Rio Preto,1744.46,1637,52.68747988413261,2245,66.9549657023561,Jair → Jair
7505,8263,8644,8796,9727,9279,14721,8929,9497,9578,10213,10402,10645,9011,7,142,0.7770624725751105,604,194,13615,68,40,3677,4333,3535804,4911,50.48833144854529,5898,63.56288393145813,5383,51.74966352624495,6046,56.796618130577734,12,-6.766265800880397,Paranapanema,1222547491.0,63034.16,19395.0,2427,3381,4485,4599,Sorocaba,1579.99,4510,47.087074545834206,5880,57.573680603152845,Jair → Jair
1983,2004,1981,2157,2301,2204,3457,2357,2460,2534,2640,2721,2756,2341,5,118,1.0700620134582408,120,86,3384,15,10,696,1104,3535903,1217,52.89004780530204,1506,68.33030852994555,1421,52.22344726203602,1574,57.11175616835994,1,-11.218552361585616,Paranapuã,160652727.0,39854.31,4031.0,506,698,1133,1182,São José do Rio Preto,1515.68,1045,41.23914759273875,1536,58.18181818181818,Jair → Jair
4922,4840,4828,5275,5654,5541,8202,4950,5166,5329,5657,5867,5950,4870,1,204,0.5317424830989523,372,205,7623,20,36,1513,1957,3536000,3492,61.76158471878316,4079,73.61487096192023,3480,59.314811658428496,3860,64.87394957983193,6,-8.740921382088302,Parapuã,1150355727.0,108729.27,10580.0,931,1462,2050,2090,Marília,1490.2,2728,51.19159316945018,3700,65.40569206293088,Jair → Jair
3337,3306,3354,3451,3791,3686,5985,3574,3772,3813,3923,4171,4158,3557,3,120,2.0630359529161453,312,128,6149,19,15,1071,1456,3536109,2187,57.68926404642575,2681,72.73467173087357,2281,54.68712538959482,2529,60.82251082251082,10,-11.91216090836275,Pardinho,515970722.0,72133.47,7153.0,547,1005,1562,1629,Bauru,1633.36,1789,46.91843692630475,2467,62.88554677542697,Jair → Jair
8209,8782,8903,9117,9888,9511,15078,9359,9944,10009,10518,10917,10960,9467,2,162,1.0840384158960035,849,250,14338,104,80,2360,3336,3536208,5904,59.70873786407767,7104,74.69246136052992,6852,62.764495740588075,7365,67.19890510948905,14,-7.4935562510408715,Pariquera-Açu,753096869.0,39156.5,19233.0,1165,2407,3274,3595,Sorocaba,1435.07,5970,59.64631831351783,7182,68.28294352538505,Jair → Jair
1496,1572,1547,1626,1729,1706,2728,1841,1955,1961,2020,2065,2088,1861,2,35,1.3114070027692435,106,63,3087,13,13,471,761,3536257,1106,63.96761133603239,1295,75.90855803048066,1191,57.67554479418886,1274,61.015325670498086,0,-14.893232359982576,Parisi,67930902.0,23489.25,2892.0,261,411,754,814,São José do Rio Preto,1359.26,758,38.653748087710355,1259,62.32673267326733,Jair → Jair
6801,6799,6894,7089,7605,7233,12149,6575,7253,7227,7643,7864,8023,6696,7,196,0.9088974523379463,451,219,10563,37,34,1947,2918,3536307,4077,53.6094674556213,5293,73.17848748790267,4215,53.59867751780264,4887,60.912376916365446,13,-12.266110571537226,Patrocínio Paulista,1850012193.0,127481.55,14512.0,890,1940,2911,3136,Ribeirão Preto,1342.63,3235,44.76269544762695,4725,61.82127436870339,Jair → Jair
3197,3351,3381,3445,3932,3796,5829,3709,3956,3983,4118,4342,4424,3770,7,96,2.343107093016414,257,116,5963,20,19,1332,1458,3536406,2198,55.90030518819939,2614,68.86195995785037,2502,57.62321510824505,2754,62.25135623869801,42,-6.610603719152365,Paulicéia,322393938.0,40527.21,7955.0,942,1182,1646,1670,Presidente Prudente,1196.6,2136,53.62791865428069,2660,64.59446333171442,Jair → Jair
43131,45418,45759,48269,53627,51986,79867,54237,57737,58522,61342,64428,64616,54520,216,3317,0.23193780420331933,6606,3141,90086,809,830,19057,24884,3536505,31771,59.24441046487777,37123,71.40961027969068,33587,52.131061029366116,38254,59.20205521852173,587,-12.207555061168954,Paulínia,67067300461.0,606740.73,110537.0,7749,14863,23899,26362,Campinas,2680.07,29244,49.97095109531458,36458,59.43399302272505,Jair → Jair
1085,1148,1148,1194,1241,1198,2068,1262,1361,1333,1365,1409,1403,1270,1,25,3.7400233408786576,20,21,1997,1,5,242,450,3536570,748,60.273972602739725,917,76.54424040066777,800,56.777856635911995,888,63.29294369208838,5,-13.251296708579396,Paulistânia,74506181.0,35648.89,2090.0,136,281,512,515,Bauru,1337.04,448,33.60840210052513,915,67.03296703296704,Jair → Jair
3610,3852,3924,3948,4258,4084,6855,3907,4204,4306,4452,4528,4589,3983,16,98,2.589975990478429,151,86,6121,36,14,1308,2182,3536604,1974,46.359793330201974,2439,59.720861900097944,2018,44.56713780918728,2221,48.39834386576596,5,-11.322518034331985,Paulo de Faria,426145814.0,57587.27,7400.0,1201,1645,2252,2368,São José do Rio Preto,1373.91,1405,32.62888992104041,2270,50.98831985624439,Jair → PT
19799,20286,20839,21397,23353,22518,36362,21713,22914,23366,24417,25484,25803,22159,47,999,0.7661041251071623,2354,790,32617,236,140,5277,7440,3536703,15000,64.231576242881,17622,78.25739408473221,16131,63.29854026055564,17743,68.76332209433012,66,-9.494071990402091,Pederneiras,3840420972.0,85672.05,44827.0,2494,4896,7579,8060,Bauru,1528.3,12837,54.93879996576222,16977,69.52942621943728,Jair → Jair
3032,3103,3062,3278,3484,3374,5433,3283,3407,3449,3640,3748,3853,3161,2,130,1.5168357466566675,152,121,4808,10,28,725,1445,3536802,1756,50.401836969001145,2405,71.28037937166567,1900,50.69370330843116,2265,58.785362055541135,14,-12.495017316124539,Pedra Bela,147569268.0,22505.61,6557.0,486,969,1497,1588,Campinas,1372.0,1215,35.22760220353726,2195,60.3021978021978,Jair → Jair
1145,1322,1276,1374,1480,1427,2260,1594,1659,1733,1793,1825,1869,1594,0,49,-0.14433993202862894,64,28,2685,4,2,545,795,3536901,749,50.608108108108105,900,63.06937631394534,938,51.397260273972606,1043,55.80524344569288,3,-7.26413286825246,Pedranópolis,116927575.0,41954.64,2787.0,367,527,778,826,São José do Rio Preto,1530.81,654,37.73802654356607,998,55.66090351366425,Jair → Jair
6678,7093,7064,7274,8163,7867,11880,7857,8238,8361,8664,9137,9059,7612,3,152,2.282255638806518,457,206,12305,98,41,3490,4502,3537008,3561,43.6236677692025,4262,54.17567052243549,3790,41.47969793148736,4145,45.75560216359422,15,-8.42006835884127,Pedregulho,1417487589.0,91303.55,15525.0,2484,3605,4899,4914,Ribeirão Preto,1428.33,3159,37.78256189451022,4162,48.03785780240074,Jair → PT
18290,19216,19859,21933,23594,23240,33925,20582,23028,22612,24221,25469,25818,21296,85,1118,0.8618115184462738,3493,1123,33407,354,260,4516,6605,3537107,15911,67.43663643299143,19185,82.55163511187608,16529,64.8985040637638,18555,71.86846386242156,135,-10.683171249454517,Pedreira,1817291527.0,42152.8,43112.0,1921,4055,6751,7263,Campinas,1769.5,12816,56.67787015743853,17616,72.73027538086784,Jair → Jair
1880,1978,1886,1868,2094,1987,3482,1960,2045,2031,2050,2137,2146,1934,1,62,2.2359011660946067,125,56,2733,12,6,382,641,3537156,1253,59.83763132760267,1475,74.23251132360342,1276,59.70987365465606,1427,66.49580615097857,3,-7.736705172624852,Pedrinhas Paulista,177967145.0,63469.02,2804.0,256,512,694,719,Marília,1839.31,917,45.150172328902016,1409,68.73170731707317,Jair → Jair
4102,4442,4517,4578,4810,4644,7691,4862,5148,5174,5189,5439,5383,4896,3,49,0.6571583015801679,244,72,7914,22,11,1543,2317,3537206,2570,53.43035343035343,3060,65.89147286821705,2660,48.90604890604891,2944,54.69069292216236,11,-11.200779946054688,Pedro de Toledo,208399244.0,18473.47,11281.0,858,1584,2310,2439,São Paulo,1125.29,1951,37.70776961731735,2872,55.34785122374253,Jair → Jair
25791,26440,27525,29088,30923,30070,46611,29558,30088,30904,32594,33552,34303,29521,424,1786,0.38018124668471387,2720,1896,43857,211,231,9045,11092,3537305,19887,64.3113540083433,22610,75.19122048553375,20175,60.13054363376252,22499,65.58901553799959,124,-9.602204947534162,Penápolis,2743179555.0,44475.1,61679.0,4406,7460,10996,11804,Araçatuba,1737.74,17942,58.05720942272845,21502,65.9691967846843,Jair → Jair
10963,11341,11492,11868,13064,12599,19511,12023,12666,12881,13513,13926,14175,11969,43,520,0.8784580163252542,800,375,19156,58,36,4001,5664,3537404,7110,54.424372320881815,8684,68.92610524644813,7230,51.91727703576045,8109,57.20634920634921,24,-11.719756040098922,Pereira Barreto,1495859413.0,62081.74,24095.0,2274,3915,5533,6066,Araçatuba,1619.12,5929,46.029035012809565,7849,58.08480722267446,Jair → Jair
3706,3840,3843,3974,4408,4231,6581,4127,4342,4389,4551,4788,4770,4066,6,125,1.645239348874874,268,130,6474,13,23,1194,1798,3537503,2512,56.98729582577133,3174,75.01772630583787,2526,52.75689223057644,2807,58.84696016771488,8,-16.170766138122985,Pereiras,410463048.0,46979.86,8737.0,605,1057,1849,1963,Sorocaba,1397.46,1907,43.449532923217134,2753,60.49219951658976,Jair → Jair
27723,29511,31167,32371,34557,33531,53119,35817,37997,38364,39417,41310,41455,36235,125,1120,-0.1107618023097956,3264,1064,60030,362,212,11990,16651,3537602,18875,54.61990334809156,23235,69.29408606960723,21196,51.30961026385863,23989,57.86756724158727,362,-11.426518828019965,Peruíbe,2366996023.0,34629.51,68352.0,5373,10296,15997,17466,São Paulo,1407.11,17391,45.331560838285895,22766,57.75680543927747,Jair → Jair
2948,2925,3061,3267,3484,3396,5216,3005,3132,3232,3432,3519,3592,2993,5,71,2.178825257889841,186,67,4488,8,7,952,1217,3537701,2109,60.533869115958666,2466,72.6148409893993,2020,57.4026712134129,2240,62.360801781737194,2,-10.254039207662103,Piacatu,160075041.0,29004.36,5519.0,631,930,1300,1352,Araçatuba,1450.85,1673,51.76361386138614,2215,64.53962703962704,Jair → Jair
24096,25055,25866,26199,29268,27525,45175,25096,27020,27310,29026,30274,30739,25283,41,1083,-0.25414281700171415,1493,745,42040,184,128,7906,10711,3537800,14325,48.94423944239443,20074,72.93006357856494,16967,56.044790909691486,19474,63.352744071049806,63,-9.577319507515135,Piedade,1839652070.0,34730.07,52970.0,3556,7451,10123,11265,Sorocaba,1446.28,12217,44.73452947638228,18315,63.09860125404809,Jair → Jair
12682,13360,13687,14108,15469,14876,24064,14051,15360,15471,16652,16810,17253,14380,27,497,1.3909329411760325,1045,315,22456,63,64,4345,5736,3537909,8779,56.752214105630614,11439,76.89567087926862,9715,57.792980368828076,11070,64.16275430359937,23,-12.73291657566925,Pilar do Sul,1502793869.0,54411.6,27619.0,1627,3437,5678,6183,Sorocaba,1571.17,8363,54.05597569646435,10916,65.5536872447754,Jair → Jair
67001,68579,71234,71964,80473,76579,122000,76355,79885,81668,84708,90212,90628,76672,248,3551,-0.20464466099430467,8512,3655,119023,745,1055,22838,30699,3538006,47930,59.560349433971645,60525,79.03602815393253,50638,56.13222187735556,57969,63.963675685218696,511,-15.072352468713838,Pindamonhangaba,13674680185.0,82662.43,165428.0,6943,16054,29521,32659,São José dos Campos,1610.98,39890,48.84410050448156,54009,63.75903102422439,Jair → Jair
6071,6621,6579,7407,7755,7773,11441,6859,7343,7433,8104,8211,8481,6930,20,217,0.8094730186621177,657,249,10501,42,67,1928,2673,3538105,4936,63.649258542875565,5915,76.09674514344526,4971,60.54073803434417,5615,66.20681523405258,21,-9.889929909392677,Pindorama,733295538.0,50426.04,14542.0,1027,1858,2652,2866,São José do Rio Preto,1694.67,4124,55.4823086237051,5431,67.0162882527147,Jair → Jair
5654,5688,5882,6306,7004,6825,9961,6672,7104,7214,7699,8161,8218,6741,17,515,2.2611274893203586,673,352,11395,31,28,1775,2391,3538204,4206,60.051399200456885,5461,80.01465201465201,4891,59.931380958215904,5480,66.6828912144074,26,-13.33176080024461,Pinhalzinho,416404895.0,27351.87,15224.0,622,1364,2535,2738,Campinas,1382.52,3940,54.61602439700582,5308,68.94401870372776,Jair → Jair
1771,1838,1848,1964,2049,2005,3007,1977,2131,2148,2279,2288,2321,2031,0,39,1.1763929658408188,87,51,3117,11,24,925,1123,3538303,980,47.82820888238165,1154,57.556109725685786,1060,46.32867132867133,1150,49.54760878931495,2,-8.008500936370837,Piquerobi,100296285.0,30728.03,3264.0,698,851,1102,1171,Presidente Prudente,1304.25,814,37.89571694599628,1156,50.72400175515577,Jair → PT
6347,6422,6447,6597,7291,6894,11266,6652,7067,6990,7312,7588,7626,6602,5,260,0.821831451885501,777,169,10063,76,45,1485,2476,3538501,4440,60.89699629680428,5482,79.51842181607195,4329,57.050606220347916,4981,65.31602412798321,16,-14.202397688088737,Piquete,227360717.0,18203.42,12490.0,482,1412,2362,2645,São José dos Campos,1321.99,3348,47.896995708154506,4836,66.13785557986871,Jair → Jair
12553,13003,13289,13502,15222,14503,23083,13979,14894,14824,15423,16462,16449,14017,40,682,0.7245574489351156,1579,645,21584,175,138,3307,5018,3538600,9281,60.97096307975299,11625,80.15582982831138,9784,59.43384764913133,10978,66.73961942975257,51,-13.416210398558817,Piracaia,799448681.0,30713.77,26029.0,1113,2878,4800,5471,Campinas,1603.66,7819,52.74554776038856,10405,67.46417687868768,Jair → Jair
173869,176938,178851,185671,208021,201268,310909,192418,202541,205061,215282,227384,229328,193452,560,9080,0.10515237530671584,22487,10195,310335,3159,4445,53006,68877,3538709,133718,64.28101009032741,158008,78.50627024663632,138959,61.112039545438556,155716,67.90099769762088,2149,-10.605272549015439,Piracicaba,44351587750.0,104770.09,423323.0,19712,43260,66884,73612,Campinas,2145.67,119942,58.49088807720629,146405,68.0061500729276,Jair → Jair
13160,13656,13724,14040,15710,14960,23157,14124,14699,15255,15805,16635,16789,14190,36,847,0.42914768333742614,775,487,22055,92,95,4544,6424,3538808,9136,58.15404201145767,11080,74.06417112299465,8705,52.32942590922753,9893,58.925486925963426,54,-15.138684197031225,Piraju,1088629415.0,36982.93,29436.0,1647,3880,6338,6896,Marília,1659.91,7081,46.41756801048837,9381,59.35463460930085,Jair → Jair
8892,9342,9603,9685,10720,10181,16079,9591,10244,10446,10945,11361,11430,9866,34,447,1.0986492152163123,1089,317,14817,79,68,2487,3688,3538907,6856,63.95522388059702,7875,77.3499656222375,6833,60.144353490009685,7453,65.20559930008748,33,-12.14436632215002,Pirajuí,737808736.0,32892.37,22431.0,1281,2306,3739,3977,Bauru,1707.81,5421,51.89546237794371,7257,66.3042485153038,Jair → Jair
4469,4780,4725,5122,5566,5449,8207,5376,5506,5562,6004,6173,6310,5108,11,291,1.3415145317807173,435,220,7907,45,38,1314,1812,3539004,3651,65.59468199784405,4320,79.28060194531106,3868,62.65997084075814,4321,68.47860538827258,19,-10.801996557038478,Pirangi,535545258.99999994,49200.3,10885.0,542,1129,1904,1989,São José do Rio Preto,1696.01,3014,54.189140596907585,4192,69.8201199200533,Jair → Jair
7744,7924,7922,7872,8862,8240,14132,9162,9611,9731,9495,10290,10131,8641,26,138,0.8593273301425839,408,186,14174,54,50,2933,5090,3539103,3944,44.504626495147825,4938,59.92718446601942,3898,37.881438289601554,4613,45.53351100582371,20,-14.393673460195707,Pirapora do Bom Jesus,693313531.0,37741.62,18370.0,2249,3302,5321,5518,São Paulo,1199.19,2144,22.0326790668996,4405,46.392838335966296,Jair → PT
11623,12179,12363,12925,13763,13445,21353,12872,14125,14121,14845,15229,15440,13200,26,163,1.981476989338887,703,236,19428,69,69,4183,5690,3539202,7545,54.820896606844435,9312,69.2599479360357,8208,53.897169873268105,9216,59.689119170984455,18,-9.570828765051246,Pirapozinho,1410928462.0,55662.32,25348.0,2427,4133,5716,6224,Presidente Prudente,1546.97,7113,50.371786700658596,9155,61.67059616032334,Jair → Jair
33907,35667,35630,37089,40782,39309,62023,35270,38287,38438,40611,42446,43040,36562,147,2360,0.26566953493565393,6259,2475,55359,468,1077,8659,12216,3539301,27957,68.55230248639106,32142,81.76753415248416,26513,62.462894030061726,29979,69.65381040892193,1370,-12.113723743562232,Pirassununga,4304413432.0,58527.61,73545.0,2802,7167,11455,13061,Araraquara,2014.47,22493,58.51761277902076,28395,69.91947994385758,Jair → Jair
5819,6174,6130,6168,6788,6453,11029,6851,6934,6903,7126,7398,7502,6606,23,201,0.3223052952555321,323,185,10155,34,35,1451,2214,3539400,4174,61.490866234531524,5001,77.49883774988378,4566,61.719383617193834,5147,68.60837110103972,15,-8.890466648844054,Piratininga,389654818.0,25791.29,15108.0,702,1452,2110,2355,Bauru,2157.6,3797,55.005070259307544,4912,68.93067639629525,Jair → Jair
13984,14844,14690,15369,17304,16726,25009,15908,16967,17108,18249,19117,19396,15613,20,484,1.282921442761264,839,396,25007,58,74,6501,8085,3539509,9489,54.8370319001387,11391,68.10355135716848,9407,49.20751163885547,10554,54.413281088884304,23,-13.69027026828418,Pitangueiras,1830159520.0,54349.34,33674.0,3560,5335,8469,8842,Ribeirão Preto,1363.54,7862,45.95510872106617,10164,55.69620253164557,Jair → Jair
2569,2670,2570,2764,2964,2820,4511,2604,2797,2868,2970,3018,3078,2651,4,95,2.065686100773817,159,82,3964,7,8,742,1359,3539608,1397,47.13225371120108,1693,60.0354609929078,1463,48.47581179589132,1606,52.176738141650425,2,-7.858722851257376,Planalto,331486812.0,75526.73,4389.0,859,1127,1432,1472,São José do Rio Preto,1363.79,1080,37.65690376569037,1611,54.24242424242424,Jair → Jair
1648,1733,1730,1782,1941,1863,3012,1770,1870,1903,1962,2019,2043,1784,0,28,0.9571730725188274,86,50,2775,8,5,502,689,3539707,1158,59.65996908809892,1299,69.72624798711755,1215,60.178306092124814,1306,63.92559960841899,0,-5.800648378698554,Platina,160405565.0,53026.63,3025.0,405,564,696,737,Marília,1317.54,906,47.609038360483446,1273,64.88277268093782,Jair → Jair
53302,58203,54783,59576,65286,63440,94420,61220,63187,63666,66836,71190,71072,58208,117,2014,-0.7951771489610451,4670,1947,89977,780,489,25697,33089,3539806,33851,51.85032012989002,40969,64.57912988650693,30920,43.433066441916,36451,51.28742683475912,230,-13.291703051747817,Poá,4610760103.0,44434.64,103765.0,11234,22471,31644,34621,São Paulo,1476.59,24030,37.74385072094996,33747,50.49224968579807,Jair → Jair
2498,2631,2602,2855,3072,3047,4423,2755,2930,3085,3272,3311,3384,2802,12,142,3.4268122099105867,194,66,4513,18,18,681,1082,3539905,1805,58.756510416666664,2275,74.66360354446996,1905,57.535487768045904,2149,63.504728132387704,14,-11.15887541208226,Poloni,199994460.0,35764.39,5592.0,465,772,1183,1235,São José do Rio Preto,1589.47,1490,48.29821717990276,2190,66.93154034229829,Jair → Jair
10463,10617,10482,10915,11841,11466,18169,11110,11659,11527,12053,12579,12662,11226,20,972,1.8494822982309955,854,245,16168,52,68,2539,3262,3540002,7997,67.53652563128114,9331,81.37973137973138,8274,65.7762938230384,9001,71.08671615858474,21,-10.293015221146646,Pompéia,2509065063.0,124235.74,20196.0,1150,2135,3474,3661,Marília,1904.12,7484,64.925826320812,8791,72.93619845681573,Jair → Jair
2080,2174,2109,2118,2308,2184,3778,2104,2194,2195,2257,2317,2330,2135,2,71,1.3445056961555935,162,57,2956,16,3,474,701,3540101,1550,67.157712305026,1723,78.89194139194139,1527,65.9041864479931,1575,67.59656652360515,6,-11.29537486833624,Pongaí,124380214.0,36636.29,3395.0,343,461,688,755,Bauru,1724.87,1147,52.25512528473804,1556,68.94107221976074,Jair → Jair
14970,15560,15543,16403,18468,17868,26183,18168,19153,18878,20801,21952,22322,16985,32,448,2.251407597367745,928,385,28189,79,60,6768,9374,3540200,9730,52.68572666233485,12077,67.59010521602866,10275,46.806669096209916,11760,52.68345130364663,50,-14.906653912382033,Pontal,2153953579.0,57275.34,37607.0,3812,5791,10101,10562,Ribeirão Preto,1384.14,8130,43.06600275452908,11427,54.93485890101437,Jair → Jair
1758,1847,1808,1961,2133,2099,3010,2017,2113,2162,2260,2372,2439,1948,2,58,0.41954667334284323,84,58,3156,3,9,861,1146,3540259,1011,47.39803094233474,1210,57.6464983325393,1062,44.772344013490724,1192,48.87248872488725,0,-8.774009607652054,Pontalinda,131996978.0,31983.76,4127.0,700,889,1192,1247,São José do Rio Preto,1217.5,829,38.34412580943571,1114,49.29203539823009,Jair → PT
1519,1611,1556,1687,1748,1710,2702,1475,1538,1596,1692,1710,1750,1479,1,67,1.371698750422155,41,55,2363,2,2,510,700,3540309,993,56.807780320366135,1133,66.25730994152046,914,53.45029239766082,1002,57.25714285714286,2,-9.000167084377601,Pontes Gestal,152498657.0,63887.16,2387.0,366,577,698,748,São José do Rio Preto,1493.44,789,49.43609022556391,992,58.628841607565015,Jair → Jair
2182,2298,2148,2357,2490,2436,3648,2439,2583,2567,2703,2799,2812,2363,1,68,0.340830929650366,64,48,3698,4,0,1179,1523,3540408,1059,42.53012048192771,1301,53.407224958949094,1094,39.0853876384423,1218,43.314366998577526,4,-10.092857960371568,Populina,156037352.0,37808.91,4127.0,872,1135,1529,1594,São José do Rio Preto,1340.0,864,33.65796649785742,1180,43.65519792822789,Jair → PT
3671,3808,3947,3960,4447,4252,6807,4405,4752,4793,5119,5223,5368,4461,8,147,2.1724681346982067,253,120,7497,11,16,1328,2002,3540507,2605,58.57881718012143,3143,73.91815616180621,2756,52.76660922841279,3152,58.71833084947839,13,-15.199825312327818,Porangaba,309199549.0,29585.64,10451.0,690,1109,1999,2216,Sorocaba,1451.19,2030,42.35343208846234,3117,60.8907989841766,Jair → Jair
23057,24095,24515,25738,28856,27830,41871,25309,27782,27710,29341,30931,31293,26100,74,505,0.44615532104747047,3252,579,41199,328,230,7066,9250,3540606,18847,65.31397283060716,22178,79.69098095580308,19160,61.94432769713233,21288,68.02799348097018,54,-11.662987474832903,Porto Feliz,5067048835.0,89687.04,56497.0,2914,5652,9112,10005,Sorocaba,1626.03,16583,59.84482136412847,20091,68.47414880201765,Jair → Jair
23495,24562,24325,25768,28656,27797,42215,25518,26724,26884,28660,30177,30687,25355,140,1277,1.0916562248127946,3932,1116,40029,311,254,5600,8837,3540705,18671,65.15563930764935,22295,80.20649710400403,18330,60.74162441594592,20890,68.07442891126536,172,-12.132068192738672,Porto Ferreira,3069355360.0,58298.46,52649.0,2126,5502,8680,9797,Araraquara,1719.41,14245,52.98690671031097,19823,69.16608513607815,Jair → Jair
7658,8061,8142,8304,9070,8573,14254,8589,9113,9001,9491,9923,10004,8641,18,257,1.519768238526943,1081,298,12515,85,60,2545,3718,3540754,5148,56.75854465270121,6404,74.69963839962674,5292,53.3306459739998,5933,59.3062774890044,32,-15.393360910622334,Potim,355270826.0,17422.07,20392.0,1041,2169,3787,4071,São José dos Campos,1092.82,4346,48.28352405288301,5773,60.826045727531344,Jair → Jair
6548,7465,7162,7920,8649,8651,11905,8678,9196,9370,10235,10347,10597,8781,17,357,1.9903099101841804,593,332,13872,59,71,2494,3367,3540804,5491,63.48710833622384,6553,75.74846838515778,6262,60.51995747559679,6900,65.11276776446164,29,-10.635700620696142,Potirendaba,1017222502.0,54996.89,18496.0,1167,2098,3450,3697,São José do Rio Preto,1696.31,5748,61.344717182497334,6868,67.10307767464582,Jair → Jair
840,864,873,874,928,903,1550,946,995,1010,1007,1051,1061,953,0,19,1.2685003280523617,32,6,1485,0,1,240,439,3540853,480,51.724137931034484,578,64.00885935769656,536,50.99904852521408,585,55.136663524976434,0,-8.87219583272013,Pracinha,44001326.0,17068.01,2578.0,241,325,471,476,Presidente Prudente,1252.86,379,37.524752475247524,568,56.405163853028796,Jair → Jair
7866,7947,7944,8319,9287,8986,13925,8996,9478,9310,9823,10372,10393,8601,26,572,1.5970427945755006,587,213,13612,58,28,2679,3964,3540903,5102,54.93700872186928,6276,69.84197640774538,5383,51.89934438873891,6033,58.048686615991535,16,-11.793289791753843,Pradópolis,1456795944.0,85302.49,17078.0,1800,2710,4119,4360,Ribeirão Preto,1538.35,4101,44.04940923737916,5859,59.645729410567036,Jair → Jair
118579,124538,128358,134829,145372,141745,215439,155292,169699,164757,170295,180979,180208,155452,925,3514,0.3602273654803412,18528,4165,264222,1598,1265,54198,70431,3541000,86104,59.23011308917811,102534,72.33694310204946,93188,51.491056973461006,105028,58.28154133001865,754,-14.055401772030812,Praia Grande,11396645549.0,32567.89,349935.0,20237,39211,69296,75180,São Paulo,1795.56,80895,49.09958302226916,99864,58.64176869549899,Jair → Jair
2485,2500,2586,2754,2949,2892,4449,3163,3112,3095,3196,3450,3454,2912,2,105,1.037649841688328,196,79,4725,15,3,861,1377,3541059,1518,51.475076297049846,1903,65.80221300138312,1794,52.0,1930,55.87724377533295,7,-9.924969226050173,Pratânia,252654531.0,49288.83,5126.0,621,989,1469,1524,Bauru,1368.51,1270,41.033925686591274,1819,56.91489361702128,Jair → Jair
2193,2340,2332,2321,2518,2382,4093,2287,2445,2440,2483,2571,2553,2323,5,56,1.7512898915129753,130,35,3403,16,4,657,968,3541109,1444,57.347100873709294,1733,72.75398824517212,1375,53.48113574484636,1513,59.26361143752448,1,-13.490376807647642,Presidente Alves,112971570.0,29698.1,3804.0,389,649,978,1040,Bauru,1520.64,1099,45.040983606557376,1515,61.01490132903746,Jair → Jair
6486,6609,6832,7136,7512,7353,11617,6736,7183,7447,7958,7869,8143,6987,21,174,1.3943043172406107,397,133,10227,56,26,2252,3031,3541208,4314,57.42811501597444,5072,68.97864817081464,4399,55.90291015376795,4928,60.518236522166276,9,-8.46041164864836,Presidente Bernardes,351783368.0,24277.67,14490.0,1510,2281,2988,3215,Presidente Prudente,1619.0,3810,51.16154156035988,4927,61.91254083940689,Jair → Jair
16551,17707,17776,18065,20260,19352,29434,18340,19682,19930,20855,21656,21922,18657,38,607,0.9037963349974447,1278,589,29865,126,166,6915,8402,3541307,11879,58.63277393879566,13437,69.4346837536172,11570,53.42630217953454,12892,58.80850287382538,317,-10.62618087979181,Presidente Epitácio,1521762210.0,38520.75,39505.0,3911,5915,8499,9030,Presidente Prudente,1428.42,9946,49.90466633216257,12453,59.71229920882283,Jair → Jair
101760,105890,106531,111342,118572,115577,183253,112785,118549,121111,126902,129714,131674,115520,585,3346,0.6218703006971538,7876,2735,165357,841,691,28510,39814,3541406,77753,65.574503255406,90190,78.03455704854773,80615,62.14826464375472,89544,68.00431368379482,335,-10.030243364752906,Presidente Prudente,11617598706.0,51480.93,225668.0,12435,25387,38227,42130,Presidente Prudente,2104.17,71971,59.425650849220965,87088,68.62618398449197,Jair → Jair
16208,17490,17789,19019,19800,19427,27063,17958,18580,19091,20097,20397,20673,18072,25,721,1.9854922606637757,1541,563,26451,94,127,4550,6020,3541505,13355,67.44949494949495,15173,78.10264065475884,12542,61.489434720792275,14070,68.0597881294442,65,-10.042852525314643,Presidente Venceslau,1096298255.0,31143.95,35201.0,2338,4254,6300,6603,Presidente Prudente,1954.88,11067,57.96972395369546,14077,70.04528039010798,Jair → Jair
15025,15441,15652,16185,18350,17898,26319,16309,17081,17881,18889,19546,19959,16407,56,658,1.7603499424336064,1739,617,26572,99,88,5734,7267,3541604,10997,59.9291553133515,12565,70.20337467873506,10620,54.333367440908624,11929,59.76752342301719,48,-10.435851255717871,Promissão,3349680915.0,95348.29,35131.0,3800,5333,7709,8030,Bauru,1506.74,8770,49.0464739108551,11622,61.527873365450795,Jair → Jair
1562,1923,1925,1947,2146,2009,3400,2382,2541,2538,2627,2698,2735,2354,7,43,2.392549874075222,103,56,4032,16,18,538,1011,3541653,1083,50.46598322460392,1506,74.96266799402687,1374,50.92661230541142,1617,59.122486288848265,5,-15.840181705178608,Quadra,209960369.0,61662.37,3405.0,296,503,1054,1118,Sorocaba,1517.01,936,36.87943262411348,1616,61.51503616292349,Jair → Jair
6302,6446,6688,6838,7370,7090,11468,6417,6816,7033,7339,7630,7725,6511,8,314,1.9565728336135564,412,270,10143,16,52,1696,2583,3541703,4235,57.46268656716418,5221,73.63892806770099,4427,58.02096985583224,4855,62.84789644012945,23,-10.791031627571535,Quatá,1087543316.0,82621.23,13163.0,1089,1869,2696,2870,Presidente Prudente,1377.34,3159,44.91682070240296,4756,64.80446927374301,Jair → Jair
1922,2098,1955,1823,2163,1973,3482,2027,2243,2149,2217,2315,2329,2034,1,47,1.855272298660978,52,68,3296,8,10,792,946,3541802,1177,54.41516412390199,1314,66.59908768373036,1185,51.18790496760259,1292,55.47445255474452,1,-11.124635128985837,Queiroz,1095800380.0,335620.33,3265.0,554,659,1042,1037,Marília,1374.71,935,43.50860865518846,1271,57.3297248534055,Jair → Jair
4064,4253,4244,4295,4891,4556,7384,4689,5022,5133,5254,5472,5436,4617,3,91,2.2009650728986614,226,114,7125,43,29,1655,2695,3541901,1968,40.237170312819465,2652,58.208955223880594,2207,40.332602339181285,2528,46.50478292862399,8,-11.704172295256605,Queluz,481508718.0,52572.19,9159.0,1054,1904,2830,2908,São José dos Campos,1157.07,1343,26.164036625754918,2559,48.70574800152265,Jair → PT
3078,3229,3138,3266,3624,3524,5510,3553,3756,3708,3912,4075,4119,3541,4,83,1.8069413476676246,159,65,5220,11,6,1194,1466,3542008,2028,55.96026490066225,2473,70.17593643586834,2273,55.77914110429448,2501,60.718621024520516,0,-9.457315411347821,Quintana,371696180.0,52812.76,7038.0,604,1051,1596,1618,Marília,1452.52,2032,54.80043149946063,2446,62.52556237218814,Jair → Jair
4644,4844,4810,5044,5595,5400,8468,4979,5231,5209,5476,5701,5745,4904,16,199,1.5587441933500799,634,439,7251,47,32,1197,1597,3542107,3768,67.34584450402144,4378,81.07407407407408,3656,64.12910015786704,3980,69.27763272410792,90,-11.796441349966159,Rafard,594930466.0,66361.46,8965.0,614,1022,1598,1765,Campinas,1616.59,3016,57.89978882703014,3879,70.836376917458,Jair → Jair
14316,14930,14719,15036,16945,16160,25599,14826,15706,15879,16638,17307,17441,14810,49,349,1.072178991050201,951,373,22931,144,49,5234,6879,3542206,9303,54.901150781941574,11199,69.30074257425743,8855,51.16426879297394,10043,57.582707413565736,18,-11.718035160691691,Rancharia,1999656704.0,69947.42,28588.0,2874,4961,6949,7398,Presidente Prudente,1424.04,7912,49.82681529063543,9759,58.65488640461594,Jair → Jair
2477,2579,2628,2563,2824,2623,4628,2701,2861,2844,2944,3007,3057,2651,2,17,2.028954395471551,131,48,4305,13,0,664,1302,3542305,1302,46.10481586402266,1958,74.6473503621807,1427,47.4559361489857,1643,53.74550212626758,1,-20.90184823591312,Redenção da Serra,122058723.0,27160.37,4494.0,321,665,1279,1414,São José dos Campos,1108.67,858,30.168776371308017,1642,55.77445652173913,Jair → Jair
8760,9110,9365,10063,10592,10367,16128,10094,10736,11019,11651,11906,12103,10343,31,211,1.7027062218574969,587,233,15725,40,54,3067,4148,3542404,6503,61.395392749244714,7553,72.85617825793383,6866,57.66840248614144,7588,62.6951995373048,12,-10.160978720629032,Regente Feijó,1293798465.0,64224.3,20145.0,1508,2814,4179,4515,Presidente Prudente,1607.09,5197,47.16398947272892,7503,64.3979057591623,Jair → Jair
2875,2985,2965,3077,3288,3216,4969,3242,3363,3418,3466,3652,3634,3260,5,112,1.8844432955281292,214,125,4748,9,13,781,1001,3542503,2324,70.68126520681265,2621,81.49875621890547,2345,64.21139101861993,2516,69.23500275178866,11,-12.263753467116814,Reginópolis,270644409.0,35322.95,7662.0,296,595,1075,1118,Bauru,1654.56,1924,56.290228203627855,2465,71.11944604731679,Jair → Jair
24837,27866,28332,28155,30986,29486,49212,28948,31108,31253,31911,33796,33472,29619,27,545,0.03904327706246846,1636,794,45192,246,252,9372,11978,3542602,17734,57.23229845736785,21153,71.73913043478261,19226,56.888389158480294,20895,62.42531070745698,65,-9.31381972732563,Registro,2931914980.0,48908.45,59947.0,4702,8333,11683,12577,Sorocaba,1533.08,16261,52.03020510031037,19933,62.46435398451945,Jair → Jair
3898,4023,4051,4173,4523,4359,6967,4432,4620,4629,4816,4981,5039,4325,2,68,-0.03086391264416477,323,107,6829,34,10,1637,2366,3542701,2203,48.70661065664382,2599,59.623766919018124,2294,46.05500903433045,2565,50.90295693589998,2,-8.720809983118144,Restinga,311796861.0,48687.83,6404.0,1369,1760,2439,2474,Ribeirão Preto,1215.0,1902,41.08878807517822,2450,50.872093023255815,Jair → Jair
1803,1897,1952,1868,2116,1969,3498,1984,2123,2139,2128,2254,2252,1992,1,18,0.36759305012086685,47,33,2895,9,5,1161,1248,3542800,697,32.93950850661626,988,50.177755205688165,817,36.24667258207631,923,40.98579040852575,3,-9.191964797162413,Ribeira,61921669.0,19770.65,3132.0,805,981,1307,1329,Sorocaba,1092.39,554,25.89995324918186,880,41.35338345864662,Jair → PT
4731,5002,4930,5125,5826,5490,8567,5049,5416,5672,5956,6264,6303,5068,13,169,1.482080713108246,281,137,8646,32,30,1775,2619,3542909,3147,54.01647785787848,3712,67.61384335154827,3066,48.946360153256705,3438,54.54545454545455,13,-13.068388806093722,Ribeirão Bonito,494054078.0,44958.97,10989.0,988,1778,2671,2865,Araraquara,1436.29,2272,40.05641748942172,3337,56.02753525856279,Jair → Jair
8726,9628,9799,9112,10680,9731,17373,9347,10142,10027,10487,10794,10870,9304,2,100,2.234054358622835,309,112,14341,27,19,4779,5152,3543006,3499,32.762172284644194,5242,53.86907820367897,4680,43.357420789327406,5287,48.638454461821524,10,-5.230623741857443,Ribeirão Branco,640748923.0,34398.93,18627.0,3779,4489,5475,5583,Sorocaba,1023.29,3550,35.404408098135036,5335,50.87250882044436,Jair → PT
2578,2618,2565,2588,2821,2709,4617,2810,3009,3015,3126,3137,3259,2837,10,238,2.0228347425908737,232,34,4389,15,12,681,1365,3543105,1403,49.73413683091103,1749,64.562569213732,1586,50.55785782594836,1770,54.311138386007975,3,-10.251430827724029,Ribeirão Corrente,282574463.0,61322.58,4608.0,601,960,1396,1489,Ribeirão Preto,1222.84,1151,38.175787728026535,1761,56.33397312859885,Jair → Jair
2349,2584,2459,2538,2827,2722,4417,2652,2802,2835,2993,3046,3105,2654,2,30,-1.0167363138789227,65,35,3932,14,7,1230,1485,3543204,1302,46.05588963565617,1583,58.15576781778104,1452,47.66907419566645,1596,51.40096618357488,1,-6.75480163420616,Ribeirão do Sul,326854578.0,69885.52,4677.0,908,1139,1452,1509,Marília,1402.27,1176,41.48148148148148,1508,50.38422986969596,Jair → Jair
1071,956,1107,1240,1265,1266,1858,1222,1315,1353,1436,1441,1465,1226,0,18,0.7560344909542067,25,31,1924,5,0,633,739,3543238,506,40.0,676,53.39652448657188,620,43.02567661346287,700,47.781569965870304,0,-5.614954520701573,Ribeirão dos Índios,56509323.0,27905.84,2025.0,409,590,733,765,Presidente Prudente,1309.36,425,31.411677753141166,697,48.53760445682451,Jair → PT
3815,4192,4247,4287,4733,4443,7517,4110,4560,4600,4796,4910,4950,4195,6,60,3.5727921415994857,221,43,6403,12,9,1719,2496,3543253,1822,38.49566870906402,2545,57.28111636281792,1838,37.43380855397149,2197,44.38383838383838,3,-12.897277978979538,Ribeirão Grande,127268877.0,17083.07,7450.0,1342,1898,2558,2753,Sorocaba,1110.8,1072,23.304347826086957,2300,47.956630525437866,Jair → PT
47859,51825,54075,57978,63626,61554,94089,55063,59363,60625,63701,67398,67518,55375,190,2168,-0.591852507986907,5572,1964,85875,652,556,23316,31385,3543303,33301,52.338666582843494,41053,66.694284693115,28959,42.96715036054482,34652,51.32261026689179,321,-15.371674426223201,Ribeirão Pires,4853228612.0,41997.84,115559.0,10139,20501,29374,32866,São Paulo,1660.3,21952,36.20948453608248,32316,50.730757758904886,Jair → Jair
237660,251765,261387,278927,305135,297645,444667,282200,301343,310185,328759,342895,346147,288937,1069,15877,-0.056201887395388894,20473,9260,471134,2410,2335,99818,132947,3543402,177963,58.322709620331985,215117,72.27300979354601,180226,52.56011315417256,206363,59.61715687265815,1842,-12.65585292088786,Ribeirão Preto,52306819755.0,74869.27,698642.0,33410,82528,125555,139784,Ribeirão Preto,2507.29,150509,48.52233344616922,195812,59.56095498526276,Jair → Jair
2822,2806,2839,2893,3135,3032,4966,2907,3118,3201,3321,3368,3403,2941,4,64,2.0642642838744294,188,73,4560,9,6,1003,1529,3543501,1435,45.77352472089314,1741,57.42084432717678,1542,45.78384798099763,1766,51.89538642374376,2,-5.525457903433022,Riversul,119164482.0,21283.17,5599.0,1076,1291,1567,1637,Sorocaba,1032.65,960,29.99062792877226,1792,53.95965070761819,Jair → Jair
2432,2545,2437,2302,2725,2529,4300,3007,3149,3066,3205,3308,3349,2905,0,63,1.5791334549768976,128,77,5143,18,34,1170,1427,3543600,1452,53.28440366972477,1672,66.11308817714512,1626,49.15356711003628,1805,53.89668557778441,12,-12.216402599360705,Rifaina,232910865.0,57523.06,4049.0,572,857,1533,1544,Ribeirão Preto,1599.06,1518,49.510763209393346,1778,55.47581903276131,Jair → Jair
4096,4211,4376,4804,5138,5149,7652,4493,4860,4911,5222,5463,5508,4506,1,77,0.5337940955351499,225,114,7182,33,25,2449,2768,3543709,2237,43.5383417672246,2957,57.42862691784813,2249,41.16785648910855,2559,46.45969498910675,19,-10.968931928741377,Rincão,346936887.0,38133.31,9098.0,1335,2192,2895,2949,Araraquara,1396.8,1755,35.736102626756264,2454,46.9934890846419,Jair → PT
4520,4563,4622,4881,5353,5155,7722,4635,4916,5084,5358,5569,5680,4723,14,277,1.7173280444143018,355,191,7458,58,13,1019,1605,3543808,3285,61.367457500467026,4076,79.06886517943744,3477,62.434907523792425,3881,68.3274647887324,10,-10.741400390705039,Rinópolis,495679830.0,53534.92,9259.0,677,1079,1712,1799,Marília,1359.86,2847,55.99921321793863,3753,70.0447928331467,Jair → Jair
87240,89896,90046,95267,105417,102573,155675,97616,100603,102884,109847,114947,116390,96899,288,5570,0.16599168353444327,10473,5159,151028,1094,913,26119,35370,3543907,68986,65.44105789388809,81089,79.05491698595146,69596,60.54616475419106,78720,67.63467651860125,740,-11.420240467350212,Rio Claro,15427116506.0,76592.54,201418.0,9148,21484,33920,37670,Campinas,2056.67,58351,56.7153298860853,74477,67.8006682021357,Jair → Jair
13457,14178,14160,15033,17386,16971,24041,15715,16648,16931,18088,19222,19382,15796,39,919,1.0893925481819906,2069,1067,25321,326,221,4585,5785,3544004,10966,63.07373748993443,12839,75.65258381945672,11631,60.508792009156174,12972,66.92807759777112,136,-8.724506221685601,Rio das Pedras,2037525868.0,65038.49,31328.0,2580,4132,6137,6410,Campinas,1563.69,9526,56.26365837812297,12303,68.01747014595311,Jair → Jair
18186,19737,20079,21413,23986,22959,34197,21458,22674,23103,24286,26266,26283,20580,48,549,-0.41275561771939095,1518,580,33756,264,140,10388,13590,3544103,10946,45.63495372300508,13583,59.16198440698637,9689,36.88799208101729,11684,44.4545904196629,66,-14.70739398732347,Rio Grande da Serra,1166050396.0,26399.15,44170.0,5573,9376,13757,14599,São Paulo,1233.69,6819,29.51564731853006,10696,44.04183480194351,Jair → PT
4186,4414,4365,4376,4811,4605,7486,4668,5029,5073,5209,5386,5405,4667,4,159,1.7446463984894862,287,146,7099,5,29,1970,2570,3544202,2133,44.335896902930784,2503,54.353963083604775,2449,45.4697363535091,2644,48.91766882516189,6,-5.436294258442885,Riolândia,390634838.0,37892.6,10309.0,1674,2102,2751,2761,São José do Rio Preto,1152.39,1863,36.723832052040216,2639,50.662315223651376,Jair → PT
8021,8074,8237,8155,9421,9009,14436,8389,9010,9217,9560,9940,10038,8534,35,334,1.1038055389519812,672,227,14313,43,49,4606,5144,3544251,3947,41.89576478080883,4592,50.971250971250974,3990,40.140845070422536,4526,45.08866308029488,19,-5.882587890956096,Rosana,1542730941.0,88459.34,17440.0,3412,4417,5302,5512,Presidente Prudente,1598.65,3633,39.41629597482912,4416,46.19246861924686,Jair → PT
5219,5446,5561,5620,6175,5870,9527,5823,6077,6073,6324,6633,6616,5689,8,193,0.39764257694339733,741,186,8339,60,24,1621,2354,3544301,3615,58.54251012145749,4461,75.99659284497444,3675,55.40479421076436,4127,62.37908101571947,13,-13.617511829254973,Roseira,450314327.0,41572.59,10832.0,623,1409,2338,2489,São José dos Campos,1393.07,2910,47.91700971513255,3970,62.77672359266287,Jair → Jair
1449,1476,1471,1486,1623,1516,2620,1627,1701,1725,1716,1780,1771,1615,0,23,1.623376623376629,52,53,2392,10,7,457,663,3544400,817,50.338878619839804,1048,69.12928759894459,993,55.78651685393258,1058,59.74025974025974,1,-9.389027858684848,Rubiácea,88678676.0,32843.95,2700.0,363,468,658,713,Araçatuba,1214.43,738,42.78260869565217,1053,61.36363636363637,Jair → Jair
1739,1733,1684,1816,1994,1939,2900,2082,2120,2178,2246,2318,2347,2018,4,85,1.369247644157241,88,80,3925,7,22,568,842,3544509,1161,58.224674022066196,1370,70.65497679216091,1322,57.03192407247627,1435,61.141883255219426,2,-9.513093536941483,Rubinéia,196382182.0,51234.59,3833.0,381,569,852,912,São José do Rio Preto,1417.38,1061,48.71441689623508,1404,62.51113089937667,Jair → Jair
2396,2565,2435,2649,2932,2923,3923,2703,2834,2906,3051,3121,3222,2614,10,120,1.4710810083331936,193,74,4357,12,11,725,1224,3544608,1752,59.75443383356071,2066,70.68080738966815,1656,53.05991669336751,1882,58.41092489137182,5,-12.269882498296326,Sabino,183224581.0,35842.05,5112.0,557,857,1313,1340,Bauru,1431.47,995,34.2395044735031,1827,59.882005899705014,Jair → Jair
1305,1343,1358,1384,1517,1407,2363,1417,1434,1461,1482,1544,1552,1329,0,28,2.1891564756458948,65,14,2097,6,1,366,678,3544707,620,40.87013843111404,865,61.478322672352526,673,43.5880829015544,808,52.06185567010309,0,-9.416467002249433,Sagres,72625441.0,29355.47,2474.0,366,542,734,744,Presidente Prudente,1184.76,407,27.857631759069132,804,54.25101214574899,Jair → Jair
2897,3057,3003,3154,3464,3309,5208,3297,3498,3573,3678,3763,3839,3383,5,117,1.3096322182641984,286,101,5360,27,33,589,976,3544806,2169,62.61547344110855,2679,80.96101541251133,2557,67.95110284347595,2770,72.15420682469393,9,-8.8068085878174,Sales,266233881.0,41359.93,6437.0,379,630,1004,1069,São José do Rio Preto,1449.56,1914,53.56842989084803,2702,73.46383904295813,Jair → Jair
4735,4913,4858,5313,5805,5669,8308,5702,5976,5793,6094,6435,6429,5375,5,89,0.9337356578226377,386,131,8530,23,27,1603,2146,3544905,3533,60.86132644272179,4182,73.76962427235844,3730,57.96425796425797,4105,63.85129880230207,6,-9.918325470056374,Sales Oliveira,529464336.0,46399.47,11411.0,728,1487,2192,2324,Ribeirão Preto,1668.02,3003,51.83842568617297,3948,64.7850344601247,Jair → Jair
9108,9451,9216,9591,10494,9995,16347,10092,10479,10237,10876,11348,11340,9580,16,190,0.8424743768620147,471,237,14749,73,35,2790,4230,3545001,5382,51.286449399656945,7429,74.3271635817909,5804,51.1455763130067,6834,60.264550264550266,31,-14.062613317240633,Salesópolis,310985155.0,20456.86,15202.0,951,2566,4018,4506,São Paulo,1326.05,4054,39.60144573605548,6646,61.10702464141228,Jair → Jair
2364,2458,2429,2558,2812,2720,4156,2528,2673,2706,2829,2989,2994,2504,4,33,2.376191053014473,118,76,3879,11,16,715,1112,3545100,1383,49.18207681365576,1786,65.66176470588235,1602,53.59652057544329,1746,58.31663326653307,4,-7.345131439349281,Salmourão,114823550.0,23881.77,4808.0,556,934,1234,1248,Presidente Prudente,1280.67,1235,45.63932002956393,1717,60.69282431954754,Jair → Jair
4419,4553,4534,4735,5147,4993,8157,4876,5050,5070,5343,5468,5578,4944,10,266,0.7645138346302787,680,758,7148,70,107,652,963,3545159,3976,77.24888284437536,4454,89.20488684157822,4143,75.76810534016094,4530,81.21190390821083,43,-7.9929829333673865,Saltinho,471342306.0,57755.46,8161.0,187,539,909,1048,Campinas,1814.85,3447,67.98816568047337,4380,81.97641774284111,Jair → Jair
53774,55352,55268,57255,64387,62290,95983,62456,64403,65589,68902,72459,73071,61366,231,3586,0.2466440338386917,6061,2595,95435,561,534,20462,26539,3545209,38528,59.83816608942799,46789,75.1147856798844,39008,53.834582315516364,44746,61.2363317868922,394,-13.878453892992205,Salto,11498958795.0,85609.32,134319.0,8909,15501,25788,28325,Sorocaba,1902.87,32330,49.29180197899038,42363,61.48297582073089,Jair → Jair
15736,17339,17884,18331,21015,20191,30832,18300,20085,20409,21508,22572,22949,18477,72,593,0.8801713153390196,2067,616,31396,218,135,6399,8672,3545308,11302,53.78063288127528,14417,71.40310039126344,11726,51.94931773879142,13494,58.799947710139875,53,-12.60315268112356,Salto de Pirapora,2856415228.0,65292.48,43748.0,2989,5774,8862,9455,Sorocaba,1536.7,8321,40.77122837963643,12836,59.680119025478895,Jair → Jair
3816,4135,3899,4020,4446,4251,6865,4252,4466,4426,4627,4868,4906,4169,3,28,1.7873915939084242,48,49,6588,22,10,1342,1846,3545407,2354,52.94646873594242,2936,69.06610209362503,2592,53.24568611339359,2861,58.316347329800244,2,-10.74975476382479,Salto Grande,394927897.0,43638.44,9050.0,699,1315,1940,2045,Marília,1320.5,2187,49.412562132851335,2781,60.10373892370867,Jair → Jair
2147,2225,2273,2227,2448,2306,4134,2281,2445,2432,2514,2556,2558,2291,2,11,0.6884045125250111,48,26,4894,4,0,1418,1565,3545506,805,32.88398692810458,983,42.62792714657415,863,33.76369327073552,948,37.06020328381548,0,-5.567723862758669,Sandovalina,455962205.0,125092.51,3645.0,1123,1323,1562,1610,Presidente Prudente,1322.62,692,28.45394736842105,949,37.748607796340494,PT → PT
6040,6546,6340,7009,7526,7352,10938,7082,7919,7683,7912,8276,8349,7047,6,173,3.4095435465046577,578,138,10863,91,49,1572,2740,3545605,4511,59.93887855434494,5649,76.83623503808488,4617,55.78782020299661,5173,61.95951610971374,5,-14.87671892837114,Santa Adélia,560338958.0,39972.82,14018.0,946,1703,3028,3176,São José do Rio Preto,1450.23,2978,38.7609006898347,5172,65.3690596562184,Jair → Jair
2951,2946,2927,3175,3451,3313,5108,3300,3461,3598,3734,3879,3925,3271,14,336,1.8716425751998287,228,151,5094,23,28,921,1379,3545704,1963,56.88206317009563,2454,74.07183821309991,2194,56.56096932199021,2402,61.197452229299365,2,-12.874385983800543,Santa Albertina,333896991.0,52228.53,6393.0,609,859,1442,1523,São José do Rio Preto,1489.31,1612,44.80266814897165,2355,63.069094804499194,Jair → Jair
80958,86386,85531,90479,102209,98908,147109,94317,102276,98992,104026,109905,110889,93587,307,4044,0.17314379579669037,11179,2622,138421,1438,646,27006,34832,3545803,64931,63.52767368822706,76429,77.27281918550572,64676,58.84718620626905,73567,66.34291949607265,415,-10.929899689433071,Santa Bárbara d'Oeste,10803991725.0,58926.47,183347.0,12473,22479,34471,37322,Campinas,1877.28,55354,55.91764991110393,69194,66.51606329186934,Jair → Jair
7488,7568,7690,7774,8571,8159,13395,7804,8144,8094,8464,8858,8816,7608,14,266,1.2033671379413207,751,212,11915,56,37,2359,3244,3546009,4729,55.17442538793606,6230,76.35739673979654,4765,53.793181305035,5331,60.469600725952816,19,-15.887796013843726,Santa Branca,357556385.0,25585.43,13975.0,863,1929,3116,3485,São José dos Campos,1448.84,3863,47.726711144057326,5220,61.67296786389414,Jair → Jair
1292,1257,1261,1346,1459,1452,2157,1541,1583,1627,1682,1734,1762,1466,1,45,2.364219667144006,57,59,2443,2,7,363,680,3546108,817,55.997258396161754,988,68.04407713498622,926,53.40253748558247,1008,57.20771850170261,0,-10.836358633283616,Santa Clara d'Oeste,130552835.0,50251.28,2598.0,329,464,735,754,São José do Rio Preto,1467.76,673,41.36447449293178,1002,59.571938168846614,Jair → Jair
2356,2470,2491,2565,2847,2734,4341,2714,2839,2893,2982,3093,3085,2713,8,125,0.846755302207626,241,128,4152,15,58,601,865,3546207,1919,67.40428521250439,2202,80.54133138258962,1982,64.08018105399289,2164,70.14586709886548,18,-10.395464283724138,Santa Cruz da Conceição,200489693.0,46876.24,4277.0,300,532,855,921,Campinas,1761.73,1633,56.44659522986519,2117,70.9926224010731,Jair → Jair
1183,1264,1221,1245,1398,1316,2065,1392,1468,1432,1498,1564,1567,1347,6,38,0.46021796345350907,50,34,2343,3,8,457,625,3546256,774,55.36480686695279,941,71.50455927051672,804,51.406649616368284,906,57.8174856413529,4,-13.68707362916382,Santa Cruz da Esperança,101458892.0,47948.44,2116.0,159,375,650,661,Ribeirão Preto,1486.5,648,45.25139664804469,873,58.27770360480641,Jair → Jair
12131,13157,13078,13827,15578,15125,23067,12883,13756,13893,15021,15883,16125,12636,52,560,1.2264553655889472,1619,564,21473,177,111,4099,5500,3546306,9334,59.91783284118629,11123,73.5404958677686,8866,55.82068878675313,10023,62.15813953488372,70,-11.382356332884875,Santa Cruz das Palmeiras,788978101.0,27334.33,28864.0,2524,4002,5725,6102,Campinas,1607.04,6361,45.785647448355284,9521,63.38459490047267,Jair → Jair
21805,21554,21616,22516,24477,23610,37268,21887,22760,23295,24517,25482,25813,22319,49,857,0.8205274439734183,2313,832,34107,162,182,4774,6587,3546405,16684,68.1619479511378,19301,81.74925878864887,16884,66.2585354367789,18666,72.3124007283152,69,-9.436858060333677,Santa Cruz do Rio Pardo,4319822468.0,93015.43,46442.0,1657,4309,6545,7147,Marília,1738.78,14537,62.40394934535308,17930,73.13292817228862,Jair → Jair
3043,3173,3141,3362,3576,3489,5459,3332,3538,3592,3763,3914,3935,3328,0,95,2.0938510157586663,175,98,5048,18,16,1255,1676,3546504,1835,51.31431767337808,2232,63.97248495270851,1905,48.67143587123147,2100,53.367217280813215,19,-10.605267671895298,Santa Ernestina,152154555.0,24869.98,6118.0,837,1257,1794,1835,Ribeirão Preto,1533.31,1535,42.733853006681514,2087,55.46106829657188,Jair → Jair
15369,14303,14568,15673,16826,16614,24551,17368,17274,17767,18663,19051,19409,16643,26,637,2.012439234526809,1242,708,25902,55,174,3725,5539,3546603,10998,65.36312849162012,13054,78.57228843144335,11880,62.35893128969608,13258,68.30851666752538,42,-10.263771763917973,Santa Fé do Sul,1988880172.0,57161.58,34794.0,1957,3560,5692,6151,São José do Rio Preto,1938.25,9803,55.17532504080599,13124,70.32095590205219,Jair → Jair
10383,10566,10704,11562,12638,12533,18816,12230,13215,12987,13843,14474,14646,12361,25,502,1.7727462975606727,1237,445,19166,194,126,3344,4385,3546702,8253,65.30305428074062,9755,77.83451687544881,8755,60.487771175901614,9747,66.55059401884473,62,-11.283922856604079,Santa Gertrudes,3568256895.0,151126.89,23611.0,1617,2778,4664,4899,Campinas,1593.01,7471,57.52675752675753,9458,68.3233403164054,Jair → Jair
22441,23771,23432,25179,28268,27404,39917,26622,28134,27737,29265,31767,31656,25765,85,890,0.20127473621803205,2335,872,41754,288,169,8416,11215,3546801,16214,57.35814348379793,20358,74.28842504743832,17120,53.892404067113674,19461,61.4764973464746,88,-12.811927700963722,Santa Isabel,2298061229.0,43217.76,53174.0,3311,7046,11398,12195,São Paulo,1412.6,13104,47.243753830623355,18050,61.677772082692634,Jair → Jair
3852,3867,4010,4145,4944,4791,6764,3980,4224,4347,4528,4954,4975,3827,2,90,0.6394206012394079,226,94,6330,41,13,1969,2585,3546900,2263,45.77265372168285,2824,58.94385305781674,1808,36.49576100121114,2103,42.2713567839196,8,-16.67249627389714,Santa Lúcia,185362450.0,25928.44,7149.0,1317,1967,2798,2872,Araraquara,1388.3,1240,28.525419829767657,1943,42.91077738515901,Jair → PT
2411,2523,2499,2634,2793,2795,4323,2642,2758,2857,3052,3124,3209,2648,3,137,3.6058786987939797,159,79,4228,3,10,606,997,3547007,1733,62.04797708557107,2074,74.20393559928443,1828,58.51472471190781,2045,63.72701776254285,0,-10.476917836741585,Santa Maria da Serra,197769076.0,37720.59,5243.0,432,721,1110,1164,Campinas,1491.6,1337,46.79733986699335,2055,67.33289646133683,Jair → Jair
1433,1500,1529,1602,1728,1682,2637,1685,1797,1762,1786,1900,1875,1646,2,32,1.4714445688689821,99,34,2680,2,1,524,831,3547106,881,50.9837962962963,1029,61.17717003567182,905,47.63157894736842,975,52.0,8,-9.177170035671821,Santa Mercedes,97262169.0,32903.3,2956.0,428,653,884,900,Presidente Prudente,1549.88,634,35.98183881952327,955,53.47144456886898,Jair → Jair
966,910,931,1042,1105,1069,1605,1036,1069,1105,1166,1162,1198,1016,0,42,0.9335169822774887,62,31,1933,0,1,291,467,3547205,592,53.574660633484164,733,68.56875584658559,628,54.0447504302926,707,59.01502504173623,4,-9.553730804849359,Santana da Ponte Pensa,56776266.0,33997.76,1670.0,207,336,449,491,São José do Rio Preto,1574.52,480,43.43891402714932,699,59.94854202401372,Jair → Jair
55770,54122,56663,58134,63975,60783,98380,67958,71950,75135,73130,78291,77577,66889,224,2740,0.9640046369477844,4895,2075,111522,410,662,16262,32333,3547304,32656,51.044939429464634,40706,66.96938288666239,34978,44.67691050056839,42530,54.82295010118978,380,-12.146432785472605,Santana de Parnaíba,14328397388.0,92978.15,154105.0,11335,20077,31423,35047,São Paulo,3465.07,22733,30.256205496772477,40797,55.78695473813757,Jair → Jair
1411,1418,1409,1562,1647,1638,2428,1583,1652,1711,1805,1828,1864,1565,1,59,0.9204879150666301,78,46,2472,7,4,492,760,3547403,890,54.03764420157863,1127,68.80341880341881,929,50.820568927789935,1062,56.97424892703863,1,-11.829169876380178,Santa Rita d'Oeste,105525401.0,38611.56,2733.0,342,511,746,802,São José do Rio Preto,1350.25,663,38.74926943308007,1045,57.89473684210526,Jair → Jair
12622,13047,13025,13378,14644,14143,22913,12593,13543,13378,14244,14678,14922,12802,371,1901,0.169395317882703,1399,306,20029,107,67,2952,4322,3547502,10143,69.26386233269598,11659,82.43654104503995,9223,62.835536176590814,10369,69.48800428896931,15,-12.948536756070638,Santa Rita do Passa Quatro,992179626.0,39954.08,24833.0,998,2484,4016,4553,Araraquara,1753.02,7432,55.553894453580504,9922,69.65739960685201,Jair → Jair
9818,10482,10381,11009,12390,12094,17904,11565,12132,11899,12815,13504,13759,11076,28,311,0.981529289224568,553,308,18058,75,56,4136,5443,3547601,6580,53.10734463276836,8540,70.61352736894328,6677,49.444609004739334,7780,56.54480703539502,34,-14.068720333548264,Santa Rosa de Viterbo,1131988610.0,48352.85,23411.0,1573,3554,5505,5979,Ribeirão Preto,1588.13,5153,43.30616018152786,7372,57.526336324619585,Jair → Jair
1144,1089,1156,1223,1318,1287,1877,1222,1255,1275,1321,1359,1356,1202,10,151,1.0581842217502953,100,63,1841,6,6,331,402,3547650,824,62.51896813353566,980,76.14607614607614,852,62.69315673289183,929,68.51032448377582,8,-7.635751662300322,Santa Salete,66139508.0,40206.39,1645.0,230,307,425,427,São José do Rio Preto,1589.31,763,59.84313725490196,919,69.56850870552611,Jair → Jair
9135,8716,9242,9824,10664,10408,15155,9386,10120,10385,11180,11357,11612,9642,58,296,1.2840796979498705,757,290,15092,56,60,3693,4345,3547700,6073,56.94861215303826,7122,68.42813220599538,6251,55.04094391124416,6950,59.851877368239755,31,-8.576254837755627,Santo Anastácio,630472796.0,35098.41,17963.0,2055,3286,4412,4662,Presidente Prudente,1557.89,5576,53.69282619162253,6835,61.135957066189626,Jair → Jair
314141,331094,355066,370442,409682,395060,622979,377157,385396,398688,412622,434813,433097,368665,1728,18925,-0.5427941772236053,34678,12716,573176,4358,3592,155087,199768,3547809,212986,51.9881273768435,264039,66.83516427884372,188805,43.42211479417589,225767,52.1285070088225,2793,-14.706657270021218,Santo André,36931350665.0,49312.88,748919.0,70491,131021,185501,207330,São Paulo,2460.93,149338,37.457360141263344,212854,51.5857128315989,Jair → Jair
3262,3495,3377,3414,3897,3676,5872,3631,3899,3777,4057,4163,4215,3496,6,86,1.7236409632487977,151,89,5708,20,11,1295,1755,3547908,1887,48.42186297151655,2294,62.40478781284004,2025,48.64280566898871,2319,55.01779359430605,6,-7.386994218533992,Santo Antônio da Alegria,282936894.0,41761.9,6775.0,829,1382,1759,1896,Ribeirão Preto,1366.48,1512,40.031771247021446,2302,56.74143455755485,Jair → Jair
9103,9978,9887,10395,11696,11279,17281,10249,11073,11339,12104,12698,12843,10363,23,532,2.187195516301685,1273,609,16304,207,138,2868,3736,3548005,7618,65.13337893296854,8882,78.74811596772764,7677,60.458339896046624,8598,66.94697500583976,74,-11.801140961887882,Santo Antônio de Posse,2146889717.9999998,92363.18,23244.0,1457,2397,4089,4245,Campinas,1423.41,5891,51.95343504718229,8368,69.13417052214145,Jair → Jair
4395,4566,4548,4685,4916,4759,8410,5013,5215,5281,5438,5513,5553,5055,8,107,1.033022450349229,180,78,7300,5,21,1615,2158,3548054,2704,55.00406834825061,3165,66.505568396722,3026,54.888445492472336,3292,59.28327030433999,14,-7.222298092382005,Santo Antônio do Aracanguá,380219452.0,45377.66,8379.0,1332,1594,2206,2261,Araçatuba,1499.77,1890,35.78867638704791,3280,60.31629275468922,Jair → Jair
3164,3298,3268,3467,3814,3728,5785,3232,3466,3438,3693,3891,4007,3196,5,212,0.6998110739187808,220,93,5177,22,31,874,1305,3548104,2182,57.21027792343996,2879,77.22639484978541,2190,56.28373168851195,2563,63.96306463688545,19,-13.263330212899959,Santo Antônio do Jardim,253743152.0,41420.69,6126.0,442,849,1320,1444,Campinas,1487.79,1574,45.782431646305994,2388,64.66287571080423,Jair → Jair
3467,3637,3841,3929,4311,4035,6745,3784,4164,4209,4478,4646,4742,3889,9,159,1.9226382356858167,296,111,6122,49,32,1103,1829,3548203,2103,48.782185107863604,3093,76.6542750929368,2369,50.99009900990099,2714,57.23323492197385,8,-19.421040170962947,Santo Antônio do Pinhal,191747438.0,26881.74,7133.0,364,942,1718,2028,São José dos Campos,1728.57,1678,39.866951770016634,2649,59.15587315765967,Jair → Jair
1537,1738,1755,1784,1896,1823,2904,1785,1875,1954,2038,2062,2088,1835,4,27,0.4968340984888613,63,26,2688,6,6,772,963,3548302,987,52.05696202531646,1125,61.71146461876029,1006,48.78758486905917,1091,52.25095785440613,7,-9.460506764354157,Santo Expedito,60255674.0,20085.22,3000.0,483,698,954,997,Presidente Prudente,1258.52,817,41.81166837256909,1075,52.74779195289499,Jair → Jair
2079,2142,2035,2139,2339,2278,3715,2044,2172,2279,2333,2408,2461,2048,4,59,2.1984100706555907,91,27,3238,18,11,501,873,3548401,1361,58.18725951261223,1616,70.93942054433714,1315,54.60963455149502,1486,60.38195855343356,1,-10.557461990903576,Santópolis do Aguapeí,97801855.0,25083.83,3899.0,471,662,959,975,Araçatuba,1254.45,658,28.872312417727073,1460,62.580368624089154,Jair → Jair
213736,221125,225935,232379,246391,236628,397678,232971,244695,245668,249210,261974,259567,234207,970,4946,0.38181778522965715,22954,5600,348128,1527,1172,81488,108205,3548500,136051,55.21752012045894,168843,71.35377047517622,126156,48.15592387030774,145874,56.198977527960025,1136,-15.154792947216194,Santos,30961718450.0,73963.51,418608.0,25483,67785,99198,113693,São Paulo,3237.52,113552,46.22173013986355,141005,56.58079531318968,Jair → Jair
5248,5493,5610,5643,6436,6037,9742,5575,6187,6194,6558,6855,6981,5701,14,322,1.5267489210355691,459,186,9087,42,43,1444,2301,3548609,3369,52.34617775015538,4667,77.30660924300149,3768,54.967177242888404,4425,63.38633433605501,38,-13.920274906946482,São Bento do Sapucaí,354768094.0,30389.59,11674.0,404,1370,2269,2556,São José dos Campos,1710.26,2781,44.89828866645141,4257,64.91308325709058,Jair → Jair
345857,366109,394021,405143,450845,433553,680943,412018,438452,447862,463891,488795,487152,411761,1862,17670,0.013176628779383748,32099,11245,626754,4205,3314,200752,249641,3548708,207539,46.03333739977154,258269,59.57034088104569,185834,38.01880133798423,224929,46.17224192859724,2391,-13.39809895244845,São Bernardo do Campo,71965791185.0,88766.77,810729.0,107778,175284,240348,262223,São Paulo,2229.41,144394,32.24073486922311,214250,46.18541855737662,Jair → PT
87883,92713,98583,101068,107551,102524,178395,101415,104416,107926,110411,114483,113449,102818,676,7456,0.0326162324719661,9387,3828,147740,893,1205,30683,44048,3548807,62018,57.663806008312335,77010,75.11411962077172,57617,50.32799629639335,68152,60.07280804590609,1024,-15.041311574865624,São Caetano do Sul,22553448009.0,136147.1,165655.0,9132,25514,38172,45297,São Paulo,3884.58,47784,44.27478086837277,66363,60.10542427837806,Jair → Jair
98848,103525,107315,113852,127732,123635,189775,113912,119900,125811,132801,141343,141689,115481,594,6557,-0.0664167898367296,10558,4816,195907,1259,864,48302,63862,3548906,67622,52.940531738327124,83202,67.29647753467869,63581,44.98347990349717,73647,51.9779234802984,671,-15.318554054380286,São Carlos,18386920167.0,72146.03,254857.0,16249,40433,60894,68042,Araraquara,2281.26,51718,41.107693285960686,68939,51.91150669046167,Jair → Jair
1348,1296,1366,1548,1646,1691,2295,1447,1573,1648,1789,1816,1870,1480,2,79,0.7828291131483809,98,90,2507,3,7,512,781,3549003,891,54.13122721749696,1087,64.28149024246008,900,49.559471365638764,1039,55.56149732620321,1,-8.71999291625687,São Francisco,59556069.0,22888.57,2602.0,423,604,781,831,São José do Rio Preto,1574.4,674,40.898058252427184,1008,56.34432643935159,Jair → Jair
38565,42363,42297,43860,48363,46561,73164,43986,45408,46935,49765,51637,52462,43973,147,4208,0.13107964797974603,4580,2140,67282,516,538,11828,17220,3549102,29996,62.022620598391335,36546,78.49058224694487,30283,58.64593218041327,34240,65.26628797987115,325,-13.224294267073716,São João da Boa Vista,5011180867.0,54147.42,92547.0,4113,10015,16315,18222,Campinas,1961.78,24494,52.187067220624265,32545,65.3973676278509,Jair → Jair
1354,1456,1304,1491,1567,1553,2262,1429,1498,1553,1654,1704,1738,1363,0,45,2.0306457964303135,43,23,2243,4,2,566,900,3549201,706,45.054243777919595,873,56.2137797810689,645,37.852112676056336,757,43.555811277330264,1,-12.657968503738637,São João das Duas Pontes,72713498.0,28183.53,2580.0,463,680,945,981,São José do Rio Preto,1560.38,451,29.040566645202833,754,45.58645707376058,Jair → PT
1049,1105,1047,1067,1162,1106,1930,1151,1237,1237,1295,1300,1334,1180,1,8,-1.0844384757428216,14,25,1814,1,4,392,746,3549250,454,39.070567986230635,572,51.717902350813745,508,39.07692307692308,580,43.47826086956522,3,-8.239641481248526,São João de Iracema,69614459.0,37710.97,1846.0,349,534,709,754,São José do Rio Preto,1454.39,321,25.949878738884397,549,42.3938223938224,Jair → PT
1277,1350,1296,1373,1480,1439,2139,1372,1497,1423,1528,1568,1589,1300,0,33,2.0454350755686193,57,15,1905,5,1,629,789,3549300,683,46.148648648648646,860,59.76372480889506,633,40.369897959183675,736,46.31843926998112,3,-13.445285538913943,São João do Pau d'Alho,83376430.0,37188.42,2242.0,432,579,828,853,Presidente Prudente,1578.37,552,38.791286015460294,739,48.36387434554974,Jair → PT
19558,20730,21173,22389,24434,23695,36535,23039,24028,24610,26411,27359,27843,22718,36,747,1.1908014386823922,1511,605,35889,167,189,9553,11978,3549409,13472,55.13628550380617,16374,69.10318632622916,13007,47.54194232245331,14884,53.456883238156806,73,-15.646303088072358,São Joaquim da Barra,2733786441.0,56299.4,48558.0,4117,7321,11969,12959,Ribeirão Preto,1577.23,11096,45.08736286062576,14433,54.6476846768392,Jair → Jair
3633,3763,3757,4026,4418,4305,6352,3851,4170,4278,4612,4775,4911,3768,2,120,0.9843426345409725,249,87,6915,35,19,1707,2401,3549508,2164,48.98143956541421,2571,59.721254355400696,2054,43.01570680628272,2306,46.95581347994298,6,-12.765440875457713,São José da Bela Vista,336021818.0,44062.66,7626.0,1313,1734,2476,2605,Ribeirão Preto,1171.92,1438,33.61383824216924,2211,47.940156114483955,Jair → PT
2261,2333,2339,2250,2545,2300,4255,2576,2731,2741,2771,2842,2851,2575,2,35,4.759901778719595,144,78,3584,14,7,758,1465,3549607,950,37.32809430255403,1273,55.34782608695652,1056,37.15693173821253,1208,42.37109786039986,4,-12.976728226556666,São José do Barreiro,80553126.0,20906.6,3853.0,449,1027,1572,1643,São José dos Campos,1251.77,951,34.695366654505655,1306,47.13099963911945,Jair → PT
21547,22636,23480,24902,27780,27035,40617,24159,25472,26392,28249,29584,30119,24320,116,1831,0.20686525228632036,2580,705,39280,294,93,7317,10162,3549706,17017,61.25629949604032,20490,75.7906417606806,16813,56.83139534883721,19222,63.82017995285368,83,-11.970461807826922,São José do Rio Pardo,2876972561.0,55109.14,52205.0,2850,6545,9972,10897,Campinas,1547.43,13130,49.74992421946044,18087,64.02704520514,Jair → Jair
191859,203834,203718,214816,232113,226386,351410,223019,232421,239043,248003,256737,259690,226789,1126,17235,0.46101655068629555,20366,9554,343640,1951,1682,53288,78511,3549805,148364,63.91886710352286,177175,78.2623483784333,156389,60.91408717870817,176282,67.88170510993878,1780,-10.380643268494524,São José do Rio Preto,26390120821.0,54934.44,480393.0,20502,49211,75320,83408,São José do Rio Preto,2410.09,129687,54.25258217140849,169492,68.34272166062507,Jair → Jair
328415,340786,342978,348251,386870,367153,606863,371252,390237,399491,409250,428018,427611,380014,963,20145,0.8718393088122411,38968,16440,539167,3379,3096,116373,149558,3549904,231492,59.837154599736344,279797,76.2071942759558,233683,54.596535659715244,267615,62.58375018416271,2409,-13.62344409179309,São José dos Campos,61394524128.0,88077.14,697054.0,41803,87356,143732,159996,São José dos Campos,2276.81,213519,53.447762277498114,259692,63.45558949297495,Jair → Jair
6524,6973,6989,7170,8041,7636,11987,7471,7828,8068,8288,8807,8795,7309,20,224,1.9801898564689964,570,239,11973,62,45,2538,3839,3549953,3801,47.270240019898026,4808,62.964903090623366,3823,43.408652208470535,4547,51.69982944855031,25,-11.265073642073055,São Lourenço da Serra,346115309.0,21542.0,16067.0,1574,2828,3969,4248,São Paulo,1374.59,2408,29.846306395637086,4449,53.68001930501931,Jair → Jair
6014,6263,6542,6461,7154,6519,11478,6496,6926,7033,7305,7558,7560,6558,15,110,1.1877057462273086,386,259,10232,31,21,2336,3415,3550001,2954,41.291585127201564,4486,68.81423531216444,3354,44.37681926435565,3936,52.06349206349206,12,-16.75074324867238,São Luiz do Paraitinga,252579139.0,24434.47,10337.0,852,2033,3406,3624,São José dos Campos,1465.87,2372,33.7267169060145,3890,53.25119780971937,Jair → Jair
17518,17887,17758,18879,20895,20167,30992,18961,19837,19462,20777,22361,22589,18224,45,482,0.6206106026264564,1674,625,29352,112,90,5410,7772,3550100,12598,60.291935869825316,15328,76.00535528338375,12415,55.520772774026206,13999,61.97264155119748,50,-14.032713732186266,São Manuel,1889877382.0,50681.9,37289.0,2034,4839,7903,8590,Bauru,1448.66,9309,47.83167197615867,13005,62.59325215382394,Jair → Jair
14309,15143,15415,16020,17165,16448,27259,16045,17503,17215,18083,18376,18711,16341,56,311,0.8169409559296952,1279,345,24472,86,111,5307,6886,3550209,8901,51.85551995339353,11888,72.27626459143968,9754,53.08010448410971,11433,61.10309443642777,33,-11.173170155011917,São Miguel Arcanjo,1157726376.0,36134.91,32039.0,1984,4560,6723,7278,Sorocaba,1302.75,8138,47.27272727272727,11197,61.92003539235746,Jair → Jair
4839664,5155388,5546734,5840401,6361966,6118959,9697140,5532785,6020883,6321002,6553218,6892638,6869405,5741202,24733,256734,-0.8741878093178954,416204,177289,9135666,57133,64306,2804984,3565920,3550308,2835930,44.576314931579326,3694834,60.38337566896591,2618593,37.99115810231148,3191484,46.459394954876004,37048,-13.923980714089907,São Paulo,1066825104983.0,93156.23,11451999.0,1253162,2424125,3276512,3677921,São Paulo,2713.36,2057965,32.55757552362743,2987298,45.58520714555811,Jair → PT
15696,16409,16098,16652,18184,17616,28828,18153,17929,17971,18810,19688,19838,17173,158,2472,0.7957727127210461,1834,618,28603,193,81,3773,5199,3550407,12594,69.25868895732512,14483,82.21503178928248,12973,65.89292970337262,14197,71.56467385825184,81,-10.65035793103064,São Pedro,1243177030.0,32496.26,38256.0,1387,3133,5160,5641,Campinas,1747.04,11358,63.201825162762226,13611,72.36044657097288,Jair → Jair
3400,3618,3583,3694,4001,3871,6524,3759,3968,4027,4195,4268,4375,3835,2,43,0.20269027754129354,131,71,5684,19,10,1386,1751,3550506,2231,55.76105973506623,2574,66.49444587961767,2292,53.70196813495782,2540,58.05714285714286,2,-8.437303022474815,São Pedro do Turvo,393936414.0,54584.51,7217.0,978,1297,1766,1835,Marília,1416.03,1613,40.05463123913583,2444,58.25983313468415,Jair → Jair
31366,33298,35113,36511,40517,38635,60075,38006,39081,40676,42547,45136,45278,37033,127,1527,-0.03915423265355855,3142,1365,60397,394,295,12468,18613,3550605,21653,53.44176518498408,28284,73.2082308787369,21617,47.893034384969866,25488,56.292239056495426,215,-16.915991822241473,São Roque,4532567306.0,57024.9,79484.0,4200,10351,17626,19790,Sorocaba,2014.74,16236,39.91542924574688,23934,56.25308482384187,Jair → Jair
34275,36074,36622,38031,41849,39884,63184,41863,44542,45214,45859,49085,48657,42143,100,1907,0.9086232887326346,3308,1813,68216,358,583,17315,22141,3550704,20617,49.26521541733375,24898,62.42603550295858,21950,44.71834572680045,24723,50.81077748319872,217,-11.615258019759857,São Sebastião,17400619207.0,213255.95,81595.0,8528,14986,22764,23934,São José dos Campos,1607.55,17953,39.70672800460034,23718,51.719400771931355,Jair → Jair
4822,5277,5198,5356,5881,5610,9169,5398,5776,5794,5935,6295,6343,5361,10,179,2.2095110185876408,211,98,8442,21,41,1385,2238,3550803,3074,52.270022105084166,3915,69.78609625668449,3407,54.12231930103257,3811,60.08198013558253,33,-9.704116121101954,São Sebastião da Grama,481876411.0,46152.32,10441.0,747,1695,2326,2532,Campinas,1428.62,2270,39.17846047635485,3697,62.291491154170174,Jair → Jair
6744,7275,6986,7226,8227,7768,12346,7569,7895,7828,8112,8627,8541,7388,35,220,1.5114875757657629,443,177,11183,44,23,2332,3156,3550902,4895,59.49920991856084,5734,73.81565396498455,4522,52.41683087979599,5089,59.58318698044725,19,-14.232466984537297,São Simão,648091535.0,48213.92,13442.0,898,2034,3207,3452,Ribeirão Preto,1642.69,3589,45.848237097598364,4956,61.094674556213015,Jair → Jair
149591,157101,165269,171814,175336,171263,270765,169438,176918,175267,178443,191317,188857,168431,400,1542,0.2858372692561062,13357,2771,255921,1208,593,64999,81411,3551009,93536,53.34671716019528,113848,66.47553762342129,90072,47.079977210598116,102155,54.091190689251654,371,-12.384346934169635,São Vicente,7414656300.0,22474.72,329911.0,28524,57415,81780,86702,São Paulo,1451.91,77105,43.99287943537574,97032,54.37702795850776,Jair → Jair
4087,4222,4364,4412,4831,4623,7572,4940,5308,5249,5358,5603,5626,4877,2,111,1.1314715300250384,325,103,7415,16,15,1529,2326,3551108,2450,50.71413785965638,3125,67.59679861561756,2796,49.90183830091023,3120,55.45680767863491,8,-12.139990936982649,Sarapuí,270123317.0,26051.05,10369.0,869,1498,2365,2506,Sorocaba,1495.18,1912,36.42598590207658,3032,56.58827920865995,Jair → Jair
1960,2011,1972,1947,2173,2065,3396,2037,2163,2194,2261,2352,2336,2019,5,79,3.9393785632493845,76,52,3208,14,7,882,1175,3551207,828,38.10400368154625,1140,55.205811138014525,923,39.243197278911566,1030,44.092465753424655,4,-11.11334538458987,Sarutaiá,115634692.0,31218.87,3704.0,620,925,1307,1306,Marília,1165.06,678,30.9024612579763,1086,48.03184431667404,Jair → PT
1786,1749,1769,1912,2085,2015,2904,2006,2088,2132,2189,2245,2304,2001,3,48,2.4037683683569355,87,52,3013,18,16,324,697,3551306,1278,61.29496402877698,1600,79.40446650124069,1324,58.97550111358574,1515,65.75520833333333,10,-13.649258167907362,Sebastianópolis do Sul,454541519.0,145220.93,3130.0,236,415,745,789,São José do Rio Preto,1667.35,794,37.24202626641651,1492,68.15897670169026,Jair → Jair
3802,3938,3942,4162,4674,4580,6502,4888,5147,5134,5405,5713,5737,4734,15,121,0.8663757677938762,243,120,7364,18,32,2474,2805,3551405,2235,47.81771501925546,2719,59.366812227074234,2417,42.30701907929284,2710,47.237232002788915,18,-12.12958022428532,Serra Azul,269296727.0,21127.94,12746.0,1327,1861,2964,3027,Ribeirão Preto,1340.01,1945,37.88469029996104,2600,48.10360777058279,Jair → PT
18437,19160,19016,20908,22352,21907,31471,22321,23209,22841,24497,25481,25899,20903,34,521,1.6590609897659334,1218,443,33616,127,79,8034,10699,3551504,11940,53.41803865425913,14648,66.86447254302279,12388,48.61661630234292,14158,54.666203328313834,50,-12.19826921470895,Serrana,1454534798.0,33126.12,43909.0,4471,7259,11182,11741,Ribeirão Preto,1283.46,9730,42.59883542752068,13798,56.32526431807977,Jair → Jair
13233,13484,13513,14003,15237,14806,23816,15035,15314,15509,15972,16682,16729,14587,71,803,0.5141267527216797,2263,556,22314,121,84,3252,5148,3551603,10253,67.2901489794579,12094,81.68310144536,10141,60.7900731327179,11251,67.25446828860063,61,-14.42863315675936,Serra Negra,1025007433.0,34288.07,29894.0,1222,2712,4911,5478,Campinas,1836.39,7863,50.699593784254304,10824,67.76859504132231,Jair → Jair
47856,47885,51714,55151,60672,59109,88683,57930,61686,63136,67850,70833,71637,57814,142,2500,0.9532094118705743,4103,1820,93444,424,473,21740,28705,3551702,34284,56.50712025316456,41928,70.93336040196924,35479,50.08823570934452,40647,56.7402320030152,255,-14.193128398954038,Sertãozinho,9075017911.0,71520.47,126887.0,9274,17181,29007,30990,Ribeirão Preto,1797.64,28816,45.64115560060821,39145,57.693441414885775,Jair → Jair
5643,6086,6142,5996,6607,6195,10770,6476,6945,7002,7078,7442,7425,6619,1,72,0.5587132509992045,175,279,10280,56,369,1991,2805,3551801,3417,51.71787498108067,4123,66.55367231638418,4138,55.6033324375168,4441,59.81144781144781,9,-6.742224504936367,Sete Barras,461849310.0,36280.39,12730.0,1411,2072,2858,2984,Sorocaba,1004.06,2873,41.031133961725224,4273,60.37016106244702,Jair → Jair
7442,7573,7550,8162,8671,8419,12951,7514,8050,8407,8716,9114,9301,7620,4,228,2.235527976458542,380,344,11642,42,70,2013,3413,3551900,4702,54.22673278745243,6065,72.03943461218672,4875,53.48913759052008,5451,58.6066014407053,24,-13.432833171481427,Severínia,340596560.0,23366.94,14576.0,1452,2354,3630,3850,Ribeirão Preto,1360.31,3089,36.74319019864399,5303,60.84212941716384,Jair → Jair
3254,3392,3375,3359,3667,3422,6001,3490,3735,3715,3869,3989,4054,3454,2,60,2.3244865803000963,150,84,5406,11,6,1029,1710,3552007,1652,45.05044995909463,2255,65.89713617767387,1798,45.073953371772376,2168,53.47804637395165,2,-12.419089803722223,Silveiras,116266107.0,18795.04,6186.0,611,1167,1748,1886,São José dos Campos,1153.4,1343,36.1507402422611,2159,55.802532954251745,Jair → Jair
16914,17354,17644,19271,20251,20129,31201,19422,20537,20732,22214,22696,23271,19720,254,1365,0.7131800168666587,2873,917,30525,98,162,3888,5549,3552106,13791,68.10034072391487,17090,84.90237965124945,15442,68.03842086711315,17292,74.3070774784066,126,-10.59530217284285,Socorro,1449300539.0,36122.34,40122.0,1192,3039,5230,5979,Campinas,1787.74,12792,61.70171715222844,16665,75.02025749527326,Jair → Jair
295786,310769,313574,324306,361761,349793,543086,336608,354015,360380,373980,395810,396409,339432,1014,14736,-0.018542142602889555,32857,9310,529990,4294,2102,114808,145672,3552205,213685,59.06800346084846,257866,73.71959987764193,213183,53.85993279603851,242074,61.06672653749032,1168,-12.652873340151608,Sorocaba,58816286432.0,81273.66,723682.0,45277,91927,141106,154335,Sorocaba,2165.31,184101,51.08524335423719,228308,61.04818439488743,Jair → Jair
3801,4105,3962,4176,4493,4318,7064,4010,4267,4271,4524,4603,4687,3982,6,55,2.781976673444639,107,46,6048,12,7,1695,2154,3552304,2126,47.31805030046739,2579,59.726725335803614,2160,46.92591787964371,2325,49.60529123106465,1,-10.121434104738967,Sud Mennucci,302800668.0,41169.36,7355.0,1143,1739,2206,2362,Araçatuba,1361.7,1851,43.33879653476937,2370,52.38726790450929,Jair → PT
113452,117264,112291,118088,133751,129401,192700,125729,131586,132875,140728,148309,149675,122566,365,5748,0.22196134658462796,10475,4568,199749,1619,1106,49056,59767,3552403,76545,57.22947865810349,88674,68.52651834220755,75666,51.01915595142574,85776,57.30816769667613,829,-11.218350645531423,Sumaré,19026093466.0,68060.93,279545.0,27614,40727,60453,63899,Campinas,1586.3,63745,47.97365945437441,80961,57.53012904326076,Jair → Jair
117206,126024,118756,134557,151022,145361,215589,138483,149327,151846,159727,171342,170843,137829,267,4305,-0.533228173532585,11997,4825,235461,3487,1486,58611,75610,3552502,79204,52.445339089669055,98160,67.52842922104279,77397,45.17106138599993,90882,53.19620938522503,639,-14.332219835817753,Suzano,18618697595.0,60562.59,307429.0,24956,47201,73864,79961,São Paulo,1407.5,55992,36.874201493618536,84117,52.66298121169245,Jair → Jair
1742,1819,1798,1834,2032,1967,3140,1939,1994,2058,2077,2194,2170,1874,0,35,1.9382350918219942,63,40,2989,6,2,760,1093,3552551,850,41.830708661417326,1133,57.60040671072699,908,41.38559708295351,986,45.43778801843318,0,-12.162618692293812,Suzanápolis,511504073.0,150089.22,3408.0,612,834,1145,1184,São José do Rio Preto,1343.1,503,24.441205053449952,984,47.376023110255176,Jair → PT
5159,5471,5266,5866,6262,6192,9199,5676,6235,6228,6726,6831,7013,5811,16,154,1.9555395169219452,285,82,8777,21,11,1352,2059,3552601,3863,61.68955605237943,4821,77.85852713178295,4323,63.28502415458937,4729,67.43191216312563,2,-10.426614968657319,Tabapuã,397691073.0,35122.41,11323.0,714,1371,2096,2284,São José do Rio Preto,1674.01,3430,55.07385998715478,4667,69.38745168004758,Jair → Jair
6018,6220,6333,6666,7516,7379,10759,6632,7129,7470,7956,8283,8511,6798,14,251,1.3405994159275352,408,279,10728,38,67,2396,3267,3552700,3939,52.408195848855776,4951,67.09581244071012,4325,52.215380900639865,4902,57.59605216778287,25,-9.499760272927247,Tabatinga,512361457.0,34691.68,14769.0,1803,2428,3430,3609,Araraquara,1493.36,3231,43.25301204819277,4689,58.93665158371041,Jair → Jair
119149,120155,125363,134016,147593,142135,215794,139409,145455,150668,160240,168645,169492,133676,344,4153,-0.22156963796746965,8213,3518,211998,1155,990,71963,93985,3552809,58880,39.893490883713994,77834,54.76061490836177,57614,34.16288653680809,70456,41.5689236070139,655,-13.191691301347866,Taboão da Serra,12084179332.0,44176.69,273542.0,33885,64301,90000,99036,São Paulo,1740.2,47167,31.30525393580588,66255,41.34735396904643,Jair → PT
3167,3360,3339,3443,3612,3492,5822,3597,3812,3857,4012,4043,4113,3637,1,34,1.8527810684164336,111,41,5078,20,9,1486,1978,3552908,1561,43.21705426356589,1949,55.81328751431844,1806,44.669799653722485,2009,48.84512521274009,0,-6.968162301578346,Taciba,242091189.0,38672.71,6260.0,1153,1543,1995,2104,Presidente Prudente,1391.05,1404,36.40134819808141,2034,50.69790628115653,Jair → PT
5693,6076,5764,5802,6539,6192,10301,6131,6563,6449,6799,6981,7048,6036,5,105,2.5251760499599385,347,108,9268,29,27,1885,2622,3553005,3436,52.54626089616149,4314,69.67054263565892,3739,53.55966193955021,4152,58.91032917139614,1,-10.760213464262776,Taguaí,409335494.0,32310.01,12669.0,1147,1878,2828,2896,Sorocaba,1290.18,3129,48.51915025585362,4177,61.43550522135608,Jair → Jair
2643,2748,2695,2935,3154,3107,4885,3009,3179,3250,3307,3482,3518,2939,3,75,0.6180147783750911,85,80,4513,10,3,997,1540,3553104,1475,46.76601141407736,1884,60.63727067911168,1644,47.214244686961514,1858,52.814098919840816,10,-7.823171759270863,Taiaçu,155640314.0,27415.94,5677.0,886,1223,1609,1660,Ribeirão Preto,1340.52,985,30.307692307692307,1767,53.43211369821591,Jair → Jair
2658,2659,2740,2986,3191,3080,4892,3017,3135,3151,3266,3440,3449,2954,10,135,1.2483183797783397,212,110,4406,9,30,670,1052,3553203,2028,63.55374490755249,2441,79.25324675324676,2101,61.075581395348834,2295,66.54102638445926,4,-12.712220368787499,Taiúva,188353340.0,28765.02,6548.0,341,639,1068,1154,Ribeirão Preto,1644.9,1568,49.76198032370676,2214,67.7893447642376,Jair → Jair
9112,9525,10196,10172,11326,10744,17297,10052,10662,10914,11398,11964,12061,10033,70,409,0.9911132127541578,735,243,15921,60,58,3116,4770,3553302,5772,50.96238742715875,7596,70.69992553983619,5960,49.816115011701775,6894,57.15943951579471,44,-13.540486024041478,Tambaú,966714250.0,45099.8,21435.0,1376,3148,4793,5167,Campinas,1702.58,4142,37.951255268462525,6628,58.15055272854887,Jair → Jair
11953,12399,12349,13248,14011,13772,21170,13285,13916,14451,14910,15345,15515,13420,32,802,1.261722229390955,1254,538,19968,84,106,2650,4861,3553401,9130,65.1630861465991,10629,77.17833284925936,9304,60.63212772890192,10261,66.13599742184982,52,-11.04233542740954,Tanabi,1592466950.0,63030.55,25265.0,1578,3143,4984,5254,São José do Rio Preto,1480.38,6391,44.22531312711923,10049,67.39771965124078,Jair → Jair
3446,3652,3790,3784,4115,3815,6668,3801,4048,4033,4283,4361,4437,3874,6,83,1.6998136833667559,128,64,6279,24,18,1166,1657,3553500,1897,46.099635479951395,2570,67.3656618610747,2361,54.13895895436826,2645,59.612350687401396,13,-7.753311173673303,Tapiraí,223954353.0,28008.3,7996.0,608,1245,1582,1792,Sorocaba,1156.39,2006,49.73964790478552,2626,61.31216437076815,Jair → Jair
5906,5997,5997,6343,7165,6804,10497,6299,6702,6647,7079,7486,7569,6168,7,328,1.8449877830649157,383,184,9235,27,51,2399,3299,3553609,3332,46.503838101884156,4350,63.932980599647266,3362,44.910499599251935,3902,51.552384727176644,19,-12.380595872470622,Tapiratiba,358652712.0,30353.14,11816.0,1152,2454,3502,3667,Campinas,1422.36,2591,38.97999097337144,3780,53.39737251024156,Jair → Jair
1270,1324,1297,1407,1588,1497,2214,1428,1585,1561,1663,1719,1772,1424,4,35,0.9077532648576252,85,50,2274,29,7,395,670,3553658,893,56.23425692695214,1032,68.937875751503,919,53.46131471785922,1042,58.80361173814899,0,-10.134264013354013,Taquaral,92382788.0,35274.07,2619.0,256,465,698,730,Ribeirão Preto,1606.61,590,37.79628443305573,993,59.71136500300661,Jair → Jair
21170,22628,22877,23883,26379,25490,39714,23859,25491,25924,27440,28447,28990,24081,67,946,0.6181846660706327,1613,651,38678,213,164,7907,10689,3553708,15267,57.875582849994316,18278,71.70655158885837,15526,54.57869019580272,17518,60.4277337012763,73,-11.278817887582072,Taquaritinga,2307144805.0,44147.43,52260.0,3997,7212,10672,11472,Araraquara,1620.23,11857,45.737540503008795,16751,61.045918367346935,Jair → Jair
10099,10815,11140,11272,12665,11937,19489,11237,11886,12031,12762,13222,13312,11111,11,244,1.3731055254933509,601,252,18117,61,26,4756,5597,3553807,5725,45.20331622581919,7829,65.58599313060233,6397,48.38148540311602,7291,54.77013221153846,13,-10.815860919063873,Taquarituba,1279103093.0,52529.9,24350.0,3000,4108,5853,6021,Sorocaba,1515.25,5073,42.16607098329316,7165,56.14323773703181,Jair → Jair
3003,3107,3135,3138,3433,3235,5388,3194,3389,3446,3594,3691,3733,3216,5,48,3.155309448837322,202,76,5124,7,8,968,1531,3553856,1586,46.19866006408389,2255,69.7063369397218,1778,48.171227309672176,2025,54.245914813822665,5,-15.460422125899129,Taquarivaí,433013790.0,62974.66,6876.0,447,980,1621,1708,Sorocaba,1253.48,1279,37.11549622751016,2063,57.40122426265999,Jair → Jair
3322,3554,3468,3445,3862,3632,6078,3551,3789,3816,3977,4052,4125,3597,5,32,0.7855532950830906,111,55,5185,11,9,1649,2112,3553906,1544,39.97928534438115,1928,53.08370044052864,1679,41.436327739387956,1902,46.10909090909091,2,-6.9746095314377285,Tarabai,187170910.0,28636.92,6536.0,1324,1704,2154,2223,Presidente Prudente,1266.7,1387,36.34696016771488,1865,46.894644204174,Jair → PT
7088,7319,7187,7440,8159,7912,12946,7987,8284,8480,8645,8966,9038,7887,18,161,3.190389117294238,611,184,11535,32,39,1992,3094,3553955,4798,58.806226253217304,5665,71.60010111223458,5074,56.59156814633058,5515,61.02013719849524,42,-10.579963913739341,Tarumã,1153082930.0,77481.72,14882.0,1352,2247,3360,3523,Marília,1307.96,3423,40.365566037735846,5551,64.21052631578948,Jair → Jair
33384,51278,52098,53550,58594,56474,89179,56116,58752,58620,61682,63830,65092,55390,82,1304,0.5166903483987397,3205,1156,88879,468,265,14598,19982,3554003,36404,62.12922824862614,45426,80.43701526366115,38110,59.70546764844117,43669,67.0881214281325,119,-13.348893835528656,Tatuí,6784534581.0,54739.59,123942.0,4482,11048,19602,21423,Sorocaba,1558.09,31129,53.10303650631184,41700,67.60481177653124,Jair → Jair
137458,141794,146972,151120,165431,158306,251495,152445,160023,161156,168630,176267,177494,153453,532,5366,0.3005467353619764,21745,6316,239477,2418,1669,39527,56417,3554102,104822,63.36297308243316,128269,81.02598764418279,102993,58.43010886893179,117578,66.2433659729343,761,-14.782621671248492,Taubaté,22607800468.0,72754.95,310739.0,11385,30037,53433,59916,São José dos Campos,1941.51,86469,53.65546427064459,112213,66.54391270829628,Jair → Jair
2231,2353,2355,2402,2614,2527,4116,2338,2526,2540,2612,2704,2720,2314,3,47,0.7257792090802653,78,49,3464,5,12,1070,1409,3554201,1085,41.50726855394032,1323,52.35457063711911,1147,42.41863905325444,1233,45.330882352941174,16,-7.023688284177936,Tejupá,341127352.0,82657.46,4127.0,798,1204,1408,1487,Marília,1042.07,738,29.055118110236222,1203,46.05666156202144,Jair → PT
10260,10233,10767,10822,11740,11170,18861,11322,11955,11980,12562,12788,12955,11220,18,156,1.1666988548839399,379,205,17056,24,28,5371,6580,3554300,4937,42.052810902896084,5936,53.142345568487016,5329,41.67187988739443,6018,46.45310690852953,11,-6.689238659957489,Teodoro Sampaio,822760153.0,37106.4,22173.0,4023,5234,6673,6937,Presidente Prudente,1337.3,4363,36.419031719532555,5982,47.61980576341347,Jair → PT
2330,3684,3622,3944,4347,4266,6012,4043,4245,4301,4542,4780,4843,3998,6,178,1.041919259008516,606,145,6368,16,22,1489,1834,3554409,2460,56.59075224292616,3060,71.72995780590718,2508,52.46861924686193,2837,58.57939293826141,6,-13.15056486764577,Terra Roxa,237426174.0,30038.74,7904.0,827,1206,1960,2006,Ribeirão Preto,1605.47,1829,42.52499418739828,2708,59.62131219726992,Jair → Jair
17436,18178,18786,19701,21382,20681,32072,18764,20151,20513,21453,22408,22495,19437,107,892,1.2540219967566912,2042,678,29108,188,183,4443,6154,3554508,14044,65.68141427368815,16856,81.50476282578212,14031,62.61602998928954,15760,70.06001333629696,106,-11.444749489485162,Tietê,2954947719.0,78457.58,37663.0,1712,3825,6093,6735,Sorocaba,2011.6,12063,58.80661044215863,15299,71.31403533305365,Jair → Jair
1358,1517,1465,1443,1638,1540,2517,1582,1641,1664,1635,1741,1717,1529,4,35,3.240664055612257,50,16,2437,11,8,432,705,3554607,819,50.0,1040,67.53246753246754,815,46.81217690982194,921,53.64006988934187,4,-13.892397643125662,Timburi,80267648.0,32576.16,2464.0,257,500,766,796,Marília,1241.59,553,33.23317307692308,930,56.88073394495413,Jair → Jair
1428,1516,1482,1542,1628,1589,2624,1682,1786,1732,1748,1834,1836,1666,1,27,2.0462850789947424,117,27,2551,6,0,355,525,3554656,1027,63.08353808353808,1230,77.40717432347388,1137,61.99563794983642,1247,67.9193899782135,4,-9.48778434526038,Torre de Pedra,44086733.0,21547.77,2046.0,172,359,546,589,Sorocaba,1344.68,784,45.26558891454965,1223,69.96567505720824,Jair → Jair
4296,4597,4526,4767,5175,5054,8029,4971,4876,4888,5173,5390,5425,4661,3,150,1.2389890436073188,237,100,6703,34,5,998,1412,3554706,3437,66.41545893719807,4030,79.73882073605066,3520,65.3061224489796,3877,71.46543778801843,5,-8.273382948032221,Torrinha,380075254.0,40715.08,9335.0,494,1024,1465,1548,Bauru,1525.18,2913,59.5949263502455,3761,72.70442683162575,Jair → Jair
1060,1127,1100,1091,1186,1117,1983,1108,1165,1200,1154,1207,1202,1101,0,28,1.0991213373435968,16,24,1648,1,4,270,620,3554755,490,41.31534569983137,681,60.966875559534465,468,38.77381938690969,543,45.17470881863561,0,-15.792166740898857,Trabiju,66640706.00000001,39619.92,1682.0,239,436,639,659,Araraquara,1217.77,240,20.0,534,46.273830155979205,Jair → PT
16673,17463,17879,18275,19612,18775,31172,19405,20853,20821,21540,22534,22535,19924,55,735,0.2618025936750712,2059,690,29614,197,193,5520,7512,3554805,12026,61.319600244748116,14843,79.0572569906791,12947,57.45540072778912,14617,64.86354559573996,101,-14.193711394939129,Tremembé,1091770581.0,21334.89,51173.0,1684,3932,7149,7918,São José dos Campos,1946.41,11119,53.40281446616397,14028,65.12534818941504,Jair → Jair
3011,2932,2936,3160,3369,3290,4999,3170,3281,3404,3551,3621,3697,3149,3,121,1.2016638880101524,228,128,5252,10,39,866,1376,3554904,1907,56.60433363015731,2309,70.1823708206687,2000,55.23336095001381,2220,60.04868812550717,10,-10.133682695161525,Três Fronteiras,155504752.0,22854.9,6804.0,621,981,1393,1477,São José do Rio Preto,1569.16,1572,46.18096357226792,2175,61.25035201351732,Jair → Jair
3265,3346,3324,3445,3798,3674,5870,3379,3562,3536,3809,3946,4052,3283,10,150,1.6812806578278696,383,185,5554,28,24,726,1205,3554953,2572,67.71985255397577,2971,80.86554164398476,2412,61.125190065889505,2702,66.68311944718657,11,-14.182422196798186,Tuiuti,239682024.0,35361.76,6778.0,337,703,1223,1350,Campinas,1438.03,1826,51.64027149321267,2604,68.36440010501444,Jair → Jair
28418,29996,29935,31545,34221,33199,51433,31074,32916,33043,34812,35759,36312,31817,65,859,1.1164738796378089,2876,1169,47381,310,365,7294,9877,3555000,22817,66.67543321352386,26574,80.04457965601374,23255,65.03257921082805,25604,70.51112579863405,83,-9.533453857379683,Tupã,3128301710.0,48934.77,63928.0,3284,6625,9722,10708,Marília,1848.89,21876,66.2046424356142,24935,71.62759967827186,Jair → Jair
6729,7085,7151,7498,8088,7818,12748,7364,7707,7991,8170,8368,8480,7495,23,430,0.740643980508537,503,234,10816,37,49,1895,2746,3555109,4896,60.53412462908012,5779,73.91916091071886,4972,59.41682600382409,5567,65.64858490566037,26,-8.270576005058487,Tupi Paulista,446937811.0,28190.85,15854.0,1325,2039,2755,2913,Presidente Prudente,1947.45,3783,47.340758353147294,5424,66.38922888616891,Jair → Jair
1053,1033,1054,1106,1180,1147,1887,1129,1194,1188,1232,1242,1278,1142,1,43,1.077170091254601,42,35,1671,2,3,251,408,3555208,726,61.52542372881356,852,74.28073234524848,747,60.14492753623188,841,65.80594679186228,5,-8.474785553386198,Turiúba,88091265.0,48455.04,1818.0,140,295,426,437,Araçatuba,1691.07,552,46.464646464646464,824,66.88311688311688,Jair → Jair
1069,1098,1070,1180,1251,1200,1815,1153,1210,1250,1340,1361,1360,1141,2,80,0.9844161545215115,37,29,1964,9,3,468,711,3555307,604,48.28137490007994,725,60.416666666666664,562,41.29316678912564,625,45.955882352941174,1,-14.46078431372549,Turmalina,100226090.0,60051.58,1669.0,316,475,697,735,São José do Rio Preto,1793.09,429,34.32,629,46.940298507462686,Jair → PT
2435,2535,2532,2668,2981,2929,4205,2816,3035,3086,3249,3338,3417,2799,3,50,3.343961308011025,232,94,4504,30,13,940,1368,3555356,1533,51.42569607514257,1857,63.40047797883236,1619,48.502097064110245,1864,54.550775534094235,5,-8.849702444738128,Ubarana,298745870.0,55684.23,5365.0,681,1072,1541,1553,São José do Rio Preto,1156.09,1079,34.96435515230071,1881,57.89473684210526,Jair → Jair
38349,39965,40542,41453,46297,44203,70457,46246,49130,48902,50906,53447,53730,46543,218,1956,0.24412578015267172,5211,4109,78188,451,822,14706,18600,3555406,27411,59.206860055727155,32462,73.43845440354727,30761,57.554212584429436,33967,63.2179415596501,253,-10.220512843897168,Ubatuba,3506919269.0,37716.51,92981.0,5942,11741,18491,19763,São José dos Campos,1615.62,26753,54.707373931536544,32306,63.46206733980277,Jair → Jair
2548,2668,2633,2630,2938,2783,4571,2640,2817,2885,2992,3046,3109,2699,2,61,2.7931888273306953,69,39,3996,5,2,871,1206,3555505,1661,56.53505786249149,1837,66.00790513833992,1617,53.086014445174,1769,56.899324541653264,4,-9.108580596686657,Ubirajara,201026244.0,39171.13,5132.0,716,946,1303,1340,Bauru,1339.15,1241,43.015597920277294,1786,59.69251336898396,Jair → Jair
4412,4810,4764,5069,5582,5396,7990,5064,5349,5547,5874,6018,6114,5145,23,249,2.8294712348256823,251,119,8308,30,26,1292,2105,3555604,3278,58.72447151558581,3927,72.7761304670126,3316,55.10136257892988,3750,61.33464180569185,11,-11.441488661320754,Uchoa,521823515.0,50204.3,10394.0,855,1469,2268,2364,São José do Rio Preto,1575.95,2524,45.502073192716786,3769,64.16411304051753,Jair → Jair
919,967,933,1018,1104,1073,1614,1072,1115,1135,1133,1192,1182,1072,2,26,2.131337523876091,68,37,1705,6,3,211,458,3555703,588,53.26086956521739,705,65.70363466915191,623,52.26510067114094,679,57.445008460236885,0,-8.258626208915025,União Paulista,72243943.0,45067.96,1603.0,289,368,512,503,São José do Rio Preto,1330.0,405,35.68281938325991,675,59.576345984112976,Jair → Jair
3811,3544,3903,4224,4539,4480,6408,4338,4455,4709,5000,5153,5264,4336,7,378,0.8510942249240117,352,180,6908,25,22,1263,1803,3555802,2690,59.26415510024234,3218,71.83035714285714,3002,58.25732582961382,3321,63.088905775075986,4,-8.741451367781153,Urânia,366620323.0,41505.75,8833.0,796,1262,1845,1943,São José do Rio Preto,1502.78,2415,51.284773837332764,3197,63.94,Jair → Jair
931,953,914,950,1029,990,1556,1054,1112,1103,1087,1143,1125,1061,0,26,2.1981805172237614,54,34,1623,1,9,214,351,3555901,698,67.83284742468416,767,77.47474747474747,700,61.24234470691164,737,65.5111111111111,1,-11.963636363636368,Uru,66749681.0,48125.22,1387.0,140,223,364,388,Bauru,1489.99,492,44.60562103354488,736,67.70929162833487,Jair → Jair
5860,6079,6097,6861,7258,7239,10474,6708,7318,7207,7801,7939,8208,6775,42,195,0.658243007781536,590,165,10647,45,63,1686,2242,3556008,4471,61.600992008817855,5667,78.28429341069209,5192,65.39866481924676,5795,70.60185185185185,12,-7.682441558840239,Urupês,647135023.0,47084.91,13744.0,865,1572,2309,2413,São José do Rio Preto,1630.42,4298,59.63646454835577,5559,71.26009485963338,Jair → Jair
5335,5537,5567,6138,6456,6387,9546,6438,6746,6968,7452,7585,7782,6483,30,296,2.2426128093610416,503,241,10162,59,28,1676,2540,3556107,3833,59.37112763320942,4771,74.69860654454361,4349,57.336849044166115,4955,63.672577743510665,31,-11.026028801032943,Valentim Gentil,565653229.0,40122.94,14098.0,973,1616,2754,2827,São José do Rio Preto,1475.19,3383,48.55051664753157,4912,65.9151905528717,Jair → Jair
51475,54004,56602,59450,64855,62986,98084,59135,63028,65353,69357,71516,72293,61498,288,5254,0.08117301992211878,7952,3194,94825,798,989,17617,24599,3556206,40645,62.67057281628248,48664,77.26161369193154,40503,56.63487890821634,46594,64.45160665624611,702,-12.81000703568543,Valinhos,10200700888.0,80718.99,126373.0,5973,14322,22190,25699,Campinas,3127.28,34617,52.96925925359203,44758,64.53277967616823,Jair → Jair
8952,9347,9429,9898,10671,10520,16295,10470,10848,11065,11765,11914,12248,10406,21,321,1.0727872724148568,940,301,15975,100,36,3539,4521,3556305,6360,59.60078718020804,7449,70.80798479087453,6770,56.823904649991604,7410,60.49967341606793,8,-10.3083113748066,Valparaíso,1426927115.0,58864.2,24241.0,2379,3071,4517,4838,Araçatuba,1439.26,5745,51.92046995029372,7244,61.572460688482785,Jair → Jair
3729,3847,3821,4001,4630,4461,6622,3726,3978,3931,4304,4605,4732,3561,3,165,0.786977534904338,623,215,6581,55,23,924,1506,3556354,3043,65.72354211663067,3589,80.45281327056713,2736,59.413680781758956,3039,64.22231614539307,13,-16.230497125174068,Vargem,222012401.0,21119.9,10512.0,454,872,1539,1693,Campinas,1452.82,1949,49.58025947596032,2798,65.0092936802974,Jair → Jair
16586,17747,18049,18954,21162,20445,31528,18898,20176,20340,21709,22772,23167,18543,139,834,1.4688272133462021,1659,632,30462,160,131,4614,7113,3556404,12435,58.76098667422739,16342,79.93152359990218,13351,58.62901809239417,15236,65.76596020201148,122,-14.165563397890693,Vargem Grande do Sul,1431641524.0,35672.43,40133.0,1814,4103,7324,7931,Campinas,1350.12,9436,46.3913470993117,14596,67.23478741535769,Jair → Jair
21074,22320,23566,24608,27291,26026,40400,24853,27731,27634,28966,30984,30862,25081,71,726,0.29497308107252707,1876,736,43034,258,272,10090,13245,3556453,13392,49.07112234802682,17252,66.2875585952509,14077,45.433126775109734,16659,53.97900330503532,122,-12.30855529021558,Vargem Grande Paulista,3524292853.0,69905.64,50415.0,4759,8774,13049,14203,São Paulo,1929.62,11122,40.247521169573716,15721,54.27397638610785,Jair → Jair
44401,43734,46662,49403,56665,55256,79488,52499,54837,56751,59039,63654,63876,52100,169,2224,0.03410613254664696,5035,2005,84770,711,445,19073,24353,3556503,33243,58.665843113032736,39776,71.98494281164037,32646,51.286643415967575,37506,58.71688897238399,258,-13.268053839256375,Várzea Paulista,4736061572.0,40908.88,115771.0,9716,15480,25023,26370,Campinas,1446.57,25201,44.406265968881605,34686,58.75099510493064,Jair → Jair
4968,5210,5202,5274,5771,5508,8964,5267,5499,5592,5827,6009,6077,5284,7,115,1.157769383637067,427,103,7893,36,10,1601,2136,3556602,3489,60.457459712354876,4082,74.11038489469863,3422,56.94791146613413,3779,62.18528879381274,9,-11.925096100885888,Vera Cruz,302804606.0,29756.74,10176.0,777,1426,2141,2298,Marília,1513.7,2926,52.32474964234621,3691,63.343058177449805,Jair → Jair
36416,37724,38653,40427,44173,42817,68427,41048,42982,44084,46380,48266,48663,41717,208,3909,0.7301948807091208,5756,2318,65754,488,625,10778,14925,3556701,28812,65.22536391008082,34113,79.6716257561249,28569,59.19073467865578,32648,67.08998623183939,578,-12.581639524285507,Vinhedo,14699664334.0,192052.06,76540.0,3617,8704,13899,16015,Campinas,3247.77,24683,55.990835677343256,31455,67.82018111254851,Jair → Jair
7562,8237,7896,8608,9361,9302,13364,8824,9227,9164,9807,10188,10416,8612,27,536,1.2258360552205971,855,700,13110,28,58,2253,3258,3556800,6206,66.29633586155326,7182,77.20920232208127,6252,61.36631330977621,6828,65.55299539170507,14,-11.6562069303762,Viradouro,563835943.0,32378.31,17414.0,1331,2120,3366,3588,Ribeirão Preto,1399.34,4878,53.23003055434308,6549,66.77883144692566,Jair → Jair
3081,3225,3164,3396,3805,3756,5177,3881,4063,4112,4353,4541,4656,3794,15,110,1.7394834940235597,227,93,5995,35,26,1256,1681,3556909,2231,58.633377135348226,2656,70.71352502662407,2491,54.8557586434706,2777,59.643470790378004,1,-11.070054236246065,Vista Alegre do Alto,705941182.0,87056.5,8109.0,753,1100,1777,1879,São José do Rio Preto,1473.26,1877,45.64688715953307,2672,61.38295428440156,Jair → Jair
1014,989,1017,1111,1169,1158,1719,1108,1138,1203,1259,1273,1313,1081,1,66,1.8014998787103025,81,34,1673,1,4,326,521,3556958,628,53.72112917023097,753,65.02590673575129,662,52.00314218381775,746,56.816450875856816,0,-8.209455859894476,Vitória Brasil,64481075.0,35942.63,1794.0,283,405,547,567,São José do Rio Preto,1415.49,443,36.82460515378221,738,58.61795075456712,Jair → Jair
51182,54814,54858,57217,64045,62275,94275,57159,61420,62294,64972,68763,69266,58480,134,2609,-0.11289018358230152,6587,1753,92559,862,429,21020,25559,3557006,38441,60.02185962994769,46025,73.90606182256123,37026,53.84581824527726,42096,60.77440591343516,237,-13.131655909126067,Votorantim,5209654121.0,40724.92,127923.0,9646,16250,25473,27170,Sorocaba,1837.4,30873,49.560150255241275,39413,60.66151572985286,Jair → Jair
41909,42293,42448,44187,47765,46616,74287,46810,47064,48970,51404,52435,53561,46318,179,2352,0.39470754218319826,3580,2179,69073,258,193,10808,16124,3557105,30292,63.41882131267665,36114,77.47125450489102,32545,62.06732144559931,36549,68.23808368028976,193,-9.23317082460126,Votuporanga,4582202643.0,47418.12,96634.0,5306,10502,15581,17012,São José do Rio Preto,1789.36,26551,54.21890953645089,35280,68.63279122247296,Jair → Jair
1439,1452,1428,1495,1659,1589,2278,1594,1677,1715,1770,1814,1836,1608,3,52,2.040545031571952,81,56,2572,8,5,437,658,3557154,1033,62.2664255575648,1132,71.23977344241662,1034,57.001102535832416,1116,60.78431372549019,2,-10.455459716926427,Zacarias,177562313.0,65959.25,2692.0,327,457,687,720,Araçatuba,1437.75,635,37.02623906705539,1112,62.824858757062145,Jair → Jair
5719,5912,5796,5866,6620,6289,10209,5997,6303,6355,6550,6941,6960,5981,3,126,1.5384311660963448,196,90,8679,26,10,1842,2491,3557204,3793,57.29607250755287,4551,72.36444585784703,3798,54.718340296787204,4206,60.43103448275862,9,-11.933411375088411,Chavantes,477220027.0,39081.16,12211.0,1067,1738,2625,2754,Marília,1348.48,3192,50.22816679779701,4059,61.969465648854964,Jair → Jair
5297,5549,5528,5688,6261,6057,9587,6383,6769,6556,6781,7222,7202,6205,11,535,0.9831282426136312,518,175,9491,60,50,1549,2242,3557303,3999,63.87158600862482,4662,76.96879643387815,4278,59.23566878980892,4750,65.95390169397389,17,-11.014894739904264,Estiva Gerbi,532211875.0,47119.25,11295.0,835,1395,2378,2452,Campinas,1645.48,3278,50.0,4539,66.93702993658752,Jair → Jair
